t_s,i_A,omega_rad_s,Vdc_V,Wsource_J,Wline_J,Wload_J,Wchopper_J,Wconverter_J,Wcopper_J,Wviscous_J,Wcoulomb_J,Wfess_J,Wcharge_J,Wreturn_J,Wtraction_J,Wregen_J,Qcurrent_As,Wchannel_J,Wdiode_J,Wtransition_J,Woss_J,Wgate_J,Wterminal_J,Wem_J,Pload_W,iref_A,Preq_W,Ptarget_W,high_block,low_block,gate_blocked,duty,integrator_V,cycle_mean_i_A,rpm,Erot_J,Emag_J,Ecap_J,residual_J,restore_active,connected,speed_integrator_A,recovery_credit_J,credited_J,spent_J,leaked_J,initial_bus_V
0,0,314.15926535897898,57,0,0,0,0,0,0,0,0,0,0,0,0,0,0,0,0,0,0,0,0,0,25.7085357183384,0,0,0,0,0,0,0.27557830294647301,0,0,3000,32076.214303540401,0,129.96000000000001,0,0,1,0,0,0,0,0,57
0.01,-4.0881220984532299e-05,314.15086178098898,56.950723616385602,0.032646228683110901,1.9252186012919699e-05,0.25708535718338399,0,0.000143344035544504,1.37758454560794e-06,1.48040105944325,0.23561629766595399,0.00014480211595136301,0.00093667441563227705,0.00079187229968091398,0.25708535718338399,0,5.12357723490404e-09,3.3244596493197402e-08,1.17032477831848e-05,1.1607543164825499e-05,0,0.00012,1.45808040685903e-06,8.0484162331489997e-08,25.7085357183384,0,0,0,0,0,0,0.27580984526575503,-5.2795511732180001e-06,-1.42691641690106e-06,2999.91975174139,32074.498286264799,1.1698919604303199e-11,129.735396817197,9.8901575817933504e-10,0,1,0,-2.3002906177647699e-07,0,2.3002906177647699e-07,0,57
0.02,-4.0139939176800399e-05,314.14245839575398,56.913361497401503,0.119815817695236,0.000127076776942029,0.51417071436677197,0,0.00028667287523797798,2.7543459845379502e-06,2.9607229200489602,0.47122629272007799,0.00028934919526896002,0.0018729557014208901,0.00158360650615193,0.51417071436677197,0,-4.96859623924436e-09,6.6468723480874103e-08,2.3403567837363301e-05,2.3202838677134199e-05,0,0.000239999999999998,2.6763200309819201e-06,-7.8037232059021104e-08,25.7085357183384,0,0,0,0,0,0,0.27598340305177299,5.1198521855873898e-06,-6.6576431226267103e-07,2999.8395053234599,32072.782354251602,1.12785030198206e-11,129.565228677356,2.0172583603539401e-09,0,1,0,-3.8855045616698501e-07,0,3.8855045616698501e-07,0,57
0.029999999999999999,-3.97266700229749e-05,314.134055204888,56.885032876102997,0.24832595775180799,0.000357298596070026,0.77125607155015596,0,0.000429990023044854,4.1304605525390896e-06,4.4409655857678798,0.70682998530818497,0.00043397499280791,0.00280906266659631,0.0023750876737884002,0.77125607155015596,0,-9.2638041344592308e-09,9.9676691692927999e-08,3.51015764453138e-05,3.4788769907847002e-05,0,0.00036000000000000002,3.9849697630562596e-06,-1.45501836940993e-07,25.7085357183384,0,0,0,0,0,0,0.27611336273369003,9.5458164763006901e-06,-2.37825258701655e-07,2999.7592607616102,32071.066507826901,1.1047458177800399e-11,129.43627861261299,3.0449687216105299e-09,0,1,0,-4.5601506104895602e-07,0,4.5601506104895602e-07,0,57
0.10000000000000001,-3.9364557332686998e-05,314.07523830010001,56.679916985557099,2.2358731994319898,0.0087349279217239992,3.6811722865798702,0,0.00143290148940325,1.37461277653881e-05,14.800447120503,2.3558793766006199,0.0014464053447527201,0.0093561370349185893,0.0079097316901658599,3.6811722865798702,0,-1.54255654139912e-08,3.3170520999805499e-07,0.00011692622233282299,0.000115643561860422,0,0.0011999999999999799,1.35038553494779e-05,-2.42283262888776e-07,48.557249311469597,0,0,0,0,0,0,0.27706061467116599,1.5895156498116799e-05,2.2719643497004199e-07,2999.1976006935602,32059.057976811098,1.0846978617988799e-11,128.504519579586,1.00500159305739e-08,0,1,0,-6.1928154196617205e-07,0,6.1928154196617205e-07,0,57
0.20000000000000001,-3.9526659669639898e-05,313.99123063103099,56.406786864352902,8.0656616403092496,0.057183603151847499,10.696561889796101,0,0.00286477985766458,2.74351595861683e-05,29.5929779088478,4.7111286229751199,0.0028919729397766198,0.018692711632061799,0.0158007386922852,10.696561889796101,0,-1.5412924890748499e-08,6.6198782188998996e-07,0.00023364693528485299,0.000230470934557838,0,0.0023999999999997899,2.71930821120432e-05,-2.4208841062296602e-07,82.883435022554906,-0,-7.4570508517643903,-0,0,0,0,0.27832772782249099,1.58821311671311e-05,2.0167287736714801e-07,2998.3953865461599,32041.910196786499,1.09364977724768e-11,127.269024174422,2.0013068535717999e-08,0,1,0,-7.5447978190326404e-07,0,7.5447978190326404e-07,0,57
0.29999999999999999,-3.9687271449859201e-05,313.90724234605102,56.134027421364401,17.315391177334298,0.177070721817468,21.0528225774551,0,0.0042956808882768397,4.1069296377116902e-05,44.377596308656003,7.0657478845249999,0.0043364963618441003,0.028010254667037399,0.023673758305193301,21.0528225774551,0,-1.6161057666093799e-08,9.9090367646696493e-07,0.00035016890280072799,0.00034452108179964001,0,0.00359999999999961,4.0815473567279502e-05,-2.53833835394108e-07,117.284766667621,-0,-29.277806290847401,-0,0,0,0,0.27960535560026401,1.6653038892477598e-05,1.7874757505416199e-07,2997.59335750317,32024.7709591233,1.10255566059436e-11,126.04116138169999,2.9868928663745497e-08,0,1,0,-8.9695533388064895e-07,0,8.9695533388064895e-07,0,57
0.40000000000000002,-3.9855990453502299e-05,313.82327344074298,55.858570374905298,30.012541032083998,0.40178207844627301,34.7577836036034,0,0.0057255953703640597,5.4647807892791098e-05,59.154306261615403,9.4197373066143708,0.0057799769044374703,0.037308527636981899,0.0315285507325445,34.7577836036034,0,-1.69544919759285e-08,1.3184351724168999e-06,0.00046648862038401801,0.00045778831480762299,0,0.0047999999999994202,5.4381534073433902e-05,-2.6628493885696699e-07,151.77407773847401,-0,-51.314370007579001,-0,0,0,0,0.28090904594441302,1.7470627239311201e-05,1.50532636324643e-07,2996.7915135224298,32007.6402597456,1.1119499825207701e-11,124.80719537313,3.9693603071100403e-08,0,1,0,-1.04184058003764e-06,0,1.04184058003764e-06,0,57
0.5,-4.0036746340676999e-05,313.739323910645,55.580078256097103,46.199617142398999,0.76614107389291097,51.820449708518602,0,0.0071545098746608202,6.8169726197897705e-05,73.923111707530694,11.773097034574,0.0072224018328268897,0.046587212466187702,0.039364810633360801,51.820449708518602,0,-1.7687272808530101e-08,1.64455879782804e-06,0.00058260169687221702,0.00057026361899076804,0,0.0059999999999992299,6.7891958166121103e-05,-2.7777925236424003e-07,186.364201726961,-0,-73.593739512228396,-0,0,0,0,0.28224108941413201,1.8225715672080001e-05,1.1334432148566399e-07,2995.98985456131,31990.5180945703,1.1220587402833999e-11,123.565803958155,4.9775493948800398e-08,0,1,0,-1.18864419202828e-06,0,1.18864419202828e-06,0,57
0.59999999999999998,-4.0231679006706697e-05,313.65539375128799,55.298383305298898,65.922501017237195,1.3063882951673,72.251001118712296,0,0.0085824099294369103,8.1634014569190294e-05,88.684016584321199,14.1258272137012,0.0086637561673536898,0.055845967684809802,0.047182211517456003,72.251001118712296,0,-1.8325627050608599e-08,1.96924935878065e-06,0.00069850344084575796,0.00068193723923236002,0,0.0071999999999990396,8.1346237916829701e-05,-2.8778798247709702e-07,221.067972124845,-0,-96.129335576088707,-0,0,0,0,0.28360299426750502,1.8883502943194899e-05,6.52035134380102e-08,2995.1883805771399,31973.404459514499,1.13301159698908e-11,122.31644784719001,5.9924943229816603e-08,0,1,0,-1.3374373386266801e-06,0,1.3374373386266801e-06,0,57
0.69999999999999996,-4.0443089681509898e-05,313.57148295820298,55.013324218817203,89.229822938665507,2.0602917035486898,96.060793546937205,0,0.010009280180854899,9.5039574932560404e-05,103.437024828023,16.477927989259602,0.010104023993731099,0.065084431134262197,0.054980407140530999,96.060793546937205,0,-1.88351822686003e-08,2.2924801687057501e-06,0.00081418888114531598,0.00079279881954079595,0,0.0083999999999988494,9.4743812876297006e-05,-2.9577350576865198e-07,255.89822242409201,-0,-118.93406249462799,-0,0,0,0,0.28499629296110501,1.9408570240051499e-05,3.9715131249413701e-09,2994.38709152724,31956.299350497098,1.14495045209065e-11,121.05863366418799,6.9787205347893204e-08,0,1,0,-1.4883321474507601e-06,0,1.4883321474507601e-06,0,57
0.80000000000000004,-4.0673652912388802e-05,313.48759152692702,54.724735230944397,116.17304886764499,3.0672816430668699,123.26235819218,0,0.011435104356566901,0.000108385244609238,118.182140372788,18.829399506479501,0.0115431885188996,0.074302218826182403,0.062759030307282401,123.26235819218,0,-1.9174871846149201e-08,2.61422297095075e-06,0.00092965274914339304,0.00090283738445250496,0,0.0095999999999986704,0.000108084162332734,-3.0109385692618798e-07,290.86778611648202,-0,-142.021181524452,-0,0,0,0,0.28642260090500998,1.9758600780327301e-05,-7.2853918918197802e-08,2993.5859873690001,31939.2027634398,1.1580422288662301e-11,119.791865843878,7.9764419069761101e-08,0,1,0,-1.64000780071842e-06,0,1.64000780071842e-06,0,57
0.90000000000000002,-4.0536282300721698e-05,313.403719454076,54.543328695085798,146.42969841956401,4.3359134756045297,153.041815174909,0,0.012859970103153699,0.000121675630348471,132.919367150917,21.180241910560198,0.012981563435638501,0.083500854425246102,0.070519290989607394,153.041815174909,0,-5.2144648778724898e-09,2.9345932732004202e-06,0.0010449107582133201,0.0010121247516671,0,0.0107999999999985,0.000121593332484899,-8.2309365904132298e-08,299.99999999989001,-0,-156.533704393134,-0,0,0,0,0.28729797188474299,5.3732056532941904e-06,1.5899083129370999e-07,2992.7850680701099,31922.114694486001,1.15023312793466e-11,118.99898820560701,8.94019649422262e-08,0,1,0,-1.66649086120818e-06,0,1.66649086120818e-06,0,57
0.96999999999999997,-4.0663367277163401e-05,313.345020518002,54.526938728827602,168.306131801693,5.2828466058443304,174.04181517488999,0,0.013857159790605301,0.000130965603583181,143.230734184303,22.825457348838601,0.013988135449102801,0.089934506620316407,0.075946371171213195,174.04181517488999,0,6.7948083591936897e-10,3.1585245627389099e-06,0.00112553996089899,0.00108846130514355,0,0.011639999999998299,0.000130975658497618,1.00433398700546e-08,299.99999999988597,-0,-157.84490169378901,-0,0,0,0,0.28733044464956797,-7.0016585678041995e-07,3.3942482468577298e-08,2992.22453452028,31910.158112113699,1.1574566068222401e-11,118.92748188549299,9.6381484127050499e-08,0,1,0,-1.66649086120818e-06,0,1.66649086120818e-06,0,57
0.97999999999999998,-4.0670164772105298e-05,313.336635729688,54.526231658688403,171.43914365658199,5.41879900680894,177.04181517488701,0,0.013999611773969399,0.000132292452314451,144.70347130277901,23.0604629699193,0.0141319189901067,0.090853423169715494,0.076721504179608296,177.04181517488701,0,9.8004186392121193e-10,3.19050774714298e-06,0.0011370571617767701,0.0010993641044454701,0,0.0117599999999983,0.00013230721613742601,1.47522445380521e-08,299.99999999988597,-0,-157.901467304926,-0,0,0,0,0.28732647928728,-1.0098766809289399e-06,2.6497070734324501e-08,2992.1444656898698,31908.4503693798,1.1578436118131401e-11,118.924397555878,9.7306838142685605e-08,0,1,0,-1.66649086120818e-06,0,1.66649086120818e-06,0,57
0.98999999999999999,-4.0675298991894197e-05,313.32825113486399,54.525689279659098,174.57294222512999,5.5548196925086399,180.04181517488499,0,0.0141420631599427,0.00013361924651291701,146.17612960432399,23.2954623024814,0.014275700840586599,0.091772301735239994,0.077496600894652906,180.04181517488499,0,1.21431720438332e-09,3.2224896309505399e-06,0.00114857411430611,0.00111026655600553,0,0.0118799999999983,0.00013363768064410801,1.8422549830584101e-08,299.99999999988597,-0,-157.94485762726799,-0,0,0,0,0.28732164675695898,-1.25128392276121e-06,2.0620607185663902e-08,2992.0643987071398,31906.742711750601,1.15813596365599e-11,118.922031656877,9.8501686807139803e-08,0,1,0,-1.66649086120818e-06,0,1.66649086120818e-06,0,57
1,-4.0679096636166098e-05,313.319866733521,54.525273231727098,177.70734426568001,5.6908927697236704,183.041815174882,0,0.0142845139995069,0.00013494598901633899,147.648709092865,23.5304553466699,0.014419481275525701,0.092691143313629404,0.078271662038103304,183.041815174882,0,1.3964205329735701e-09,3.25447028482229e-06,0.0011600908288378899,0.00112116870038408,0,0.0119999999999983,0.00013496727601900501,2.1275419142365501e-08,299.99999999988103,-0,-157.978141461836,-0,0,0,0,0.287316149071698,-1.4389309119694399e-06,1.6009167545391199e-08,2991.9843335720302,31905.0351392212,1.1583522321941801e-11,118.92021683978,9.9013220733468201e-08,0,1,0,-1.66649086120818e-06,0,1.66649086120818e-06,0,57
1.01,-4.0681833611118399e-05,313.31148252566197,54.524954089772798,180.84220921737901,5.8270060422855599,186.04181517488499,0,0.0144269643317676,0.000136272682001441,149.121209772334,23.765442102630502,0.0145632605132207,0.093609948673361906,0.079046688160140904,186.04181517488499,0,1.53764846661498e-09,3.2864497629566101e-06,0.0011716073133118401,0.00113207056869275,0,0.012119999999998301,0.000136296181453188,2.3487866665219101e-08,299.99999999988103,-0,-158.00367281817299,-0,0,0,0,0.28731014120070197,-1.58445816149896e-06,1.24025043227711e-08,2991.90427028454,31903.327651789099,1.1585081101739e-11,118.918824739673,1.0016472629104101e-07,0,1,0,-1.66649086120818e-06,0,1.66649086120818e-06,0,57
1.02,-4.0683730407203202e-05,313.30309851128197,54.524709282419202,183.97742925886399,5.9631501519325001,189.041815174888,0,0.014569414186719001,0.00013759932713789099,150.59363164665299,24.000422570507801,0.0147070387258364,0.094528718406492795,0.079821679680656205,189.041815174888,0,1.6469677160902001e-09,3.31842810692592e-06,0.0011831235738165001,0.00114297218479548,0,0.012239999999998301,0.00013762453911759099,2.52003935378895e-08,299.99999999988103,-0,-158.02325740646401,-0,0,0,0,0.28730374201780401,-1.6971053502424801e-06,9.5946761505825992e-09,2991.82420884466,31901.620249450301,1.1586161438921899e-11,118.917756893293,1.01834473298368e-07,0,1,0,-1.66649086120818e-06,0,1.66649086120818e-06,0,57
1.03,-4.0684971836176697e-05,313.294714690376,54.524521495637103,187.11292168256,6.0993179184663697,192.04181517489101,0,0.0147118635873674,0.00013892592570641501,152.06597471975201,24.2353967504468,0.0148508160485276,0.095447452968934907,0.080596636920407194,192.04181517489101,0,1.73145398180291e-09,3.3504053486173702e-06,0.0011946396150219001,0.00115387356699678,0,0.012359999999998201,0.00013895246116031701,2.6523867033339601e-08,299.99999999986699,-0,-158.03828034903,-0,0,0,0,0.28729704271405299,-1.78416357983754e-06,7.4091722067573003e-09,2991.7441492522998,31899.912932200299,1.1586868533173401e-11,118.916937773128,1.03481085034218e-07,0,1,0,-1.66649086120818e-06,0,1.66649086120818e-06,0,57
1.1000000000000001,-4.0684132740543403e-05,313.236033360889,54.5239997006016,209.065155361091,7.0528212132129404,213.04181517491099,0,0.015708997739323698,0.00014821087124401201,162.370170127097,25.880039959937601,0.015857238878555301,0.101877631436331,0.086020392557776104,213.04181517491099,0,1.9697460816826302e-09,3.5742166570164898e-06,0.0012752459797797299,0.00123017754288691,0,0.0131999999999981,0.000148241139231708,3.0256401304562199e-08,299.99999999988501,-0,-158.08002395187501,-0,0,0,0,0.28724597786608203,-2.0297098608456701e-06,1.1891326515784501e-09,2991.1837838329998,31887.964093590701,1.15863905979511e-11,118.914661734048,1.07038403029946e-07,0,1,0,-1.66649086120818e-06,0,1.66649086120818e-06,0,57
1.2,-4.0674781490220698e-05,313.15221933215599,54.523909874651501,240.428620878526,8.4152408383628803,243.04181517494101,0,0.0171334420494338,0.00016147143090495299,177.083754180189,28.228995895452901,0.017294944403239702,0.11106072280240099,0.093765778399161198,243.04181517494101,0,2.01156576624997e-09,3.8938611221491603e-06,0.00139038041785474,0.00133916777045696,0,0.014399999999997901,0.000161502353805948,3.0911319928942797e-08,299.99999999969799,-0,-158.087210027878,-0,0,0,0,0.28716959087959998,-2.0728026365760799e-06,8.5153986133587496e-11,2990.3834188146002,31870.901553612701,1.1581064944940401e-11,118.91426992076499,1.16989468779138e-07,0,1,0,-1.66649086120818e-06,0,1.66649086120818e-06,0,57
1.3,-4.0664356821953199e-05,313.068424642889,54.523903542097599,271.79248519158102,9.7776951107259293,273.04181517500302,0,0.018557848386791399,0.000174727749458962,191.789465176893,30.5773232982785,0.018732607107516199,0.12024044762854499,0.101507840521029,273.04181517500302,0,2.0146553007951099e-09,4.2134057076147501e-06,0.0015054944371915399,0.00144814054389238,0,0.015599999999997701,0.000174758720724716,3.0959690623034999e-08,299.99999999969498,-0,-158.08771663218801,-0,0,0,0,0.28709278204648803,-2.07598622393793e-06,9.7635693178946205e-12,2989.5832384744999,31853.847515223599,1.1575129410201899e-11,118.914242298719,1.2741136856675399e-07,0,1,0,-1.66649086120818e-06,0,1.66649086120818e-06,0,57
1.3999999999999999,-4.0653863921828002e-05,312.98464928862802,54.523903098809697,303.15637759111399,11.1401518232569,303.04181517508903,0,0.019982216849561901,0.00018797983276412999,206.48730704007701,32.925022313443598,0.020170227658816799,0.12941680896802901,0.109246581309213,303.04181517508903,0,2.0149895108558602e-09,4.5328505585850904e-06,0.0016205880560561301,0.0015570959429472399,0,0.016799999999997501,0.00018801080925491201,3.0964921624497398e-08,299.999999999696,-0,-158.08775209522699,-0,0,0,0,0.28701595994923101,-2.0763306081518099e-06,7.4866383471610604e-13,2988.7832427701101,31836.8019743558,1.15691565624216e-11,118.914240365135,1.3800362808069601e-07,0,1,0,-1.66649088998069e-06,0,1.66649088998069e-06,0,57
1.5,-4.00777739672092e-05,312.90089327133501,55.021649280600101,333.58568119530503,12.427180349305001,330.00161587689303,0,0.021406806519614401,0.0002012420249244,221.17728369084699,35.272093085952797,0.021609386883611699,0.13859493009159901,0.116985543207988,330.00161587689303,0,8.5574975318894497e-08,4.8525529932356598e-06,0.0017357134317379599,0.0016662405348832001,0,0.0179999999999974,0.000202580363997322,1.3383278293263201e-06,185.320480133541,-0,-118.268057551994,-0,0,0,0,0.28434171257726698,-8.8180082124093102e-05,2.84700256453945e-07,2987.9834317201598,31819.764928249901,1.1243595763167001e-11,121.09527558229399,1.4799297787249099e-07,0,1,0,-1.6664909680218599e-06,0,1.6664909680218599e-06,0,57
1.6000000000000001,-4.0691886938722798e-05,312.81715657119901,56.601310232262897,345.494198492583,12.6763363976749,334.606477229083,0,0.022836456726673501,0.00021477834302011499,235.859399048933,37.618535760817302,0.023052065522150299,0.14785509803753299,0.12480303251538299,334.606477229083,0,5.3094742160453501e-08,5.1791076846260798e-06,0.0018518172604838499,0.0017794603585049901,0,0.019199999999997198,0.00021560879547687,8.3044086594521596e-07,34.337128186207998,0,0,0,0,0,0,0.27633336824265498,-5.47110730282922e-05,-1.2119526805482301e-06,2987.1838051354598,31802.736369719201,1.15908076384366e-11,128.14833280035501,1.58148452555906e-07,0,1,0,-3.49246333734952e-06,0,3.49246333734952e-06,0,57
1.7,-3.9510331435954602e-05,312.73343919155599,56.719549040397901,349.48763185304603,12.698655322747999,338.04019004768799,0,0.0242682296669752,0.000228426470534947,250.53365703015999,39.964350482853,0.024496748794538,0.15714761835744401,0.132650869562907,338.04019004768799,0,5.9197800469432703e-09,5.5084659140477901e-06,0.0019683108300353898,0.0018944103710257299,0,0.020399999999997,0.00022851912756284801,9.2646100434936701e-08,34.337128186207998,0,0,0,0,0,0,0.275683930346101,-6.0999923020810698e-06,-1.03148332474717e-07,2986.38436304789,31785.716296288101,1.0927464031252899e-11,128.684289733844,1.6809605085654801e-07,0,1,0,-4.2302581028598103e-06,0,4.2302581028598103e-06,0,57
1.8,-3.93998905335868e-05,312.64974113242801,56.726999516968498,352.97342963211599,12.7154855834891,341.47390286629297,0,0.025700100056869998,0.00024207742040633699,265.200061550469,42.309537397000703,0.025942214414166199,0.16643928516786699,0.14049707075370199,341.47390286629297,0,2.3560732403666698e-09,5.8379013133057497e-06,0.0020848086391093402,0.0020094535164472899,0,0.021599999999996799,0.00024211435729633201,3.6926023531852901e-08,34.337128186207998,0,0,0,0,0,0,0.275573975652179,-2.4277977417078799e-06,-6.8062438480989097e-09,2985.5851054576501,31768.7047048067,1.0866459618410399e-11,128.71809896792601,1.7679866459729999e-07,0,1,0,-4.2859781797628902e-06,0,4.2859781797628902e-06,0,57
1.8999999999999999,-3.9383077550601803e-05,312.56606238629098,56.727468985379403,356.42724036321499,12.7320074826513,344.90761568489899,0,0.027131938529528998,0.00025572430770551198,279.85861652347103,44.654096648131997,0.027387696159720198,0.175727662181906,0.14833996602218699,344.90761568489899,0,2.1248444993726299e-09,6.1672416382137797e-06,0.0022012865866768601,0.0021244847012138498,0,0.022799999999996601,0.00025575763019127699,3.33116285743887e-08,34.337128186207998,0,0,0,0,0,0,0.27549794163464703,-2.1895298451140201e-06,-4.3198993818038899e-10,2984.78603229288,31751.7015905931,1.0857187581497001e-11,128.720229499487,1.9095040215688599e-07,0,1,0,-4.2895925747203599e-06,0,4.2895925747203599e-06,0,57
1.97,-3.9375555846130803e-05,312.50749875267098,56.727495999726997,358.84352585419703,12.7435595910376,347.31121465792199,0,0.0281342016703474,0.00026527445668985398,290.11493661867701,46.294914741986197,0.028399509241871301,0.18222747627409,0.15382796703221999,347.31121465792199,0,2.1115570099795201e-09,6.3977169199219698e-06,0.00228280843915432,0.0022049955142730798,0,0.023639999999996501,0.00026530757152406999,3.3103981172883303e-08,34.337128186207998,0,0,0,0,0,0,0.27544619214662602,-2.17583785278167e-06,-5.8974077617704398e-11,2984.2267907863102,31739.804452411401,1.0853040787342301e-11,128.720352095962,1.9855019672831999e-07,0,1,0,-4.2898002221218603e-06,0,4.2898002221218603e-06,0,57
1.98,-3.9374522531651601e-05,312.49913329153702,56.727497101222802,359.18869685817299,12.7452097713975,347.65458593978298,0,0.028277380497801,0.00026663858289719902,291.57981145648898,46.529292228991302,0.0285440521872166,0.18315588294229401,0.154611830755079,347.65458593978298,0,2.11102485142843e-09,6.4306376996861699e-06,0.0022944535594664802,0.0022164963006347399,0,0.023759999999996499,0.00026667168941577502,3.30956661023494e-08,34.337128186207998,0,0,0,0,0,0,0.27543881342825199,-2.1752894940522301e-06,-4.5175900319019998e-11,2984.1469065168799,31738.105200087699,1.0852471172168801e-11,128.72035709477001,1.9961714770033699e-07,0,1,0,-4.2898085371924001e-06,0,4.2898085371924001e-06,0,57
1.99,-3.93734914036388e-05,312.49076802345098,56.727497936767897,359.53386664310699,12.746859940101499,347.99795722164401,0,0.028420558919407,0.00026800266387986101,293.04460786922499,46.763663441972803,0.028688594683574702,0.184084255052891,0.15539566036931701,347.99795722164401,0,2.1106261245832e-09,6.4635574136499799e-06,0.0023060984650211101,0.0022279968969721501,0,0.023879999999996401,0.00026803576416785802,3.3089436092087297e-08,34.337128186209497,0,0,0,0,0,0,0.27543143616997601,-2.1748786290087202e-06,-3.3371404585320497e-11,2984.0670240908998,31736.406032463001,1.08519027771869e-11,128.72036088664001,2.00675401629269e-07,0,1,0,-4.2898147672026703e-06,0,4.2898147672026703e-06,0,57
2,-3.9372463795910702e-05,312.48240294840701,56.727498570595799,359.879035503316,12.7485100999638,348.34132850350397,0,0.028563736935081501,0.00026936669963390202,294.509325860795,46.998028381075699,0.028833136730318201,0.18501259260535899,0.15617945587504201,348.34132850350397,0,2.1103263022000499e-09,6.4964760617138801e-06,0.00231774315580128,0.0022394973032184799,0,0.023999999999996399,0.00026939979523680498,3.3084751565639303e-08,34.337128186209497,0,0,0,0,0,0,0.27542406006131398,-2.1745696793155398e-06,-2.5717370822562699e-11,2983.9871435083401,31734.7069495334,1.0851336337522099e-11,128.72036376307801,2.0173843040538499e-07,0,1,0,-4.2898194517291001e-06,0,4.2898194517291001e-06,0,57
2.0099999999999998,-3.9371437299262597e-05,312.47403806640102,56.727499051426101,360.22420366203301,12.7501602531188,348.68469978536501,0,0.028706914544758901,0.00027073069015639802,295.97396543510098,47.232387046443598,0.028977678326986899,0.185940895599566,0.15696321727258,348.68469978536501,0,2.1101003289613701e-09,6.5293936438044497e-06,0.00232938763179244,0.00225099751932255,0,0.024119999999996401,0.00027076378222814498,3.3081220974556902e-08,34.337128186209497,0,0,0,0,0,0,0.275416684864631,-2.1743368269113101e-06,-1.85461188405647e-11,2983.9072647691601,31733.0079512948,1.08507705250684e-11,128.72036594518201,2.0276689838283301e-07,0,1,0,-4.2898229823201799e-06,0,4.2898229823201799e-06,0,57
2.02,-3.9370411669549501e-05,312.465673377428,56.727499416211202,360.56937128857498,12.7518104011855,349.02807106722503,0,0.028850091748390198,0.000272094635445227,297.43852659605699,47.466739438222397,0.0291222194734242,0.186869164035769,0.157746944562346,349.02807106722503,0,2.1099414414153499e-09,6.5623101598668103e-06,0.0023410318929851402,0.0022624975452451698,0,0.0242399999999964,0.000272127725034027,3.30787385939762e-08,34.337128186209497,0,0,0,0,0,0,0.27540931040062999,-2.1741731024485898e-06,-1.1978669001061001e-11,2983.8273878733198,31731.3090377431,1.08502052052086e-11,128.72036760065001,2.03813328880642e-07,0,1,0,-4.2898254647007699e-06,0,4.2898254647007699e-06,0,57
2.0299999999999998,-3.9369391301041098e-05,312.45730888148398,56.727499692978903,360.91453851136498,12.7534605453917,349.37144234908601,0,0.028993268545936798,0.00027345853549884202,298.903009347573,47.701085556556897,0.029266760169198099,0.18779739791425901,0.15853063774506301,349.37144234908601,0,2.1098245822150402e-09,6.5952256098613199e-06,0.0023526759393708101,0.0022739973809561202,0,0.024359999999996398,0.00027349162326138098,3.3076912893892799e-08,34.337128186207998,0,0,0,0,0,0,0.27540193653594303,-2.17405268577488e-06,-1.1731193502444099e-11,2983.7475128207602,31729.610208874299,1.08496427999014e-11,128.720368856677,2.04867092179484e-07,0,1,0,-4.2898272904008504e-06,0,4.2898272904008504e-06,0,57
2.1000000000000001,-3.9362249558454902e-05,312.39876281431799,56.7275004381721,363.330703595562,12.7650115024834,351.77504132210902,0,0.0299954947564758,0.00028300456923012902,309.15219347213002,49.341332740616998,0.030278532409144,0.194294067505805,0.164015535096663,351.77504132210902,0,2.1095480271480799e-09,6.8256039083849101e-06,0.0024341782490038002,0.0023544909035636201,0,0.025199999999996201,0.00028303765266838498,3.30725925459465e-08,34.337128186207998,0,0,0,0,0,0,0.27535033002225401,-2.1737677117106201e-06,-1.7599825278595199e-12,2983.18843906148,31717.7207775729,1.0845706832114601e-11,128.72037223851299,2.1210945533312e-07,0,1,0,-4.2898320590293102e-06,0,4.2898320590293102e-06,0,57
2.2000000000000002,-3.93520570284474e-05,312.31514197957199,56.727500559222399,366.78236363964101,12.781512828051101,355.20875414071497,0,0.0314272119574662,0.00029663791508666002,323.78722326541799,51.684009871527898,0.031723882957141701,0.203572087312168,0.17184820435502801,355.20875414071497,0,2.1096220709858801e-09,7.1546251419890199e-06,0.0025505918582003299,0.0024694654741239399,0,0.026399999999996,0.00029667099967564198,3.3073748889792197e-08,34.337128186257203,0,0,0,0,0,0,0.27527662546599202,-2.1738440096198402e-06,3.1475146102950798e-12,2982.3899189097601,31700.743070658998,1.0840090746591201e-11,128.720372787863,2.2243369812713399e-07,0,1,0,-4.2898330921602698e-06,0,4.2898330921602698e-06,0,57
2.2999999999999998,-3.9341873021240398e-05,312.23154043971499,56.7275005702218,370.23402313388499,12.7980141483617,358.64246695932002,0,0.032858888532085698,0.00031026673740582598,338.41441914667001,54.026059918537101,0.033169188355978999,0.21284665304358999,0.179677464687612,358.64246695932002,0,2.1097440362806502e-09,7.4835397665635302e-06,0.0026669839809257299,0.0025844210113933701,0,0.027599999999995899,0.00031029982389351102,3.3075653202179799e-08,34.337128186257203,0,0,0,0,0,0,0.27520293845239302,-2.1739696878297299e-06,1.3722330792213699e-12,2981.5915830106601,31683.7738247411,1.0834480809735799e-11,128.72037283778101,2.3276004412764501e-07,0,1,0,-4.2898342272676503e-06,0,4.2898342272676503e-06,0,57
2.3999999999999999,-4.0759643580332697e-05,312.14795819019599,56.720288402299197,373.68627810339302,12.814521212601701,362.10949780475897,0,0.034290524311544897,0.00032389102739152501,353.03378502002602,56.367483026339102,0.034614428352217903,0.222117752821062,0.18750332446884599,362.10949780475897,0,8.23560768614558e-10,7.8123475662202105e-06,0.00278335458339462,0.00269935738058415,0,0.028799999999995701,0.00032390404067317102,1.3001652202447801e-08,60.045663904455303,0,0,0,0,0,0,0.27516484478869901,-8.4863192703239096e-07,-1.4190791443568201e-06,2980.7934313207202,31666.8130357503,1.1629439813570299e-11,128.6876446576,2.4315596647284099e-07,0,1,0,-4.3099108988870201e-06,0,4.3099108988870201e-06,0,57
2.5,-3.9250119090367103e-05,312.06439522550301,56.402531075697802,379.44209176022099,12.8622179270006,369.25399463344399,0,0.035721494419157403,0.00033747757659305399,367.64532478763198,58.708279339585502,0.036058729852377999,0.23137505360345201,0.19531632375107599,369.25399463344399,0,-1.55248123096927e-08,8.1402168383831205e-06,0.00289958728845734,0.0028137669138617399,0,0.029999999999995499,0.00033723543322067197,-2.42154156387995e-07,82.894377497570204,-0,-7.7975139441758801,-0,0,0,0,0.27664060254954198,1.5997424706560999e-05,2.449151352215e-07,2979.9954637873002,31649.860699424102,1.0784002940256001e-11,127.249820469802,2.5296600369983898e-07,0,1,0,-4.6636307260374096e-06,0,4.6636307260374096e-06,0,57
2.6000000000000001,-3.9422885907656997e-05,311.980851543619,56.126604855534403,388.81829471149899,12.985378120898201,379.74758347756398,0,0.037151440208235902,0.00035100713631155099,382.24904235001299,61.048449002913998,0.037502208560917003,0.24061286191074399,0.203110653349829,379.74758347756398,0,-1.5309176630965501e-08,8.4666658564539008e-06,0.0030156139049815501,0.0029273596373978901,0,0.031199999999995301,0.00035076835268130002,-2.3879450940212998e-07,117.22056320866,-0,-29.871611557249501,-0,0,0,0,0.27792619187252798,1.57752245623227e-05,2.1080139450815699e-07,2979.1976803911498,31632.916812211599,1.0879147533016999e-11,126.007830904372,2.6282242515662801e-07,0,1,0,-4.7964021224379603e-06,0,4.7964021224379603e-06,0,57
2.7000000000000002,-3.9582925908492098e-05,311.89732713874503,55.850875371150998,401.648691637139,13.2147950176142,393.582140794564,0,0.038580405110186802,0.00036448178099364697,396.84494160571597,63.387992160920298,0.038944635921908499,0.24983166055821501,0.21088702463630801,393.582140794564,0,-1.6090290661304099e-08,8.7917473324609801e-06,0.0031314407655539099,0.0030401725973004702,0,0.032400000000001802,0.00036423081172174998,-2.50980239554198e-07,151.62189485374799,-0,-51.9299703079162,-0,0,0,0,0.27922353029869501,1.6580117570902101e-05,1.90669047379365e-07,2978.4000810768798,31615.981369795401,1.09676561643402e-11,124.77281118895399,2.7250877110418498e-07,0,1,0,-4.9384362187925398e-06,0,4.9384362187925398e-06,0,57
2.7999999999999998,-3.9750551496391798e-05,311.81382200650597,55.572339039322301,417.96213605117498,13.584842912209799,410.76551247051702,0,0.040008379534753197,0.00037790075713762801,411.43302645140801,65.726908958165296,0.040386016268227798,0.25903120537373597,0.21864518910551001,410.76551247051702,0,-1.69274719067592e-08,9.1154430930787397e-06,0.0032470642488429602,0.0031521998428172501,0,0.033600000000008498,0.000377636733474573,-2.64034723799248e-07,186.1112059246,-0,-74.212876854218706,-0,0,0,0,0.28054793140060902,1.7442784614648101e-05,1.6588081670368e-07,2977.6026658027099,31599.054368149202,1.10607444098711e-11,123.531394652055,2.8225935011505499e-07,0,1,0,-5.0829255490143203e-06,0,5.0829255490143203e-06,0,57
2.8999999999999999,-3.9929672856330701e-05,311.73033614246299,55.290652962833903,437.80232226090902,14.1315238441251,431.306719877874,0,0.041435349743710798,0.00039126307755072402,426.0133007819,68.065199539177101,0.041826336513202798,0.26821117208446299,0.22638483557126199,431.306719877874,0,-1.77156131355788e-08,9.4377291557520004e-06,0.0033624798547270802,0.0032634321598278599,0,0.034800000000015298,0.000390986769492075,-2.7631921929875101e-07,220.701329913075,-0,-96.7477629732889,-0,0,0,0,0.28190175368932502,1.8254918746428001e-05,1.3277777209996899e-07,2976.8054345262699,31582.135803235298,1.1160651420895201e-11,122.28225220226101,2.9215925678727201e-07,0,1,0,-5.2293556268912396e-06,0,5.2293556268912396e-06,0,57
2.9700000000000002,-4.0012605969110701e-05,311.67190749986599,55.092839612525303,453.815121235079,14.639392829470699,447.684055414054,0,0.042433623183359602,0.00040058241112221301,436.21484764144498,69.701630424605099,0.042833928559537299,0.27462531259212097,0.23179138403258701,447.684055414054,0,-1.77623418358134e-08,9.6624765065054605e-06,0.0034431444673513,0.0033408162395017001,0,0.035640000000020003,0.00040030537617761401,-2.7704615165615002e-07,243.823757275307,-0,-112.57283099797699,-0,0,0,0,0.28286089965532801,1.8303069979997001e-05,1.53391997376243e-07,2976.2474820890102,31570.2978254966,1.1207060455075199e-11,121.408839062857,2.9909290333307602e-07,0,1,0,-5.3280827811206598e-06,0,5.3280827811206598e-06,0,57
2.98,-3.9942360521697001e-05,311.66356132153902,55.072242758089502,456.24448377073497,14.7211360286641,450.12229298679802,0,0.042576193188082298,0.00040191144587147502,437.671899291469,69.935381225400604,0.042977858894031003,0.27554083973661098,0.23256298084258401,450.12229298679802,0,-1.5754107712425199e-08,9.6945261082968498e-06,0.0034546594912305299,0.0033518391707433701,0,0.035760000000020699,0.00040166570594871197,-2.4575109050389399e-07,243.823757275307,-0,-114.220579352843,-0,0,0,0,0.282959040165848,1.62337004094553e-05,2.3437896940760401e-07,2976.1677819568199,31568.607023077999,1.1167745148316499e-11,121.318076896237,3.0009698548383302e-07,0,1,0,-5.3280827811206598e-06,0,5.3280827811206598e-06,0,57
2.9900000000000002,-4.0367063585573799e-05,311.655215335474,55.035963256415599,458.70855419054499,14.805233546026599,452.66190887211599,0,0.0427187532688902,0.000403239915843444,439.12887290640202,70.169125766634394,0.043121709804674897,0.27645613660832402,0.23333442680365299,452.66190887211599,0,-1.8169594775618501e-08,9.7265616891098996e-06,0.0034661724245415399,0.00336285428265958,0,0.035880000000021298,0.00040295653578457903,-2.8339146535983301e-07,255.40510031095101,-0,-117.122939486748,-0,0,0,0,0.28313819704995202,1.8722720672778e-05,-1.71740428826199e-07,2976.0880836605802,31566.916304885199,1.14064987576523e-11,121.15829006246101,3.0102273740339998e-07,0,1,0,-5.3706834303822104e-06,0,5.3706834303822104e-06,0,57
3,-4.01223360223558e-05,311.646869542172,55.005641260281102,461.216392272772,14.892343997935701,455.21595987522397,0,0.042861300937131197,0.00040456768492942399,440.585768490134,70.402864048450894,0.043265581290456899,0.27737121256354302,0.23410563127309,455.21595987522397,0,-1.8423167933781399e-08,9.7585798239978398e-06,0.0034776827745536302,0.0033738595827535502,0,0.036000000000022001,0.00040428035332560898,-2.8734287242451297e-07,255.40510031095101,-0,-119.548699177511,-0,0,0,0,0.28328658773131399,1.89840132040109e-05,8.9484721701059197e-08,2976.00838720511,31565.2256710166,1.12686129352358e-11,121.02482281819,3.01972022498376e-07,0,1,0,-5.3777968961033704e-06,0,5.3777968961033704e-06,0,57
3.0099999999999998,-4.0013633398439802e-05,311.63852394160602,54.982429765068197,463.75793454731001,14.981810882726499,457.77001087833099,0,0.043003838954687797,0.00040589490378618501,442.04258604655598,70.636596070994699,0.0434094712967927,0.27828611181330898,0.23487664051651999,457.77001087833099,0,-1.6833525346937599e-08,9.79058427601901e-06,0.0034891910844733099,0.0033848572859384099,0,0.036120000000022703,0.00040563234210487899,-2.6257288893826702e-07,255.40510031095101,-0,-121.405618794543,-0,0,0,0,0.28339851121200299,1.7345978096977899e-05,2.1049468849534401e-07,2975.9286925901101,31563.535121463399,1.1207636004213201e-11,120.92270331482599,3.0298053843580398e-07,0,1,0,-5.3777968961033704e-06,0,5.3777968961033704e-06,0,57
3.02,-2.28075968540173e-05,311.63017853906399,55.250976011702903,466.24890675923501,15.0679131470395,458.99062512557299,0,0.0431463905176563,0.00040722284663817498,443.49932557956902,70.870321834411101,0.043554476663000399,0.27920176912975903,0.235647292466762,459.26906452926198,0.27843940368661002,5.5422756040005599e-08,9.82260657216496e-06,0.0035007019483644002,0.00339586596271971,0,0.036240000000023399,0.00040808614534400403,8.6329506452897604e-07,-67.277777689907694,0,0,0,0,0,0,0.28200510258327599,-5.7109957215169702e-05,1.7297784599431199e-05,2975.8489998661098,31561.844657293801,3.6413053197876503e-12,122.106814009831,3.0398848593904399e-07,0,1,0,-5.3777968961033704e-06,0,5.3777968961033704e-06,0,57
3.0299999999999998,-3.26242215438095e-05,311.62183333255803,55.807318625173899,468.09553623931203,15.115716038308401,458.31784734867199,0,0.0432891182477117,0.000408560348976953,444.955987093141,71.104041338850806,0.043700366932123501,0.280120719035235,0.23642035210311499,459.26906452926198,0.95121718058412197,1.7255222400033599e-07,9.8548675172033905e-06,0.0035122471158865998,0.0034070162643078999,0,0.036360000000023998,0.00041124868441165101,2.6883279843232702e-06,-67.277777689907694,0,0,0,0,0,0,0.27918830523208599,-0.000177805126163852,7.1580158953729796e-06,2975.7693090141202,31560.154278101902,7.4503788193769592e-12,124.57827248526699,3.0500996217597302e-07,0,1,0,-5.3777968961033704e-06,0,5.3777968961033704e-06,0,57
3.1000000000000001,-4.0339879084739398e-05,311.56342221001898,57.256875115107498,470.74508861004898,15.148684816218299,454.37770319727002,0,0.0442911088611289,0.00041807711043241299,455.15043346823597,72.739902630531702,0.044710678532114197,0.286593353937735,0.241882675405625,459.26906452926198,4.8913613319705398,9.5793329878206703e-08,1.0084560398412e-05,0.0035936066197244901,0.0034874176810060901,0,0.0372000000000288,0.00041956967098507301,1.4925491615251399e-06,-43.865183961041303,0,0,0,0,0,0,0.27207393472389901,-9.8709507821915398e-05,-1.35918633604642e-06,2975.2115238811102,31548.323969246099,1.1391140911999799e-11,131.133989917881,3.1175227377389103e-07,0,1,0,-7.2724558379343197e-06,0,7.2724558379343197e-06,0,57
3.2000000000000002,-3.9680095517025102e-05,311.479994116706,57.628519973927702,470.74508861004898,15.148684816218299,452.668394136252,0,0.045725240144314103,0.00043181321054025501,469.70729960381402,75.076315429718207,0.046157081978028099,0.29588157164812401,0.249724489670101,459.474892803226,6.8064986669199996,1.8073066103263999e-09,1.04162278310448e-05,0.0037103183906533601,0.0036045055258298801,0,0.038400000000035503,0.00043184183371379199,2.8612151972694299e-08,14.465598209652301,0,0,0,0,0,0,0.27024845214767501,-1.8623253436899101e-06,-9.0134569831468398e-07,2974.41484427449,31531.430688856399,1.1021569861681699e-11,132.841852575415,3.2076752631837698e-07,0,1,0,-8.7363928474867398e-06,0,8.7363928474867398e-06,0,57
3.2999999999999998,-3.9109124436123597e-05,311.396585276574,56.915905670280402,470.79319279390302,15.1487330803091,455.98004377606202,0,0.047158577003447902,0.00044550538569346101,484.25637078422102,77.412102590404601,0.047603206570115797,0.30515454108024698,0.25755133451013501,462.78654244303601,6.8064986669199996,-5.6273146274368203e-08,1.07467997938548e-05,0.0038268725972941402,0.0037209576063600399,0,0.039600000000042303,0.00044462956666771198,-8.7582973240841801e-07,49.636376286801699,0,0,0,0,0,0,0.27355949783766398,5.7986235361019801e-05,2.9712373464444899e-08,2973.61834852222,31514.5458296209,1.07066652991214e-11,129.57681273073001,3.3071387406380403e-07,0,1,0,-9.6409451504783093e-06,0,9.6409451504783093e-06,0,57
3.3999999999999999,-3.9345094050850099e-05,311.31319568981797,56.502693639744002,475.00495597572899,15.176192192734399,462.03753984781503,0,0.048589600825760297,0.00045907357329539098,498.79765089551199,79.747264256997397,0.049048393041738997,0.314388127097882,0.26533973405614603,468.84403851478902,6.8064986669199996,-1.8088482453622001e-08,1.10742690019568e-05,0.00394299003883872,0.0038355365179198798,0,0.040800000000048998,0.00045879221597827001,-2.8136815336950701e-07,75.822084914359493,0,0,0,0,0,0,0.27548559780033399,1.8639139097810698e-05,3.9074895493470703e-09,2972.8220366261498,31497.669388447299,1.0836254981091699e-11,127.70217554187001,3.4047116059809902e-07,0,1,0,-9.6495210778669804e-06,0,9.6495210778669804e-06,0,57
3.5,-3.9687261099562199e-05,311.22982534212798,56.285194912545101,482.71649769957497,15.259419986985,470.645659020511,0,0.050019637125480403,0.00047258702696739702,513.33114382148699,82.081800573837896,0.050492038098475002,0.32360256414660798,0.27311052604813801,477.452157687485,6.8064986669199996,-1.1965327797759199e-08,1.14003738947474e-05,0.0040589098138794797,0.0039493269377063999,0,0.042000000000055798,0.00047240097299423899,-1.8606499870236e-07,102.144542847511,-0,-17.1844069963925,-0,0,0,0,0.27647605922195201,1.23295809775726e-05,-2.3207269200632499e-07,2972.0259084496101,31480.801359309698,1.1025550855093701e-11,126.720926653728,3.5044308788201301e-07,0,1,0,-9.7200871646949108e-06,0,9.7200871646949108e-06,0,57
3.6000000000000001,-3.9889833658043202e-05,311.14647423113598,56.0783649540531,493.11002592941401,15.4098369285652,481.81693357090199,0,0.051448906070175902,0.00048605725843586898,527.85685344379601,84.415711685210098,0.051934792901730198,0.33280159422330702,0.28086680132158298,488.62343223787502,6.8064986669199996,-1.09608376605048e-08,1.17254032103942e-05,0.0041746716265386296,0.0040625090404269801,0,0.043200000000062501,0.000485886831554014,-1.70438020239519e-07,128.593354957831,-0,-33.730803675751403,-0,0,0,0,0.27742147250933702,1.12945117594296e-05,-3.3250986602448401e-07,2971.22996397002,31463.941738601701,1.1138391804864499e-11,125.791320636799,3.6048857054993299e-07,0,1,0,-9.8127806974156806e-06,0,9.8127806974156806e-06,0,57
3.7000000000000002,-3.9485671175780398e-05,311.06314235272498,55.868802015797201,506.16350563070102,15.6466591159214,495.570548239137,0,0.052877412751187701,0.00049948440587067899,542.37478364234403,86.748997735374502,0.053376728176313899,0.341985282834052,0.28860855465774199,502.37704690611002,6.8064986669199996,-1.08675324684502e-08,1.20493607749547e-05,0.0042902754076332298,0.0041750879827795696,0,0.044400000000069301,0.00049931542512572603,-1.6899165877231401e-07,146.2909597332,-0,-50.495838736226801,-0,0,0,0,0.27838728872053697,1.11983661342942e-05,1.7545449782341101e-07,2970.4342031480501,31447.090522364299,1.0913827597412999e-11,124.852921547214,3.7032486943644498e-07,0,1,0,-9.9149742921178802e-06,0,9.9149742921178802e-06,0,57
3.7999999999999998,-3.96018243919126e-05,310.97982970246801,55.653308799959603,521.90401081425205,15.990673171052199,511.92688859068301,0,0.054305148906619603,0.00051286789186099095,556.88493829519496,89.081658868559202,0.054817836900709398,0.35115344240138902,0.296335605500684,518.733387257657,6.8064986669199996,-1.1569249575015701e-08,1.2372232527209801e-05,0.0044057185476216402,0.0042870581264709499,0,0.045600000000076003,0.00051268799408931201,-1.79908749802402e-07,172.92726185382301,-0,-67.735296003234595,-0,0,0,0,0.27939038906672797,1.19214451869524e-05,1.67025564364542e-07,2969.6386259414198,31430.2477065772,1.09781314661752e-11,123.891631215346,3.8017742554075101e-07,0,1,0,-1.0025595582521701e-05,0,1.0025595582521701e-05,0,57
3.8999999999999999,-2.9883111960869e-05,310.89653628404699,55.8810079839918,540.10297429385605,16.4505810349666,528.64865130184,0,0.055732175926866599,0.00052621089695771203,571.38732127858998,91.413695228962098,0.056259824468182097,0.36030787076663101,0.304048046298453,535.98019363376795,7.3315423318655801,9.2486661323222797e-08,1.2694097924187601e-05,0.0045210118362897503,0.0043984699926527798,0,0.046800000000082803,0.00052764854131502495,1.4376381063193299e-06,-63.456431720614098,0,0,0,0,0,0,0.278171589481846,-9.5302176371931698e-05,9.7716353593291797e-06,2968.8432323852899,31413.413288860698,6.25100266326084e-12,124.90748213227801,3.8993641737761198e-07,0,1,0,-1.0115262819669799e-05,0,1.0115262819669799e-05,0,57
3.9700000000000002,-3.9775189274751001e-05,310.838242321211,57.260846713050398,542.60370359389105,16.479964376249399,524.87428549143101,0,0.056733955989272701,0.00053570210808537603,581.53436729913903,93.045749018695204,0.057271074113136401,0.366760751986906,0.30948967787377502,535.98019363376795,11.1059081422984,9.1086617227812503e-08,1.29231911757928e-05,0.0046022472864709202,0.0044787855116260799,0,0.047640000000087501,0.00053711812386320198,1.4160047033724199e-06,-48.1277201890409,0,0,0,0,0,0,0.27142173478751502,-9.3859511587623701e-05,-8.8381550180297804e-07,2968.2865660450302,31401.6341890355,1.10744597728958e-11,131.15218265181801,3.9667600049142498e-07,0,1,0,-1.13265723708132e-05,0,1.13265723708132e-05,0,57
3.98,-3.9883640893152002e-05,310.82991538020701,57.356020043610997,542.60370359389105,16.479964376249399,524.43780221899601,0,0.056877252227917403,0.00053706761444526595,582.98363466769695,93.278874577820602,0.057415588641982103,0.36768539253258797,0.31026980389061098,535.98019363376795,11.5423914147337,8.1614273115193903e-08,1.29561603003933e-05,0.0046138856238035902,0.00449041044381354,0,0.047760000000088197,0.00053833641406419704,1.2687884840049699e-06,-39.177499342256802,0,0,0,0,0,0,0.27096432708683199,-8.4098806677739194e-05,-1.0428444749103601e-06,2968.2070496157298,31399.951795961599,1.11349336762574e-11,131.588521409724,3.9763506265444401e-07,0,1,0,-1.14737885901806e-05,0,1.14737885901806e-05,0,57
3.9900000000000002,-3.9470456117657302e-05,310.821588631439,57.441307401920596,542.60370359389105,16.479964376249399,524.04602722556399,0,0.0570205778695764,0.00053843462848091105,584.432824389281,93.511993891812395,0.0575601501107375,0.36861048273855201,0.311050332627821,535.98019363376795,11.9341664081554,7.3173107506063005e-08,1.29891673341541e-05,0.0046255291074390097,0.00450205959480331,0,0.047880000000088803,0.000539572241160629,1.1376017743065101e-06,-39.177499342256802,0,0,0,0,0,0,0.270554763828809,-7.5400671809894502e-05,-6.7437816238899198e-07,2968.1275350221499,31398.269486795802,1.0905418342951399e-11,131.98015184167701,3.9859094158600799e-07,0,1,0,-1.1604975299879099e-05,0,1.1604975299879099e-05,0,57
4,-3.9189504210820902e-05,310.81326207505401,57.526468298834899,542.60370359389105,16.479964376249399,523.65425223213299,0,0.057163932018425997,0.00053980310066016504,585.88193646776301,93.745106960814795,0.057704787735243901,0.36953602237042499,0.31183123463518603,535.98019363376795,12.325941401577101,6.7703897667687305e-08,1.3022211032101501e-05,0.0046371775575734103,0.0045137322498205101,0,0.048000000000089499,0.000540855716817541,1.0526054066608401e-06,-39.177499342256802,0,0,0,0,0,0,0.27014700804376601,-6.9764966150562702e-05,-4.38092886654855e-07,2968.0480222657002,31396.587261564298,1.0750720682029601e-11,132.371782197474,3.9955750708031701e-07,0,1,0,-1.1689971667524799e-05,0,1.1689971667524799e-05,0,57
4.0099999999999998,-3.9401812369603598e-05,310.80493571095099,57.610069556278503,542.60370359389105,16.479964376249399,523.26908516416904,0,0.057307314589589702,0.00054117302384765599,587.33097090701699,93.978213784971999,0.057849481994502398,0.37046199927853002,0.312612517284033,535.98019363376795,12.7111084695317,6.3956568937946505e-08,1.3055291228206901e-05,0.0046488309410094601,0.0045254283573520496,0,0.048120000000090202,0.00054216740491236099,9.9437019719170002e-07,-30.218629208967101,0,0,0,0,0,0,0.26974792123938601,-6.5903559776758606e-05,-6.8760732524285397e-07,2967.9685113453902,31394.905120243599,1.0867519726066099e-11,132.75680457116999,4.0053873817669201e-07,0,1,0,-1.17482068769939e-05,0,1.17482068769939e-05,0,57
4.0199999999999996,-3.9219858461440902e-05,310.79660953875901,57.675568092167197,542.60370359389105,16.479964376249399,522.96689887208595,0,0.057450721780417602,0.00054254419872082197,588.77992771091294,94.211314364428006,0.057994155084802698,0.37138831520099203,0.31339416011619498,535.98019363376795,13.0132947616206,5.71821190934346e-08,1.30884029458571e-05,0.0046604885648231396,0.0045371448126486202,0,0.048240000000090898,0.00054343330438476995,8.8909489657237203e-07,-30.218629208967101,0,0,0,0,0,0,0.26943443297073699,-5.8922879485487498e-05,-5.47178157257777e-07,2967.8890022577102,31393.223062755998,1.0767381084148201e-11,133.058846190168,4.0153838654077802e-07,0,1,0,-1.18534821776132e-05,0,1.18534821776132e-05,0,57
4.0300000000000002,-3.8992463355987099e-05,310.788283558888,57.740992316957701,542.60370359389105,16.479964376249399,522.66471258000297,0,0.057594150722099002,0.00054391647480343005,590.22880688332395,94.444408699327198,0.058138887463324802,0.37231496590044,0.31417607843712098,535.98019363376795,13.315481053709499,5.2752214092829997e-08,1.31215423851817e-05,0.0046721499066115797,0.00454887927310228,0,0.048360000000091503,0.00054473674122552896,8.2025577921830803e-07,-30.218629208967101,0,0,0,0,0,0,0.26912193987219002,-5.4358117587519498e-05,-3.5405288525944599e-07,2967.8094950065602,31391.541089180799,1.0642885389976001e-11,133.360887749879,4.02524960918527e-07,0,1,0,-1.1922321294967299e-05,0,1.1922321294967299e-05,0,57
4.0999999999999996,-3.8755512395745297e-05,310.73000707963399,58.045139048304002,542.60370359389105,16.479964376249399,521.25505994850698,0,0.058598639045267298,0.00055354677405436805,600.368787733776,96.075894208131103,0.059152583399093302,0.37880842637378498,0.31965584297469801,535.98019363376795,14.725133685244099,2.55486949570488e-08,1.3354132745893501e-05,0.0047538609425180397,0.0046314239700034603,0,0.049200000000096299,0.000553944353825529,3.9756925723751099e-07,-12.2764811020494,0,0,0,0,0,0,0.267662040441279,-2.6326458302566299e-05,-2.7871279813192202e-07,2967.2529956222102,31379.769622405602,1.05139281873974e-11,134.76952668547801,4.0927272948465501e-07,0,1,0,-1.2345007816948099e-05,0,1.2345007816948099e-05,0,57
4.2000000000000002,-3.8799287055843497e-05,310.646771295083,57.997593774377698,542.60370359389105,16.479964376249399,521.474302620088,0,0.060034103376003803,0.00056732696347093199,614.84787894752799,98.406057115026101,0.060601252578360701,0.38808997616027502,0.32748872358191999,536.46315818927599,14.9888555691803,-1.14879849110085e-08,1.36869794215141e-05,0.0048706629259676502,0.0047497534706145497,0,0.050400000000103001,0.000567149202356635,-1.7777165198836499e-07,14.691985587883,0,0,0,0,0,0,0.26781037616844899,1.1837706632319101e-05,-3.08429842743784e-07,2966.4581524290002,31362.960367719301,1.05376927322922e-11,134.548835344709,4.1895896174537499e-07,0,1,0,-1.2920348726174001e-05,0,1.2920348726174001e-05,0,57
4.2999999999999998,-3.9217027114270302e-05,310.56355471502098,57.196688356170803,542.60370359389105,16.479964376249399,525.16324465633795,0,0.061468234954123201,0.00058103590039578997,629.31921397776898,100.73559582555799,0.062048204505093199,0.39734752175150401,0.33529931724641698,540.15210022552606,14.9888555691803,-6.8705410587641995e-08,1.4018042976475499e-05,0.0049872149717143203,0.0048670019394323003,0,0.051600000000109801,0.00057996955096975501,-1.0663601918632e-06,54.337128186103698,0,0,0,0,0,0,0.27148872368379301,7.0796967517793602e-05,-3.2492385526484701e-07,2965.66349262515,31346.159493099702,1.07658265097699e-11,130.85844635651699,4.2868134642048998e-07,0,1,0,-1.38089372660488e-05,0,1.38089372660488e-05,0,57
4.4000000000000004,-3.87556669776273e-05,310.480357345046,56.610937375038198,545.38735872383097,16.494978398767799,530.59695747489604,0,0.062899292385937597,0.00059458212184310599,643.78279669167,103.064510483774,0.063493630622510594,0.406553992121434,0.34306036149893199,545.58581304408403,14.9888555691803,-1.57305842776417e-08,1.4345029172872599e-05,0.0051031982600021602,0.0049817490967623496,0,0.052800000000116497,0.00059433823657239603,-2.4389578472410201e-07,54.337128186139502,0,0,0,0,0,0,0.27422305476833703,1.6209460865086599e-05,4.3479426266802502e-07,2964.8690162641301,31329.3669965599,1.05140120601653e-11,128.19192921921999,4.3851343889400601e-07,0,1,0,-1.3873906360084799e-05,0,1.3873906360084799e-05,0,57
4.5,-3.9166222066424498e-05,310.397179169445,56.570379482182098,550.67769096064205,16.533769599471601,536.03067029345402,0,0.064329578967607798,0.00060808538963908496,658.23863095472996,105.392801233703,0.064937677027642707,0.41574493570474602,0.35080725867711199,551.01952586264201,14.9888555691803,7.9715099507899903e-10,1.46709454291978e-05,0.0052190257574632002,0.0050958822647150298,0,0.054000000000123297,0.00060809806003464105,1.2659657603983199e-08,54.337128186085799,0,0,0,0,0,0,0.274346000026647,-8.2141817686140398e-07,3.54142634162679e-08,2964.0747231958699,31312.582871813302,1.07379506566953e-11,128.008313390323,4.4831313061877201e-07,0,1,0,-1.3873906360084799e-05,0,1.3873906360084799e-05,0,57
4.5999999999999996,-3.9190481702228198e-05,310.314020185407,56.567803651809001,556.14255450942699,16.575133606108501,541.464383112012,0,0.065759777981743303,0.00062158167656201102,672.68672062991095,107.720468219284,0.066381391316282595,0.424931572757624,0.35855018144134998,556.45323868119999,14.9888555691803,2.02068547736491e-09,1.49966935136273e-05,0.0053348230854114598,0.0052099582028179896,0,0.055200000000129999,0.00062161333453926795,3.1647226000252698e-08,54.337128186273603,0,0,0,0,0,0,0.27428497965333798,-2.08219997349734e-06,2.3459172604850499e-09,2963.2806133935401,31295.807115179399,1.07512569923688e-11,127.99665639958501,4.5615172439283898e-07,0,1,0,-1.3873906360084799e-05,0,1.3873906360084799e-05,0,57
4.7000000000000002,-3.9182594207307103e-05,310.23088038960702,56.5676400632574,561.61850253567695,16.6166654719059,546.89809593056998,0,0.067189933482705105,0.00063507331012813899,687.12706957857199,110.047511584444,0.067825039689134795,0.43411473054132199,0.36628969085219398,561.88695149975797,14.9888555691803,2.1005031124066199e-09,1.53223316912176e-05,0.0054505983983532801,0.0053240127526603702,0,0.056400000000136799,0.00063510620642951798,3.2885554449577597e-08,54.337128186273603,0,0,0,0,0,0,0.27421228522262298,-2.1644474481439898e-06,1.59744198747911e-10,2962.4866868253798,31279.039722875899,1.07469298217015e-11,127.99591609305,4.6511104301316701e-07,0,1,0,-1.3873906360084799e-05,0,1.3873906360084799e-05,0,57
4.7999999999999998,-3.91725971898675e-05,310.1477597777,56.567629677066101,567.09515449843798,16.658208015842899,552.33180874912796,0,0.068620048264132899,0.00064856043840773802,701.55968166024604,112.37393147307699,0.069268641679616993,0.443294463886795,0.374025822207185,567.32066431831595,14.9888555691803,2.1057112565834698e-09,1.5647863666903898e-05,0.0055663522122078304,0.0054380481882581096,0,0.057600000000143502,0.00064859341548344901,3.29663342647787e-08,54.337128186276601,0,0,0,0,0,0,0.27413886541408899,-2.1698141406790202e-06,1.0350762203084501e-11,2961.6929434499202,31262.280690915799,1.07414465941973e-11,127.99586909126801,4.75250317322207e-07,0,1,0,-1.3873906360084799e-05,0,1.3873906360084799e-05,0,57
4.9000000000000004,-3.9162447273224197e-05,310.06465834525898,56.567629020815403,572.57185112566003,16.6997512373757,557.76552156768605,0,0.070050122499819997,0.00066204307110182003,715.98456073263401,114.69972802904699,0.070712198555748604,0.452470777275776,0.38175857872003299,572.75437713687404,14.9888555691803,2.1062114791596299e-09,1.5973289682438699e-05,0.0056820845578203103,0.0055520646523171003,0,0.058800000000150301,0.00066207605592825405,3.2974090554326899e-08,54.337128186273603,0,0,0,0,0,0,0.27406541541791302,-2.1703295912261202e-06,6.02679400322722e-12,2960.8993832248598,31245.530015297802,1.07358809349965e-11,127.995866121464,4.8547303777013397e-07,0,1,0,-1.38739068614053e-05,0,1.38739068614053e-05,0,57
4.9699999999999998,-3.9155345766418e-05,310.00649875196399,56.567628985090302,576.40554068422705,16.728831521569401,561.56912054067595,0,0.071051150344685995,0.00067147823963866697,726.07737700766199,116.32741481231299,0.071722661570418206,0.45889216246530401,0.38716950089489199,576.55797610986497,14.9888555691803,2.10629344289797e-09,1.6201024859586001e-05,0.0057630844262896701,0.0056318648935368004,0,0.059640000000155,0.00067151122573172602,3.2975361073010199e-08,54.337128186276601,0,0,0,0,0,0,0.27401400845760898,-2.1704140501365802e-06,1.6121620436738499e-12,2960.3440000191899,31233.809512246698,1.0731987714614201e-11,127.99586595979299,4.9265224788541705e-07,0,1,0,-1.3873908442246699e-05,0,1.3873908442246699e-05,0,57
4.9800000000000004,-3.9154336361532003e-05,309.99819100554902,56.567628983885797,576.95321063725305,16.732985848126798,562.11249182253198,0,0.071194152700942898,0.00067282594107946202,727.51889881505099,116.559916570959,0.071867011628510197,0.45980936648089399,0.38794235485238898,577.10134739171997,14.9888555691803,2.1063189219177202e-09,1.6233554218970201e-05,0.0057746549773081603,0.0056432641694158002,0,0.059760000000155702,0.00067285892756689496,3.2975755999508799e-08,54.337128186276601,0,0,0,0,0,0,0.27400666526669598,-2.1704403047986001e-06,-3.5631822648747401e-12,2960.2646668847201,31232.135488681699,1.07314343913839e-11,127.99586595434199,4.9366872190148601e-07,0,1,0,-1.38739084924944e-05,0,1.38739084924944e-05,0,57
4.9900000000000002,-3.91533178686065e-05,309.98988345084899,56.567628983058398,577.50088059155496,16.737140174703601,562.655863104388,0,0.071337154651793799,0.00067417359757659002,728.96034336174,116.792412098868,0.072011361235834098,0.460726536317975,0.38871517508214698,577.64471867357599,14.9888555691803,2.1063173919437599e-09,1.6266082519039101e-05,0.0057862253136300298,0.0056546632556448099,0,0.059880000000156398,0.00067420658403975103,3.2975732285289198e-08,54.337128186276601,0,0,0,0,0,0,0.27399932224011497,-2.1704387282485702e-06,6.7742783445642805e-13,2960.1853355809899,31230.461548608098,1.0730876100841e-11,127.995865950598,4.9467541884951103e-07,0,1,0,-1.3873908715053099e-05,0,1.3873908715053099e-05,0,57
5,-3.9152300159814302e-05,309.98157608785999,56.567628982517398,578.04855054671498,16.741294501293499,563.19923438624403,0,0.071480156197235106,0.00067552120913037903,730.40171065158404,117.024901396182,0.072155710393025194,0.461643671977924,0.38948796158490401,578.18808995543202,14.9888555691803,2.1063300785792098e-09,1.62986097597998e-05,0.0057977954352532697,0.0056660621522221198,0,0.060000000000156997,0.00067555419578961703,3.29759289203126e-08,54.337128186276601,0,0,0,0,0,0,0.27399197938203801,-2.1704518010955298e-06,3.1863632470253099e-12,2960.1060061079602,31228.787692022001,1.07303182546294e-11,127.99586594815,4.9569052862352702e-07,0,1,0,-1.38739088105157e-05,0,1.38739088105157e-05,0,57
5.0099999999999998,-3.9151286035592203e-05,309.97326891657701,56.567628982193703,578.59622050241603,16.745448827891501,563.74260566809903,0,0.071623157337263002,0.00067686877574115898,731.84300068843504,117.257384463047,0.072300059099766403,0.46256077346163499,0.39026071436187398,578.73146123728804,14.9888555691803,2.1063367302764798e-09,1.63311359412595e-05,0.0058093653421758601,0.00567746085914603,0,0.0601200000001577,0.00067690176250293399,3.2976032013648501e-08,54.337128186273603,0,0,0,0,0,0,0.273984636693755,-2.1704586552863698e-06,2.4930260162370801e-12,2960.0266784655901,31227.113918919302,1.07297623876853e-11,127.995865946685,4.9672144086798695e-07,0,1,0,-1.38739090341649e-05,0,1.38739090341649e-05,0,57
5.0199999999999996,-3.9150273642020497e-05,309.96496193699602,56.567628982034996,579.14389045841801,16.7496031544941,564.28597694995506,0,0.071766158071873906,0.00067821629740926002,733.28421347614596,117.489861299604,0.072444407356086302,0.46347784077017801,0.39103343341409702,579.27483251914396,14.9888555691803,2.1063393960337701e-09,1.6363661063425499e-05,0.0058209350343958197,0.0056888593764147901,0,0.060240000000158403,0.00067824928421179301,3.2976073327490298e-08,54.337128186273603,0,0,0,0,0,0,0.27397729417484801,-2.17046140219568e-06,1.6348900552310499e-13,2959.94735265384,31225.440229296,1.07292074837156e-11,127.995865945967,4.9773120736063003e-07,0,1,0,-1.3873909262338e-05,0,1.3873909262338e-05,0,57
5.0300000000000002,-3.9149258419888401e-05,309.95665514911099,56.567628982001601,579.69156041453903,16.7537574810984,564.82934823181097,0,0.071909158401063794,0.00067956377413501195,734.72534901857,117.722331905999,0.072588755161858906,0.46439487390454798,0.391806118742694,579.81820380099896,14.9888555691803,2.1063301859984099e-09,1.6396185126304901e-05,0.0058325045119111303,0.0057002577040266697,0,0.060360000000159099,0.00067959676079425298,3.29759305908712e-08,54.337128186273603,0,0,0,0,0,0,0.273969951823677,-2.1704519117848399e-06,1.1009353083585099e-12,2959.8680286726599,31223.7666231482,1.07286510437904e-11,127.995865945815,4.9872778618009803e-07,0,1,0,-1.38739096445201e-05,0,1.38739096445201e-05,0,57
5.0999999999999996,-3.9142155652652902e-05,309.89851300107699,56.567628983466101,583.52525010238503,16.782837767253401,568.63294720480201,0,0.072910149353295095,0.00068899485285706704,744.81113527110199,119.34945171827999,0.073599177194381596,0.47081314906060301,0.39721397186622798,583.62180277399,14.9888555691803,2.1064317018938601e-09,1.6623823907037599e-05,0.0059134848426191603,0.0057800406867690602,0,0.061200000000163797,0.00068902784108556701,3.2977503744818698e-08,54.337128186276601,0,0,0,0,0,0,0.273918560101995,-2.1705565180668e-06,-1.6508402150234401e-12,2959.31281205696,31212.053717090501,1.0724758443955601e-11,127.995865952443,5.0583014399308002e-07,0,1,0,-1.3873910673101799e-05,0,1.3873910673101799e-05,0,57
5.2000000000000002,-3.9132010689626997e-05,309.81546908048699,56.567628986907501,589.00194962377702,16.824381032693399,574.06666002335999,0,0.074340101964253003,0.00070246400261113199,759.21283844334903,121.67337913910301,0.075042598958544093,0.47997920957851797,0.40493661061997899,589.05551559254798,14.9888555691803,2.1066548212031498e-09,1.6948932131339801e-05,0.0060291527779101801,0.0058940002542114704,0,0.0624000000001705,0.00070249699429057201,3.29809602447403e-08,54.337128186273603,0,0,0,0,0,0,0.27384515774688201,-2.1707864296612001e-06,-2.14723963859708e-12,2958.5198010296199,31195.328086507699,1.0719199824291599e-11,127.995865968017,5.1598192385426998e-07,0,1,0,-1.38739141789283e-05,0,1.38739141789283e-05,0,57
5.2999999999999998,-3.9121864938398302e-05,309.73244432166803,56.567628990508801,594.47864910015596,16.865924297450501,579.50037284191797,0,0.075770014026325605,0.00071592865872056096,773.60682401863801,123.996683802381,0.076485975677435397,0.48914185458224702,0.41265587890481698,594.48922841110596,14.9888555691803,2.10670097090503e-09,1.7273934439862899e-05,0.0061447992391142799,0.0060079408527715502,0,0.063600000000177306,0.000715961651109203,3.2981675007775798e-08,54.337128186273603,0,0,0,0,0,0,0.27377177233053701,-2.1708339842703302e-06,-8.0976032120155902e-13,2957.7269729837299,31178.610796279499,1.07136422138079e-11,127.99586598431399,5.2633049563155499e-07,0,1,0,-1.3873916167963099e-05,0,1.3873916167963099e-05,0,57
5.4000000000000004,-3.9111717155256701e-05,309.64943872019899,56.567628994118301,599.95534853083598,16.907467561514299,584.93408566047503,0,0.077199885535734605,0.00072938882151417697,787.99309584544301,126.319365851811,0.077929307351460697,0.49830108512656601,0.42037177777511098,599.92294122966405,14.9888555691803,2.1068190328433998e-09,1.7598830839780099e-05,0.0062604242242226601,0.0061218624806725899,0,0.064800000000184002,0.00072942181572533099,3.2983503075392599e-08,54.337128186276601,0,0,0,0,0,0,0.27369840384343502,-2.1709556402963201e-06,6.8749773271030101e-12,2956.9343278770298,31161.901842413601,1.07080849318296e-11,127.995866000649,5.3660812682210203e-07,0,1,0,-1.38739182266724e-05,0,1.38739182266724e-05,0,57
5.5,-3.6896159473984203e-05,309.56645229870998,61.6606681962325,600.923177220811,16.914365617702899,561.80790563604103,0,0.078637167145033396,0.00074322382998762398,802.37165777212795,128.64142543119601,0.079385869954861701,0.50757535330202597,0.42818948334717299,600.71438083234398,38.906475196276297,3.5388785158915598e-07,1.7933165248547999e-05,0.0063773144640592201,0.0062419195157264601,0,0.066000000000190795,0.00074870280982674599,5.4789703098414503e-06,-279.76340638533202,0,0,0,0,0,0,0.251018431007207,-0.00036466104371707099,-2.76232517801607e-07,2956.1418659256701,31145.2012263631,9.5292860875077001e-12,152.08152009623501,5.4616384659311702e-07,0,1,0,-1.3903233854062201e-05,0,1.3903233854062201e-05,0,57
5.5999999999999996,6.6736783230277004,309.50099245602502,65.919670395107801,600.923177220811,16.914365617702899,534.98310408819702,0,0.1450699128638,1.19042947853339,816.74283244674803,130.96288843559,5.1695897140920302,5.6017837418661101,0.432194027774089,600.71438083234398,65.731276744163395,0.22760760011598399,0.032854140646018097,0.022417403553885301,0.021291495790511001,0.0013086728733863399,0.067198200000197494,5.0245198012282204,3.5223244461800798,-249.54081526912799,7.1869638830135099,153.57363160862201,153.57363160862201,0,0,0,0.58952186356499703,3.2358937909722898,6.6721121718660301,2955.5167704734299,31132.030907660901,0.31176587651474902,173.81611779998599,5.5582313507329704e-07,0,1,0,3.1688316468118698,3.1700874684659599,1.43454306957608e-05,0.00124147622338909,57
5.7000000000000002,8.4495676057268199,309.48092006078002,66.3620700327414,600.923177220811,16.914365617702899,512.79698665963201,0,0.44891362877740099,7.8929973700248999,831.11045228887201,133.28406430980101,25.014851381484998,25.447045409259001,0.432194027774089,600.71438083234398,87.917394172790793,1.0451368109883701,0.217844840195413,0.082782572078685002,0.075868695180580301,0.0040193213227232103,0.068398200000204204,24.565937752707601,16.173174033616402,-189.21700055825701,8.4384001804000306,188.96560261931401,188.96560261931401,0,0,0,0.40175621918280502,3.15306811006131,8.4478530768450408,2955.3250932180499,31127.992961541699,0.49976634906623701,176.15697356121899,5.6552244132035401e-07,0,1,0,14.5371959061999,14.5558520971587,1.43454306957608e-05,0.018641845528082599,57
5.7999999999999998,7.0135992730608798,309.45674787976998,66.078937114421507,600.923177220811,16.914365617702899,496.48346171464601,0,0.72178741510907396,13.764586337125699,845.476206814173,135.605089502292,42.828312680793701,43.260506708567704,0.432194027774089,600.71438083234398,104.230919117743,1.8093085342341499,0.379900643896602,0.138735421710521,0.12682912404166299,0.0067240254602876004,0.069598200000210997,42.106525265684702,27.9976049052175,-128.679019236681,6.2477658542165804,128.679019236681,128.679019236681,0,0,0,0,2.7210108732397398,7.0119863011264298,2955.09426589247,31123.130612705099,0.34433402334156099,174.65703720686699,5.7517240747984001e-07,0,1,0,25.1390773958239,25.197839881599599,1.43454306957608e-05,0.058748140344896997,57
5.9000000000000004,4.5843394073262198,309.41491564708201,65.943716428891705,600.923177220811,16.914365617702899,486.06284418338902,0,0.87884351327214005,16.669816155744101,859.83892200097705,137.92586915291,53.963017960771602,54.395211988545597,0.432194027774089,600.71438083234398,114.65153664901599,2.3438013688984198,0.46011012220183101,0.17630366136349701,0.16223405311773501,0.0094010765890737199,0.0707946000002177,53.0841744474995,36.267245117144597,-67.924432940736395,3.6747594930696899,67.924432940736395,67.924432940736395,0,0,0,0,2.2301259318673599,4.5829035887834397,2954.6947974956902,31114.7167580895,0.147113174610949,173.94294945816301,5.8504156186245403e-07,0,1,0,32.523564959935797,32.640516072334101,1.43454306957608e-05,0.116936766967591,57
5.9699999999999998,2.6925913628229399,309.37366427946199,65.890830152029196,600.923177220811,16.914365617702899,482.30873699632701,0,0.92984619685494796,17.368609086356301,869.89007188497897,139.55019265535401,57.9960146810417,58.428208708815802,0.432194027774089,600.71438083234398,118.405643836064,2.5622629903720902,0.479418334490255,0.190965557767834,0.17657696456858901,0.011257940028267299,0.071627400000222399,57.066168484186903,39.6468090601008,-27.299835183152599,1.6248848799553699,27.299835183152599,27.299835183152599,0,0,0,0,1.84871964957751,2.6912947169765999,2954.3008759517302,31106.420848652899,0.050750337730040798,173.66405992494299,5.9191847867623395e-07,0,1,0,35.517376702113602,35.682123620994702,1.43454306957608e-05,0.164732573450311,57
5.9800000000000004,1.61897793039313,309.36666062520601,65.893569513451197,600.923177220811,16.914365617702899,482.03573864449697,0,0.93308082494451805,17.397028104130499,871.32572053737704,139.782220292636,58.2545728288544,58.686766856628502,0.432194027774089,600.71438083234398,118.678642187896,2.5790265398878902,0.48020896166919302,0.19200017210456999,0.17761668912592499,0.011513002044827501,0.0717420000002231,57.321492003909903,39.906116273005999,-27.299835183152599,1.62491625927826,27.299835183152599,27.299835183152599,0,0,0,0.301050121423379,1.5116716579520999,1.61775525198138,2954.2339959800602,31105.012479577101,0.0183476267737002,173.67850012896099,5.9291664911142995e-07,0,1,0,35.743626459918502,35.915500112609301,1.43454306957608e-05,0.17185930726006399,57
5.9900000000000002,1.6213728060675701,309.359613055365,65.892249112716897,600.923177220811,16.914365617702899,481.76274029266801,0,0.93633250300411797,17.423243156592399,872.76130379243705,140.01424264514199,58.534531584352202,58.966725612126297,0.432194027774089,600.71438083234398,118.951640539728,2.5952170729101698,0.48093248976290198,0.19306783131854499,0.178690111506318,0.0117800704163503,0.071862000000223705,57.598199081348199,40.156553976322201,-27.299835183152599,1.6249478364949901,27.299835183152599,27.299835183152599,0,0,0,0.30106722398461899,1.5720876796577099,1.6201524538495,2954.16669664545,31103.5953116737,0.018401948433787899,173.671539725294,5.9377930483606199e-07,0,1,0,35.961849959047598,36.140894045593903,1.43454306957608e-05,0.179029741115525,57
6,1.62299035026869,309.35256716939301,65.879354005817305,600.923177220811,16.914365617702899,481.55039886972997,0,0.93958852572837503,17.449522283133401,874.19682164876997,140.24625971263899,58.814841363633498,59.2470353914076,0.432194027774089,600.71438083234398,119.163981962669,2.6114273822128702,0.481657786306944,0.19413683305009499,0.17976479312576299,0.0120471132455712,0.071982000000224394,57.875252837905201,40.407291871032598,-8.5784285318970301,0.53919261714456801,8.5784285318970301,8.5784285318970301,0,0,0,0,1.6122854898985599,1.62177149422682,2954.0994133905901,31102.1785146455,0.018438683739457101,173.603571368952,5.9470380620041396e-07,0,1,0,36.180299961389103,36.3665581508332,1.43454306957608e-05,0.18624384401327601,57
6.0099999999999998,0.533183842149485,309.34473171737102,65.880350191634307,600.923177220811,16.914365617702899,481.464614584412,0,0.94075703632490504,17.453402176945598,875.63227065516003,140.478271216097,58.895375363009101,59.327569390783196,0.432194027774089,600.71438083234398,119.249766247986,2.6173711072646602,0.48176699653239102,0.194478535632847,0.180114892316486,0.0123006118431781,0.072096000000224994,57.954618326684198,40.499226154672201,-8.5784285318970301,0.53920553587349496,8.5784285318970301,8.5784285318970301,0,0,0,0.28412402139137699,1.28370554304377,0.53204060619371796,2954.0245903353498,31100.602988420102,0.0019899950667050101,173.608821654895,5.9545004660321897e-07,0,1,0,36.255796453696199,36.449299006108802,1.43454306957608e-05,0.19348820698179001,57
6.0199999999999996,0.53556673461447502,309.33684948719798,65.8802112040552,600.923177220811,16.914365617702899,481.37883029909398,0,0.94192059008718299,17.456248096621099,877.06764652464301,140.710276808923,58.981892171585997,59.414086199360099,0.432194027774089,600.71438083234398,119.335550533304,2.62270435211585,0.48184553739709801,0.19482328517108699,0.180468318629672,0.0125674488893235,0.072216000000225697,58.039971581498797,40.581715662787403,-8.5784285318970301,0.53921853233579298,8.5784285318970301,8.5784285318970301,0,0,0,0.28413548642319397,1.34430705262731,0.53442583552332201,2953.9493205816698,31099.018096466301,0.00200782209057928,173.608089131637,5.9583999245660401e-07,0,1,0,36.322779192162997,36.523539563412498,1.43454306957608e-05,0.20074602581864601,57
6.0300000000000002,0.53716878103565502,309.32896895009998,65.8714129225596,600.923177220811,16.914365617702899,481.33836092625,0,0.94308728024382305,17.459115007073201,878.50294925451601,140.94227649074799,59.068729059495602,59.500923087269598,0.432194027774089,600.721517741046,119.383156814849,2.6280572425055402,0.48192465760874298,0.195169317161484,0.18082303598461399,0.0128342694889776,0.0723360000002264,58.125641779251701,40.664506920083603,1.6036318079011,0,0,0,0,0,0,0,1.3570165363302999,0.53602941835428897,2953.8740669956701,31097.4335853128,0.00201985209523532,173.561721616574,5.96799281993299e-07,0,1,0,36.356836829177901,36.5648669835101,1.43454306957608e-05,0.208015808901376,57
6.0999999999999996,0.0069760196150741903,309.27101753301599,65.555218766228705,600.923177220811,16.914365617702899,482.98270779389799,0,0.94496325748926302,17.459200722075501,888.54793090882401,142.56610150488399,59.0866355089141,59.519527412855901,0.432891903941867,602.36586460869398,119.383156814849,2.62921882563053,0.48192703896449501,0.195262171322234,0.18092901950370699,0.0136702276988248,0.073174800000231105,58.141672251424801,40.682471188695501,54.244308028075103,0,0,0,0,0,0,0.235928972123542,0.16007204439825601,0.0070189108569707103,2953.3206717263802,31085.782742919801,3.40653947689299e-07,171.89946829952399,6.0363913689798199e-07,0,1,0,36.305972845281403,36.5648669835101,1.43454306957608e-05,0.25887979279770601,57
6.2000000000000002,4.10697504463486e-05,309.188130210694,64.121944945056001,600.923177220811,16.914365617702899,490.41337696353997,0,0.94642039419407897,17.459216032224901,902.89137056769198,144.885323322619,59.090481697337303,59.530362947693497,0.43988125035620101,609.79653377829595,119.383156814849,2.6293723619083602,0.48192741102860498,0.195381988141337,0.181065967325308,0.0136702276988248,0.074374800000237898,58.144061303143097,40.684845270906699,95.165298437705601,0,0,0,0,0,0,0.24109602653620801,0.00186175525620065,7.6672703741564901e-05,2952.52915610235,31069.1224555351,1.1807070812077501e-11,164.46495294147101,6.1329274103627498e-07,0,1,0,36.233433426919198,36.5648669835101,1.43454306957608e-05,0.33141921115980399,57
6.2999999999999998,-3.6371870046226397e-05,309.10525032937397,61.450593244092801,600.923177220811,16.914365617702899,503.829823654336,0,0.94787091643829102,17.459230495526299,917.22712192492497,147.20392348796699,59.091971545968697,59.539825376241403,0.44785383027270398,623.21298046905895,119.383156814849,2.6293739702751902,0.48192776129575698,0.19550087554651899,0.18119725189718799,0.0136702276988248,0.075574800000244594,58.1441006295303,40.684870133995098,156.734964526895,0,0,0,0,0,0,0.251510353158374,0.00020442590404639099,2.8951951946964998e-07,2951.7377115346499,31052.468128885099,9.2603905146170502e-12,151.047016402038,6.2280287238536403e-07,0,1,0,36.161038942484097,36.5648669835101,1.43454306957608e-05,0.403813695594952,57
6.4000000000000004,-3.9560414075840599e-05,309.02238944144102,57.365245290494499,600.923177220811,16.914365617702899,523.24453331501002,0,0.94931041112411996,17.459244426061701,931.55518857734796,149.52190212515501,59.0934235977805,59.549111902375898,0.45568830459500997,642.62769012972797,119.383156814849,2.6293738813974898,0.48192809808610798,0.19561804799919799,0.181319237339987,0.0136702276988248,0.0767748000002514,58.144113186656497,40.684868760584202,218.53261461998801,0,0,0,0,0,0,0.26935188411382099,0.00029600924531105399,-9.4233953973343897e-07,2950.9464483404399,31035.822082231702,1.0955184532963799e-11,131.63085468954401,6.3239531300496299e-07,0,1,0,36.088787711165701,36.5648669835101,1.5737825518098699e-05,0.47606353451859201,57
6.5,-4.70555473014059,308.91727100444399,55.472727834797297,613.80825143262598,17.197021868746301,547.37661290685401,0,1.0217002294696,18.718044397516898,945.87492662379304,151.83920696343901,56.105675318915701,59.568922778140902,3.46324745922497,666.75976972157196,119.383156814849,2.3397561351254699,0.51675512198240603,0.21493689560071799,0.196964501445624,0.0151223104408541,0.077921400000257796,55.0839750894459,36.210934974700997,253.386390711725,-4.7091047409214104,-82.181773216212306,-54.5521419539824,0,0,0,0.15005768212088999,-2.0544456127414401,-4.7063030009297799,2949.9426412089601,31014.711105570801,0.154995717228439,123.08894133734,6.4213486439257405e-07,0,1,0,31.5455520337071,36.5648669835101,4.4739496396058103,0.54536531019703505,57
6.5999999999999996,-4.7067113431983802,308.79824530121499,55.1901715613702,635.07549976394796,17.8248987694334,574.19709364555695,0,1.14499608092276,20.934210225347201,960.18389383881595,154.155640135195,51.175305869213503,59.5982644019712,8.4229585327573293,693.58025046027501,119.383156814849,1.8689952612032401,0.57792129704996698,0.24772494815607399,0.22321163796393501,0.017016797752788099,0.079121400000264602,50.030309788290701,28.941027641266501,280.35485740162699,-4.7072903247136404,-104.786275090381,-54.510112214811002,0,0,0,0.15093188728670101,-2.12436917311096,-4.7074622531218004,2948.8060294675201,30990.815797860501,0.15507192167734599,121.838201478939,6.52068138151662e-07,0,1,0,24.2198783669558,36.5648669835101,11.7438569730403,0.60113164351386505,57
6.7000000000000002,-4.1154370500186399,308.680079328874,54.857217276857298,659.87216376735205,18.678960946830401,604.50370260485101,0,1.2640573425093999,23.053395455645799,974.48184426552905,156.47118139894499,46.2769287204435,59.626856972758603,13.3499282523148,723.88685941956896,119.383156814849,1.40905412564338,0.63641081913442399,0.279704116870787,0.248728569429329,0.0188924370748631,0.080321400000271298,45.012871377933898,21.8409181675,320.00000000009499,-3.9129833418621698,-131.42261785141699,-47.837620739302402,0,0,0,0.26101367239316098,-1.8809621928335201,-4.1162264991489996,2947.6776275513198,30967.102196706001,0.118557754788663,120.37257149441299,6.61693775327876e-07,0,1,0,17.078600083785801,36.5648669835101,18.843966446806899,0.64230045291719495,57
6.7999999999999998,-2.4540386731405102,308.57317495266,54.671044835610999,688.33555026393003,19.8016919991754,636.503702604777,0,1.3335190811695601,24.060279580803101,988.76930833292704,158.78587338099899,42.433229922487797,59.647232267229001,17.214002344740699,755.88685941949404,119.383156814849,1.0951740270527299,0.66420083291814402,0.30100054727699499,0.26604906489387897,0.020747236080547099,0.081521400000278105,41.099710841318299,16.997275119850698,319.999999999735,-2.3352918006499599,-146.31641315112299,-31.5584782771436,0,0,0,0.25354543305574101,-1.53283927100475,-2.4549491602998699,2946.6567659565599,30945.656397618601,0.042156140664884802,119.55692573669501,6.7143901105737303e-07,0,1,0,12.206084053674701,36.5648669835101,23.687609494456101,0.67117343537898799,57
6.9000000000000004,-1.46325048819544,308.47603535005101,54.558452750207103,718.58993653695404,21.069694465176099,668.50370260470197,0,1.36916950133947,24.418600948242901,1003.0473663396,161.09980330826701,39.9115488064405,59.660579603580302,19.749030797139199,787.88685941942003,119.383156814849,0.90793116338195601,0.67409048797341398,0.31341397604030602,0.27635229040360398,0.0225913469221544,0.0827214000002848,38.542379305101001,14.1087906429204,319.99999999977399,-1.39276383800863,-155.32377998343301,-19.891084637450199,0,0,0,0.24906801591547001,-1.3669646498920001,-1.4642347725257701,2945.7291510810501,30926.175925217802,0.0149877139384294,119.064990659863,6.8159010879753602e-07,0,1,0,9.2963426692782303,36.5648669835101,26.576093971386499,0.69243034284510296,57
6.9699999999999998,-1.0180824653479099,308.41167378590302,54.5011155245681,740.50420257200801,22.019945058637301,690.90370260464999,0,1.3842148797206399,24.5204180320817,1013.0368030996,162.71913253359,38.725691171074502,59.667318724572702,20.9416275534977,810.28685941936806,119.383156814849,0.82396251915720398,0.67690062172156196,0.31891009968095102,0.28096486758984501,0.0238778907283002,0.083561400000289596,37.3414762913537,12.8138028159289,319.99999999974102,-0.96925912628062705,-159.91075803455001,-14.176181605243301,0,0,0,0.24706640905049601,-1.2928480552572299,-1.0190998623516001,2945.11454341629,30913.272171412202,0.0072554433437420898,118.814863736893,6.8825806920358403e-07,0,1,0,7.9893082946847001,36.5648669835101,27.8710817983781,0.704476890447152,57
6.9800000000000004,-0.96659916639007104,308.40265681547498,54.494164387683703,743.67392002758504,22.1591017835873,694.10370260464197,0,1.3859424905625399,24.5298258713504,1014.4635277858,162.95043790691301,38.586557546128503,59.668154696850898,21.081597150722001,813.48685941936003,119.383156814849,0.81426405286899095,0.67716027523912503,0.31954208472700502,0.28149727580232298,0.024061454794099098,0.083681400000290201,37.200615055565699,12.6642489865768,319.99999999974102,-0.92028120177927897,-160.46684898530401,-13.4963860402178,0,0,0,0.246834866161706,-1.28427073355396,-0.96762038756192903,2945.0284376913801,30911.464587524199,0.0065401976392618702,118.784558092476,6.8918211582058596e-07,0,1,0,7.8381716764606804,36.5648669835101,28.020635627730101,0.70605967931909897,57
6.9900000000000002,-0.91770000191804302,308.39367775059299,54.487498765647103,746.85226418267905,22.2990169885983,697.30370260463496,0,1.3875850265793599,24.538307082673501,1015.8901692220099,163.181736531756,38.454043719241,59.668963645701801,21.214919926460301,816.68685941935303,119.383156814849,0.80505565928114997,0.67739435376419999,0.32014159336792902,0.28200271067128602,0.024244968775956399,0.083801400000290904,37.066458692661399,12.5222563969341,319.99999999974102,-0.87376167627877699,-161.00009874823499,-12.847092078371301,0,0,0,0.24661483787712299,-1.27612246261899,-0.91872485388666503,2944.9426939377599,30909.664654874501,0.0058952130546426401,118.755500869456,6.9014504333608805e-07,0,1,0,7.6946257682513499,36.5648669835101,28.162628217372799,0.70761299788568999,57
7,-0.87125527559218796,308.38473469820201,54.481110174913702,750.038878059269,22.439661222857598,700.50370260462796,0,1.38914804465548,24.545952658062198,1017.3167277525801,163.413028435835,38.327859595394997,59.669746933134,21.341887337738399,819.886859419345,119.383156814849,0.79631273976889005,0.67760536868057697,0.32071030909550802,0.28248253208358498,0.024428434795831198,0.083921400000291593,36.938711550739399,12.387445292391201,319.99999999971999,-0.82957716367810996,-161.51118600690299,-12.2271240948212,0,0,0,0.246405720701945,-1.2683818050384701,-0.872283574679944,2944.8572940781,30907.871993336201,0.0053136002867305299,118.72765463564301,6.9105840339034298e-07,0,1,0,7.5582893353256102,36.5648669835101,28.2974393219157,0.70913832626852802,57
7.0099999999999998,-0.82714179985877601,308.375825860259,54.474990063373198,753.23341555631305,22.581005752708599,703.70370260462005,0,1.3906366969192101,24.552844669177201,1018.74320370475,163.644313645484,38.2077255020561,59.670505852320403,21.462780350263799,823.086859419338,119.383156814849,0.788011930307146,0.67779558517004201,0.32124982568330901,0.28293803116029598,0.0246118549055807,0.084041400000292296,36.817088805136798,12.2594549910607,319.99999999971999,-0.78761046954196001,-162.00079493014101,-11.635330643639101,0,0,0,0.24620694361338599,-1.2610284036094499,-0.82817337160756599,2944.77222094234,30906.086241873902,0.0047891448995153003,118.700981696185,6.9188581619528101e-07,0,1,0,7.4288002900118801,36.5648669835101,28.425429623246199,0.710637070251805,57
7.0199999999999996,-0.78524256923261404,308.36694952896403,54.469129844907201,756.43554150563102,22.723022586325499,706.90370260461304,0,1.3920557633637001,24.5590571410726,1020.16959738951,163.87559218572201,38.093372071497797,59.671241631090098,21.577869559591701,826.28685941932997,119.383156814849,0.78013103951252705,0.67796704632773297,0.321761652200449,0.283370433748176,0.024795231087354701,0.084161400000292902,36.701316308133997,12.137942925814301,319.99999999971999,-0.74775028047708003,-162.46961240742701,-11.0705866548053,0,0,0,0.24601796629001299,-1.2540429226855201,-0.78627724792834597,2944.6874582222199,30904.3070575846,0.0043162412477452602,118.67544424245401,6.9290126702981101e-07,0,1,0,7.3058147300014502,36.5648669835101,28.546941688492598,0.71211056501579595,57
7.0300000000000002,-0.74544645001201804,308.35810408223398,54.4635209330661,759.64493168539605,22.8656844936475,710.10370260460502,0,1.3934096816274799,24.564656840395301,1021.59590910243,164.10686408032001,37.984540089345501,59.671955435241898,21.687415345895801,829.48685941932297,119.383156814849,0.77264898979491703,0.67812159491647395,0.32224721772370402,0.28378090373314502,0.024978565254176799,0.084281400000293605,36.591130407717799,12.0225837344544,319.99999999972903,-0.70989086908858801,-162.91832535471301,-10.5317951871397,0,0,0,0.245838277445314,-1.2474069938313701,-0.74648407826227703,2944.6029904279599,30902.534114786798,0.0038898328688486399,118.651004497061,6.9391990109579595e-07,0,1,0,7.1890060249744696,36.5648669835101,28.662300879852602,0.71356007868285098,57
7.0999999999999996,-0.51752904009050804,308.296930576872,54.430587336723498,782.28909636757703,23.880257697485099,732.50370260455304,0,1.4013753781206999,24.591079711326699,1031.5778178097801,165.72558302661099,37.357582551992898,59.6764230576294,22.318840505636,851.88685941927099,119.383156814849,0.72988099813777396,0.67885084331429102,0.32501604343158702,0.286126216769991,0.026260874604851998,0.085121400000298303,35.956207173871903,11.363252608394699,319.99999999975302,-0.49306551656339098,-165.55301306212201,-7.4011761115180503,0,0,0,0.24480297846342999,-1.20938132815813,-0.51858352400069296,2944.0188264820799,30890.274156014199,0.00187485415135902,118.507553512827,7.0101850724313398e-07,0,1,0,6.5201058532979301,36.5648669835101,29.3216320059121,0.72312912429977105,57
7.2000000000000002,-0.30428825450736302,308.21124522798601,54.398455798918597,815.05549441617495,25.3673084874174,764.50370260447801,0,1.40950736859023,24.6067740407074,1045.8308929872301,168.03748768665301,36.776803591307498,59.681597674094803,22.9047940827869,883.88685941919596,119.383156814849,0.69073332602515203,0.67928397197824097,0.32754028877169,0.28827136636915401,0.028090341471155099,0.086321400000305096,35.367296222717101,10.7598740426176,319.999999999735,-0.29342066312938497,-168.123536086515,-4.4511789357844096,0,0,0,0.24376160399802399,-1.5276116549285499,-0.30535468562797902,2943.2005916725402,30873.105797620301,0.00064813939281796603,118.367679732276,7.10469066689257e-07,0,1,0,5.9043554795872897,36.5648669835101,29.925010571689199,0.73550093223331703,57
7.2999999999999998,-0.17993923201089901,308.12680787984698,54.379115583972499,848.14139475324203,26.8834882312552,796.503702604404,0,1.4154461019932201,24.612280370046602,1060.0761081702201,170.34875479804299,36.4306754491164,59.6858944580935,23.2552190089765,915.88685941912104,119.383156814849,0.66755464417078003,0.679435910397309,0.32903029975711501,0.28954051330859998,0.029917978530205201,0.087521400000311805,35.015229347122997,10.4027223301867,319.99999999971402,-0.17388760193604699,-169.67075328220099,-2.6541773292739799,0,0,0,0.243175666952438,-1.8150621836338201,-0.18101610936183099,2942.3942743922698,30856.192163622902,0.000226646890516705,118.283528467802,7.1988165473157995e-07,0,1,0,5.5357943171443598,36.5648669835101,30.282162284120201,0.74691038224531003,57
7.4000000000000004,-0.105205996735068,308.04312048602401,54.367376613754502,881.41994705110005,28.417371716650301,828.50370260432896,0,1.42015228180732,24.614208756154898,1074.3135556186401,172.65939167135701,36.226407135015101,59.689669558249904,23.463262423234099,947.88685941904703,119.383156814849,0.65387327318424904,0.67948909680480596,0.329908193007313,0.290289077972608,0.031744514022610602,0.088721400000318598,34.806254853207598,10.191968618941299,319.99999999965701,-0.10200164521995,-170.60987089964101,-1.5625136991984701,0,0,0,0.24279444694709101,-1.98889582901869,-0.106289089194522,2941.5951186481798,30839.433325599301,7.7478112243133603e-05,118.232465594473,7.2935335992951899e-07,0,1,0,5.3142090508826199,36.5648669835101,30.4929159953655,0.75774193726171901,57
7.5,-0.060040792058838298,307.95989544658403,56.3110356291334,900.15540897632002,28.983063164908401,838.18594117013004,0,1.4242229523125101,24.614865171974898,1088.54329232809,174.96940276084601,36.109095295643399,59.693214440175304,23.584119144531201,957.56909798484799,119.383156814849,0.64595219563976403,0.679507176245017,0.33041590214689798,0.290730459934815,0.0336480139857969,0.089921400000325294,34.684872343330703,10.0699819370796,58.723375688844897,-0.059013373552899699,-15.117149669324,-0.905831903293421,0,0,0,0.23274191968031099,-2.1555990162521899,-0.0611272222750259,2940.8003780632198,30822.771591127999,2.5234276977368601e-05,126.837309345021,7.3881483331206297e-07,0,1,0,5.1817375234930099,36.5648669835101,30.6149026772271,0.76822678278968204,57
7.5999999999999996,-0.018375218377846302,307.877001212408,56.521558765300597,906.98694898375697,29.048436717998399,844.05827873904695,0,1.42731485389227,24.6150510273328,1102.7653549363499,177.27879087155301,36.052769315768998,59.696054760720898,23.643285444951299,963.44143555376399,119.383156814849,0.64208239504068099,0.67951226801835996,0.33066239140765502,0.29095028775559301,0.035068506710673499,0.091121400000332101,34.625454461876402,10.010401071004001,58.723375688844897,0,0,0,0,0,0,0.25114884660929998,-1.62938409612459,-0.01892655091984,2940.0087964358499,30806.180559552198,2.3635405530347901e-06,127.787464210373,7.4813738137891103e-07,0,1,0,5.1118758341979698,36.5648669835101,30.6744835433026,0.77850760600914704,57
7.7000000000000002,-0.0036898782217189498,307.79430844404101,56.533054197135101,912.93881802751298,29.097503785782401,849.93061630796399,0,1.42883241199745,24.615089391273699,1116.9797725338799,179.58755819785401,36.031249258995601,59.698434128644898,23.6671848696488,969.31377312268103,119.383156814849,0.64058333617071805,0.67951328762424401,0.33077680446297802,0.29106164532935203,0.035159274580886697,0.092321400000338796,34.602416846997698,9.9873273604186696,58.723375688844897,0,0,0,0,0,0,0.27219879861006302,-0.084690290843576405,-0.0036550350346331601,2939.2191386652398,30789.634300927199,9.5306409037810698e-08,127.839448674249,7.57585212340928e-07,0,1,0,5.0786155220309297,36.5648669835101,30.697557253888,0.78869420759077302,57
7.7999999999999998,-8.1859770566978406e-05,307.71174380661103,56.532522238545198,918.85746056214498,29.146022253621599,855.80295387688102,0,1.43026121955305,24.615102890604799,1131.1865610704299,181.895705868443,36.031441605098102,59.706912687815901,23.675471082717198,975.18611069159795,119.383156814849,0.64050211718868899,0.67951361441257896,0.33089190440903898,0.29117502615055701,0.035159274580886697,0.093521400000345603,34.601180385544701,9.9860774948941895,58.723375688844897,0,0,0,0,0,0,0.27215427438471002,-0.00099880885752523106,-4.3014136696939397e-05,2938.43070445494,30773.118114864199,4.6907154260948401e-11,127.83704282606401,7.6730793807655605e-07,0,1,0,5.0672205354084099,36.5648669835101,30.6988071194125,0.79883932868880003,57
7.9000000000000004,-3.9388961081635699e-05,307.62920439332902,56.532450677535302,924.77947566191699,29.1945960249572,861.67529144579703,0,1.4316899813756101,24.615116235018998,1145.3857291020299,184.203234412124,36.032869006408397,59.715979611374699,23.6831106049654,981.05844826051498,119.383156814849,0.64050116137652702,0.67951393657565295,0.33100698283540703,0.29128838738367102,0.035159274580886697,0.094721400000352299,34.601179025032401,9.9860627900038708,58.723375688844897,0,0,0,0,0,0,0.27208192212372601,-1.3899488246220099e-05,-5.0616622004895404e-07,2937.6425111175199,30756.611403593601,1.08604317856343e-11,127.836719184318,7.7685308497166303e-07,0,1,0,5.0570815351916902,36.5648669835101,30.6988218243029,0.80896362401518795,57
7.9699999999999998,-3.88995244651087e-05,307.57143818690002,56.532248159594303,928.9253797028,29.228605760975402,865.78709237630301,0,1.4326900903608499,24.615125573418499,1155.3206146350301,185.81813609481,36.033878285997702,59.722329526050203,23.688451240051599,985.17024919102096,119.383156814849,0.64050115046703404,0.67951416202328196,0.33108752491421201,0.29136772884246898,0.035159274580886697,0.095561400000357094,34.601188195636503,9.9860626222086992,58.781579452645801,0,0,0,0,0,0,0.27203180979286201,-2.6578845697774401e-06,-2.3152590955533001e-08,2937.09088447971,30745.061616216499,1.0592211025281101e-11,127.835803279118,7.83277755544987e-07,0,1,0,5.05000640350986,36.5648669835101,30.6988219920982,0.81603858790178396,57
7.9800000000000004,-3.88898251158405e-05,307.56318663352999,56.532183148663897,929.517908428851,29.233468507398701,866.37490817083199,0,1.4328329613804001,24.615126907292701,1156.73957940992,186.04881157910501,36.034022488056301,59.723236530813899,23.689214042756799,985.75806498555005,119.383156814849,0.64050115028266497,0.67951419422576598,0.331099030052525,0.29137906252122697,0.035159274580886697,0.0956814000003577,34.601189526675498,9.9860626193733992,58.781579452645801,0,0,0,0,0,0,0.27202482436571801,-2.4679026300393999e-06,-1.44195766438315e-08,2937.0120879492902,30743.411975955802,1.05869294827846e-11,127.835509262163,7.8459038377332004e-07,0,1,0,5.0489964998826604,36.5648669835101,30.6988219949335,0.81704848869368696,57
7.9900000000000002,-3.9185465781188499e-05,307.55493527043501,56.524143714915198,930.11349152097898,29.238381676736399,867.00179027490503,0,1.43297583117952,24.615128241079599,1158.15846804946,186.27948087480701,36.0341666607641,59.72414347454,23.6899768137751,986.38494708962298,119.383156814849,0.64050114827469395,0.67951422642613302,0.331110534826356,0.29139039534614303,0.035159274580886697,0.095801400000358403,34.601190829584297,9.9860625884950895,65.584748326596596,0,0,0,0,0,0,0.27205637011329997,-3.9880418094900901e-07,-3.07411873734509e-07,2936.9332932358602,30741.7624179905,1.0748505099420901e-11,127.799152908176,7.8544826465076799e-07,0,1,0,5.0479867701745702,36.5648669835101,30.698822025811801,0.81805818752346404,57
8,-3.9006726089019902e-05,307.54668409775002,56.512878306168098,930.72370441363103,29.243539249047,867.657637758173,0,1.43311869667694,24.615129574618301,1159.57728055745,186.510143982057,36.034310828106697,59.725050321614098,23.690739493506499,987.04079457289004,119.383156814849,0.64050114621367504,0.67951425862034198,0.33112203867222201,0.29140172480349302,0.035159274580886697,0.095921400000359106,34.6011921314294,9.9860625568016292,65.584748326596596,0,0,0,0,0,0,0.27210326568918602,1.7249567292040799e-06,-1.23467902568564e-07,2936.8545003407198,30740.112942344502,1.0650672761286799e-11,127.74821657791099,7.8639482126163795e-07,0,1,0,5.0469772415790004,36.5648669835101,30.6988220575052,0.81906768442556999,57
8.0099999999999998,-3.89101232843303e-05,307.538433115582,56.504323212132903,931.34639165731005,29.248909736257399,868.31348524144005,0,1.4332615584456501,24.6151309079386,1160.99601693771,186.740800901,36.034455012773002,59.725957092257701,23.691502079483801,987.696642056158,119.383156814849,0.640501145535877,0.67951429080913395,0.33113354169445403,0.29141305136117301,0.035159274580886697,0.096041400000359795,34.601193454327102,9.9860625463789994,65.584748326596596,0,0,0,0,0,0,0.27213713452559501,2.4233887904528701e-06,-2.3196999876518001e-08,2936.7757092648599,30738.463549035801,1.05979838580125e-11,127.709541666447,7.8732045949436703e-07,0,1,0,5.0459679361375702,36.5648669835101,30.6988220679278,0.82007697944437596,57
8.0199999999999996,-3.9503341569803499e-05,307.53018232382198,56.494173142434697,931.97889579498599,29.254450879184201,868.98618175849901,0,1.4334044171920199,24.615132241077301,1162.41467719401,186.971451631777,36.03459919502,59.726863787426403,23.6922645924056,988.36933857321606,119.383156814849,0.64050114490904997,0.67951432299343595,0.33114504402178202,0.291424375595914,0.035159274580886697,0.0961614000003604,34.6011947778277,9.98606253674056,77.006510447937302,-0.0146193235721877,-0.46614860522368001,-0.22461890799049,0,0,0,0.26546303331469301,-0.00075014923797525005,-6.1070037915555996e-07,2936.6969200072799,30736.814238039999,1.09235979662639e-11,127.66366396189601,7.8823359217494705e-07,0,1,0,5.0449588324360599,36.5648669835101,30.698822078450501,0.82108607262324895,57
8.0299999999999994,-0.015788887645190298,307.52192008023098,56.468472338594403,932.63664613918604,29.260444280402101,869.75624686298295,0,1.43354728687871,24.615135918549601,1163.83326127896,187.202096170369,36.032420265236702,59.727052221252897,23.6946319560153,989.13940367770101,119.383156814849,0.64034979360761501,0.67951442059148504,0.331156520903236,0.29143567080310101,0.035159274580886697,0.096281400000361103,34.598872978357697,9.9837353147863599,77.006510447937302,-0.0135349505600862,-2.5222129124478001,-0.20796447941437099,0,0,0,0.27251937099143098,0.0046208095202643603,-0.0157512784237923,2936.6180213927701,30735.162682195401,1.7450228115071001e-06,127.547534730184,7.8913581091910601e-07,0,1,0,5.0416229398442898,36.5648669835101,30.701149300404701,0.82209474326083498,57
8.0999999999999996,-0.0080701276992243692,307.46411243199498,56.303824684131797,938.01881299873605,29.318108944927001,875.83418813673495,0,1.4345472202834499,24.615153883895399,1173.76121632799,188.81643448456799,36.021688954218,59.729155967642797,23.707467013423798,995.21734495145301,119.383156814849,0.63958569178466695,0.679514887710294,0.331236959654234,0.291514698338038,0.035159274580886697,0.097121400000365801,34.587141733934402,9.9719873941513093,99.869998843732503,-0.0074255185148351501,-15.694025269456199,-0.114108809548881,0,0,0,0.27322837785348902,0.020032706204330699,-0.0080310278049999795,2936.0659990148501,30723.608640918101,4.5588872757251802e-07,126.80482696245799,7.9574397204851298e-07,0,1,0,5.0228308045951104,36.5648669835101,30.7128972210398,0.82913895787496406,57
8.1999999999999993,-0.0022465608730639799,307.381595073982,56.036830896585698,948.47819773684103,29.4709474408915,887.34608848104904,0,1.43597468614671,24.615169502195101,1187.93753758754,191.12210584892199,36.016105137226901,59.735122380416101,23.719017243188301,1006.7292452957701,119.383156814849,0.63912858273448803,0.67951527492312302,0.331351734783846,0.29162700185885199,0.035159274580886697,0.098321400000372594,34.580130451080002,9.9649609135567001,134.222271537739,-0.00187947043124023,-37.053528273143002,-0.028882834376986799,0,0,0,0.27442807277271702,0.0073881867997389796,-0.0022073305916414702,2935.2780162897402,30707.1196218232,3.5329250294673801e-08,125.605056677302,8.0534118751529604e-07,0,1,0,5.0057771461904901,36.5648669835101,30.7199237016344,0.83916613568496901,57
8.3000000000000007,-2.5880986992157101e-05,307.29912825169498,55.764041288451303,962.38222056000598,29.740076023604399,902.20019940448105,0,1.4374011575041801,24.615182781646201,1202.1062520938301,193.427158539852,36.0168130987349,59.743793570408101,23.7269804716721,1021.5833562192,119.383156814849,0.63908096874250298,0.679515595857625,0.33146633272515802,0.291738554340502,0.035159274580886697,0.099521400000379304,34.579411941230603,9.9642291595807606,168.65439990051101,-0,-58.876696923894698,-0,0,0,0,0.27553569761987601,0.000332759984266349,1.3386851627217299e-05,2934.4905161452498,30690.6451228818,4.6887784138174403e-12,124.38513203280399,8.1506937021913504e-07,0,1,0,4.9950092250454299,36.5648669835101,30.720691335626899,0.84916642283753296,57
8.4000000000000004,-3.95653487901999e-05,307.21668414321601,55.4887361944904,979.78368949354399,30.1608823000585,920.40455700672806,0,1.4388266501174301,24.615195942245801,1216.2673651713601,195.731592824487,36.018256407885403,59.752803674340697,23.7345472664542,1039.7877138215199,119.383156814849,0.63908127178262497,0.679515913440908,0.33158073290962597,0.29184932918599799,0.035159274580886697,0.100721400000386,34.579429757767699,9.9642338155120402,203.17921742379701,-0,-80.901104440765195,-0,0,0,0,0.276828410593918,2.0494596690802902e-05,-1.7297274723659899e-07,2933.7032329016602,30674.179580184598,1.09579177742312e-11,123.15999377847,8.2411088442313495e-07,0,1,0,4.9850291717839301,36.5648669835101,30.720691348815599,0.859146462910372,57
8.5,-3.9977625289046297e-05,307.13425903513598,55.210652165913999,1000.72651973261,30.769808272351401,941.96837287373296,0,1.4402511525131201,24.615209047869399,1230.42088066208,198.035408849513,36.019694082717798,59.761792524098297,23.742098441379401,1061.35152968852,119.383156814849,0.63908127613274601,0.67951622965567005,0.33169493096174901,0.291959317314815,0.035159274580886697,0.101921400000393,34.579442930204102,9.9642338823249208,237.80955759950299,-0,-103.147826726883,-0,0,0,0,0.278148118775772,1.6012047681117299e-05,-4.4144465860540502e-07,2932.91613109851,30657.7222487451,1.11874736662598e-11,121.92864450342201,8.3361305769358296e-07,0,1,0,4.9750689707025497,36.5648669835101,30.720691450088399,0.86910656271889997,57
8.5999999999999996,-3.9449744299650099e-05,307.05185294569998,54.926776502511601,1025.2584195153299,31.6048472002139,966.91441060794102,0,1.4416746500150499,24.615222097484299,1244.5668023565499,200.338606757549,36.021130628625301,59.770762053525999,23.7496314248998,1086.29756742266,119.383156814849,0.63908127605443099,0.67951654447548804,0.33180892216967101,0.29206850878900498,0.035159274580886697,0.1031214000004,34.579455978609701,9.9642338811157707,260.961412272507,-0,-125.857879799071,-0,0,0,0,0.27951036620888497,1.6092746569893699e-05,2.3326673925794199e-07,2932.12921091003,30641.273129150999,1.0893976277154399e-11,120.678031078274,8.4331281868799103e-07,0,1,0,4.9651286352527899,36.5648669835101,30.720691586303101,0.87904676195388398,57
8.6999999999999993,-3.96144891035115e-05,306.96946587078799,54.634692883313598,1053.4281903541601,32.7054934892641,995.26214412341699,0,1.4430971275220299,24.615235090020999,1258.70513404398,202.64118669122101,36.022566082970897,59.779711938204301,23.757145855232299,1114.6453009381401,119.383156814849,0.63908127503217405,0.67951685787433402,0.33192270162766702,0.292176893439135,0.035159274580886697,0.104321400000406,34.579468955448398,9.9642338654176594,295.79614240621902,-0,-149.22456933490801,-0,0,0,0,0.28092928800941602,1.7146123803868499e-05,2.2186030790294401e-07,2931.3424722968798,30624.832217523901,1.09851542285256e-11,119.39798665815999,8.5291458162828296e-07,0,1,0,4.95520815040038,36.5648669835101,30.720691732744601,0.88896710036483495,57
8.8000000000000007,-4.0519006898324898e-05,306.88709781336598,56.889859786491499,1065.9201168638001,33.060585518128399,997.33727811494805,0,1.44452376458196,24.615248300867702,1272.8358795127899,204.94314879320899,36.024007369352098,59.788727811887902,23.7647204425346,1118.37979638974,121.042518274984,0.63908136873867605,0.67951717674664303,0.33203725408530799,0.29228865916911501,0.035159274580886697,0.105521400000413,34.579483604769699,9.9642353038916696,-7.9527578515887303,0,0,0,0,0,0,0.26971975487782701,-7.9413028456554706e-05,-1.9146795260383e-06,2930.5559152873898,30608.399511400901,1.1492529440185501e-11,129.45824586106599,8.6233376350719503e-07,0,1,0,4.9453054287103804,36.5648669835101,30.720693938239599,0.898867616559752,57
8.9000000000000004,-3.8639886682640499e-05,306.80474874905099,56.994020062497697,1066.33686402321,33.060975610417003,997.27770603720398,0,1.4459535791209599,24.615261676100101,1286.95904254678,207.244493205927,36.025449459901203,59.797790919483298,23.772341459580801,1118.37979638974,121.102090352722,0.63908129709650796,0.67951749974811604,0.33215238115833801,0.29240302363361398,0.035159274580886697,0.10672140000042001,34.579495880779703,9.9642342046702908,0,0,0,0,0,0,0,0.26915515125356598,-5.5899009492964001e-06,-9.8607788601157207e-08,2929.7695396487102,30591.975002864601,1.0451285899931099e-11,129.93273291537599,8.7194416664715401e-07,0,1,0,4.9354235993059197,36.5648669835101,30.720695037460999,0.90874834674286098,57
8.9700000000000006,-3.85439918241526e-05,306.74711571378401,56.9990468300592,1066.3607963673101,33.060977052301901,997.27770603720398,0,1.44695449562862,24.6152710397219,1296.84074714846,208.855066846065,36.026459696081702,59.804134558469698,23.7776748623868,1118.37979638974,121.102090352722,0.63908129423138704,0.67951772587717496,0.332232969877297,0.29248312529325199,0.035159274580886697,0.10756140000042499,34.579505200452701,9.9642341607214604,0,0,0,0,0,0,0,0.26908087555653798,-2.6375591303333301e-06,-1.22568621918617e-08,2929.2191847018198,30580.482724585701,1.03994751401824e-11,129.95565358141101,8.7882108346093404e-07,0,1,0,4.92851879336758,36.5648669835101,30.720695081409801,0.91565310873233197,57
8.9800000000000004,-3.8539816038723301e-05,306.73888318302102,56.999250372411197,1066.3618688455001,33.060977068309398,997.27770603720398,0,1.44709748267367,24.615272377232699,1298.25211616405,209.085124095639,36.026604019004502,59.805040668956103,23.7784366499504,1118.37979638974,121.102090352722,0.639081294124903,0.67951775817785298,0.33224448179293797,0.29249456812198399,0.035159274580886697,0.107681400000425,34.579506536330399,9.9642341590882992,0,0,0,0,0,0,0,0.26907269376444798,-2.5278333432960199e-06,-9.1859853057485502e-09,2929.14056982392,30578.841298319301,1.0397221942090501e-11,129.956581720673,8.7921375779842503e-07,0,1,0,4.9275331860469596,36.5648669835101,30.720695083043001,0.91663871441978395,57
8.9900000000000002,-3.85364534881312e-05,306.73065084223902,56.999404548721699,1066.3627162141099,33.0609770782984,997.27770603720398,0,1.4472404693662599,24.615273714701399,1299.6634094234,209.31517517088699,36.026748341941101,59.805946746644999,23.779198404702701,1118.37979638974,121.102090352722,0.63908129404505698,0.67951779047753802,0.33225599350183099,0.29250601080598898,0.035159274580886697,0.107801400000426,34.579507872574403,9.9642341578637197,0,0,0,0,0,0,0,0.26906474506269101,-2.44555696414565e-06,-6.9055872131684704e-09,2929.0619567601898,30577.1999539836,1.0395407732100301e-11,129.957284756354,8.79284698385163e-07,0,1,0,4.9265477762367498,36.5648669835101,30.720695084267501,0.91762412300542695,57
9,-3.86351336064406e-05,306.72241869142198,56.998396469265202,1066.36359692824,33.060977090862103,997.28303917348398,0,1.44738345563781,24.615275052124101,1301.0746269302899,209.54522007194899,36.026892660876698,59.8068527884625,23.779960127584602,1118.3851295260199,121.102090352722,0.63908129373475997,0.67951782277614403,0.332267504991616,0.29251745328915002,0.035159274580886697,0.10792140000042701,34.579509205238502,9.9642341531049397,1.8882434198085101,0,0,0,0,0,0,0.26906232762110799,-2.12581342791001e-06,-1.06215036765889e-07,2928.9833455105099,30575.5586915727,1.04487148415126e-11,129.95268800270199,8.8110505203076204e-07,0,1,0,4.9255625599547397,36.5648669835101,30.7206950890263,0.91860933452865401,57
9.0099999999999998,-3.8576997946373302e-05,306.71418673053802,56.995142020690999,1066.3677844914901,33.060977353326699,997.30192160767206,0,1.4475264406237001,24.6152763894566,1302.48576868849,209.77525879896999,36.027036971821801,59.807758779249099,23.780721807426101,1118.40401196021,121.102090352722,0.63908129299315697,0.67951785507255202,0.33227901610773902,0.29252889486251199,0.035159274580886697,0.108041400000427,34.579510531197798,9.9642341417317706,1.8882434198085101,0,0,0,0,0,0,0.26907045948251901,-1.3616339154043601e-06,-4.7344350662115202e-08,2928.9047360745499,30573.917511077099,1.04172933938815e-11,129.93784855835,8.8206252257805296e-07,0,1,0,4.9245775340830704,36.5648669835101,30.720695100399499,0.91959434902713599,57
9.0199999999999996,-3.8775583835973897e-05,306.705954959488,56.983210877876701,1066.3803688319899,33.060979878087103,997.36875482206199,0,1.4476694229776399,24.615277726629099,1303.8968347017999,210.00529135209101,36.027181253421098,59.808664687695597,23.781483434273301,1118.4708451746001,121.102090352722,0.63908129051997498,0.67951788736502095,0.33229052660881198,0.292540334422908,0.035159274580886697,0.108161400000428,34.579511830443003,9.9642341038043796,8.0943670667171492,0,0,0,0,0,0,0.26911969656354601,1.18683764882186e-06,-2.4117596808537201e-07,2928.8261284513601,30572.2764124737,1.05248213127445e-11,129.88345287810299,8.8300839706789702e-07,0,1,0,4.92359267864461,36.5648669835101,30.720695138326899,0.92057916653818095,57
9.0299999999999994,-3.8619359852675602e-05,306.69772337847201,56.971750233715198,1066.40922868231,33.060991656889399,997.44969849273502,0,1.44781240061879,24.6152790635347,1305.3078249739799,210.23531773145601,36.027325544661899,59.809570501732402,23.782244957069299,1118.55178884527,121.102090352722,0.63908128900021499,0.67951791965084696,0.33230203612270998,0.29255177026433599,0.035159274580886697,0.108281400000429,34.579513144042799,9.9642340804986809,8.0943670667171492,0,0,0,0,0,0,0.26916657243764303,2.7528626456738599e-06,-7.9765083427218997e-08,2928.7475226428801,30570.6353957998,1.04401846880132e-11,129.831212987713,8.8397632680425897e-07,0,1,0,4.9226080347789196,36.5648669835101,30.720695161632602,0.92156378709815401,57
9.0999999999999996,-3.8570839746728702e-05,306.64010763021298,56.859934714126403,1067.0962060801601,33.062097367026396,998.64368619159802,0,1.4488131043710699,24.615288413988299,1315.18263644539,211.845329533778,36.0283354934095,59.815908254216403,23.787572760805698,1119.74577654421,121.102090352722,0.63908128212252902,0.67951814545549205,0.332382573642302,0.29263171069237498,0.035159274580886697,0.10912140000043299,34.579522389037997,9.9642339750402602,25.373854769921302,0,0,0,0,0,0,0.269645310856441,9.8399215945455305e-06,1.97863947448695e-08,2928.1973327747501,30559.150572427199,1.0413967751374801e-11,129.322087027789,8.9060563368548205e-07,0,1,0,4.9157210837476404,36.5648669835101,30.7206952799595,0.92845061980243804,57
9.1999999999999993,-3.8655699071146702e-05,306.55781556239901,56.6628514524606,1070.0715047565,33.075083695510301,1002.49949387037,0,1.4502421187735599,24.615301740666801,1329.2830748722499,214.144821733876,36.029777801333402,59.8249510160542,23.795173214719799,1123.6015842229799,121.102090352722,0.63908127995952502,0.67951846725802101,0.33249751384121301,0.29274546309343102,0.035159274580886697,0.11032140000044,34.579535682559403,9.9642339418829593,51.422814290607,0,0,0,0,0,0,0.27051060478772698,1.2068772261573e-05,2.7746693831431899e-08,2927.41150141256,30542.7506417767,1.0459841494753399e-11,128.427149388945,9.0016578724316798e-07,0,1,0,4.9058993498979104,36.5648669835101,30.720695391732299,0.93827224187951697,57
9.3000000000000007,-3.8795270639053998e-05,306.47554248300702,56.4596207666441,1075.5911208489999,33.118044783973502,1008.89430559798,0,1.4516704184053899,24.6153150278965,1343.3759459892101,216.44369681467401,36.0312193822027,59.833979702799901,23.8027603205962,1129.9963959505101,121.102090352722,0.63908127956832195,0.67951878807700905,0.332612310305621,0.29285864544186402,0.035159274580886697,0.111521400000447,34.579548963797102,9.9642339358905492,77.618207256030999,-0,-3.23033866847027,-0,0,0,0,0.27141149254965002,1.24718847168874e-05,-1.51545442861334e-08,2926.6258513764401,30526.3588955823,1.05355111677021e-11,127.507551084531,9.0953949438699098e-07,0,1,0,4.8960972481772602,36.5648669835101,30.720695495206702,0.94807424012579999,57
9.4000000000000004,-3.8951492492018298e-05,306.39328838753897,56.254060990595399,1083.70491690983,33.210005717115699,1017.84147587697,0,1.4530979893027201,24.615328274834699,1357.4612535728099,218.74195491857,36.032660198097702,59.842994036468802,23.810333838370401,1138.9435662295,121.102090352722,0.63908127944144799,0.67951910789165104,0.33272695959216197,0.29297124723802298,0.035159274580886697,0.112721400000454,34.5795622087944,9.9642339339497692,103.94963853771699,-0,-19.675120752367501,-0,0,0,0,0.272330182209373,1.26026213623702e-05,-7.2779560156277499e-08,2925.8403826234398,30509.975329902099,1.06205313714903e-11,126.580775117345,9.1878564489889001e-07,0,1,0,4.8863147321869702,36.5648669835101,30.720695597567399,0.95785665375527296,57
9.5,-3.9123215900913702e-05,306.311053271611,56.046478895027199,1094.4464237101199,33.370604544969702,1029.3534070660701,0,1.4545248217723901,24.6153414808532,1371.5390013977701,221.039596187927,36.034100237548003,59.851993815314898,23.817893577765901,1150.4554974186101,121.102090352722,0.63908127950410598,0.67951942668654197,0.332841458979795,0.29308326152516501,0.035159274580886697,0.11392140000046,34.579575415775103,9.9642339349118902,130.40671300756301,-0,-36.281688397827502,-0,0,0,0,0.27326548941140999,1.2538056027875599e-05,-1.44111389488444e-07,2925.0550951117002,30493.599940818101,1.07143821570066e-11,125.648311861229,9.2820550889882704e-07,0,1,0,4.8765517633198501,36.5648669835101,30.7206956982936,0.96761952189614597,57
9.5999999999999996,-3.9312462298938401e-05,306.22883713084599,55.836962737944702,1107.8479129447901,33.620167761282303,1043.4415493802301,0,1.45595090640338,24.615354645332602,1385.60919323699,223.33662076507301,36.035539491073202,59.860978840484798,23.825439349410399,1164.5436397327701,121.102090352722,0.63908127979235596,0.67951974444652197,0.33295580575127498,0.29319468162469098,0.035159274580886697,0.115121400000467,34.579588584669402,9.9642339393266397,156.97903553690901,-0,-53.042980964422703,-0,0,0,0,0.274217267848404,1.22410302292195e-05,-2.31192842647943e-07,2924.2699887994299,30477.232724415899,1.0818287844038201e-11,124.710656311945,9.3796234068577199e-07,0,1,0,4.8668083031652802,36.5648669835101,30.720695796746298,0.97736288359795398,57
9.6999999999999993,-3.9513767187585703e-05,306.14663996086898,55.625589456877499,1123.9413503246701,33.979723387683002,1060.11640089043,0,1.4573762338130101,24.615367767649001,1399.67183286159,225.63302879230599,36.036977949351801,59.869948911144398,23.832970961791599,1181.21849124297,121.102090352722,0.63908128035113798,0.67952006115633201,0.33306999714608299,0.29330550092970697,0.035159274580886697,0.116321400000474,34.579601715538203,9.9642339478791104,183.65621099758701,-0,-69.952843449802899,-0,0,0,0,0.27518541907845501,1.16652382345691e-05,-3.2818858741734402e-07,2923.48506364482,30460.873676782099,1.09293645814831e-11,123.768248097003,9.4754182100587101e-07,0,1,0,4.8570843134614199,36.5648669835101,30.720695892216,0.98708677783217103,57
9.8000000000000007,-3.9114111858952499e-05,306.06446175725898,55.411588172235,1142.7584351227599,34.4710024993433,1079.3912528783101,0,1.4588007946363299,24.615380847173299,1413.72692404085,227.92882041189,36.038415594161599,59.878903819768801,23.8404882256063,1200.4933432308501,121.102090352722,0.63908128064300895,0.67952037680060096,0.33318403035785499,0.29341571289697699,0.035159274580886697,0.117521400000481,34.579614799524599,9.9642339523414396,201.49411286965,-0,-87.072946221196602,-0,0,0,0,0.27617382734283102,1.13644815550605e-05,1.78335124445539e-07,2922.7003196056899,30444.522793997301,1.07093962256025e-11,122.81776415077501,9.5706286629138006e-07,0,1,0,4.8473797485082404,36.5648669835101,30.720695991508901,0.99679124349249704,57
9.9000000000000004,-3.9229828981305503e-05,305.98230252175802,57.160152941498097,1150.0286386531,34.621507436951603,1078.6359501479501,0,1.46022844065993,24.6153940856303,1427.77447054305,230.22399576612099,36.039857696209701,59.887906138793703,23.848048442583099,1203.24307363144,124.607123483685,0.63908136019762396,0.67952069643781299,0.33329861847728798,0.293528451163932,0.035159274580886697,0.118721400000487,34.5796292555492,9.9642351699087701,-32.953681380265998,0,0,0,0,0,0,0.26765261509222499,-7.0611965869248194e-05,-8.7512885826868104e-07,2921.9157566986501,30428.180073367901,1.07728563733173e-11,130.69132337181799,9.6654571279941592e-07,0,1,0,4.8376932058804396,36.5648669835101,30.720697458938801,1.00647631869034,57
9.9700000000000006,-3.8397987567568397e-05,305.92480232955103,57.468925735353103,1150.0286386531,34.621507436951603,1077.2191663476899,0,1.4612298555544201,24.6154034578215,1437.6032660276001,231.830251912287,36.040867861316499,59.894238072202,23.8533702108844,1203.24307363144,126.023907283993,0.63908131954007596,0.67952092283207499,0.33337919428044999,0.293609063861,0.035159274580886697,0.11956140000049199,34.579638005761602,9.9642345479304808,-15.0243015602291,0,0,0,0,0,0,0.26616499121424603,-2.8716704583206501e-05,-2.0740520412232399e-07,2921.36667030954,30416.745021121798,1.0320838144673999e-11,132.107097007021,9.7324891612515806e-07,0,1,0,4.8309245492859603,36.5648669835101,30.720698080917099,1.0132443533065401,57
9.9800000000000004,-3.8712543052696302e-05,305.91658877463402,57.485473353940499,1150.0286386531,34.621507436951603,1077.1429331204399,0,1.4613729610153701,24.6154047989634,1439.0070781070399,232.05969243393901,36.041012226536502,59.895143246822798,23.854131020285202,1203.24307363144,126.100140511256,0.63908131421953696,0.67952095523118095,0.333390712637049,0.293620618566239,0.035159274580886697,0.119681400000493,34.579639265520697,9.9642344665474507,-6.0477187306821296,0,0,0,0,0,0,0.26608145321279902,-2.3234195991503098e-05,-5.3172577452187397e-07,2921.2882366376198,30415.1117684403,1.0490626927248101e-11,132.183185869064,9.7424026535008992e-07,0,1,0,4.8299583791293896,36.5648669835101,30.720698162300099,1.0142104420800799,57
9.9900000000000002,-3.8514261648109297e-05,305.90837540933802,57.498590998199496,1150.0286386531,34.621507436951603,1077.08245593314,0,1.4615160705180601,24.615406140286499,1440.4108148074699,232.28912679549501,36.041156611778,59.896048464644899,23.854891852865801,1203.24307363144,126.160617698564,0.63908130993176104,0.67952098763491198,0.333402231554219,0.293632176748025,0.035159274580886697,0.119801400000493,34.579640541259401,9.9642344009631802,-6.0477187306821296,0,0,0,0,0,0,0.26601360896045401,-1.8815890274438001e-05,-3.4089175926510501e-07,2921.2098047764398,30413.4785973137,1.03834384520932e-11,132.24351867112901,9.7518477559788195e-07,0,1,0,4.8289924179861297,36.5648669835101,30.720698227884402,1.0151763376390599,57
10,-3.8384442391840897e-05,305.90016223369798,57.511705644491201,1150.0286386531,34.621507436951603,1077.02197874584,0,1.4616591839594999,24.6154074817854,1441.81447613266,232.51855499709899,36.041301024669998,59.896953727870802,23.855652703199699,1203.24307363144,126.221094885871,0.63908130718265699,0.67952102004312998,0.33341375101304499,0.29364373832242802,0.035159274580886697,0.11992140000049401,34.579641840710003,9.9642343589149807,-6.0477187306821296,0,0,0,0,0,0,0.26594580919954403,-1.5983096119266801e-05,-2.1858959087239801e-07,2921.1313747263398,30411.845507745798,1.03135579241278e-11,132.30385144554401,9.7614770311338404e-07,0,1,0,4.8280266735494504,36.5648669835101,30.720698269932601,1.01614204002756,57
10.01,-3.8582832468117597e-05,305.89194924758499,57.520258565967303,1150.0286386531,34.621507436951603,1076.98247995572,0,1.4618023010360699,24.615408823444302,1443.2180620863601,232.747977038892,36.041445440512902,59.897859019478801,23.856413578964801,1203.24307363144,126.260593676,0.63908130437824995,0.67952105245545003,0.33342527095979102,0.29365530303993198,0.035159274580886697,0.120041400000495,34.579643139476303,9.9642343160222495,-0.77353362476472898,0,0,0,0,0,0,0.265899256233459,-1.30933166830638e-05,-4.22533119603941e-07,2921.0529464861002,30410.212499708399,1.04204447288398e-11,132.343205819829,9.7708357316150796e-07,0,1,0,4.8270611213968397,36.5648669835101,30.720698312825299,1.01710754928743,57
10.02,-3.8634702081707898e-05,305.88373645081901,57.514094618241799,1150.0286386531,34.621507436951603,1077.01069820608,0,1.46194541789443,24.615410165067601,1444.6215726723401,232.97739292101701,36.041589819734,59.898764261881603,23.857174442146501,1203.27283797567,126.262139769862,0.63908129919592205,0.67952108486695395,0.33343679072166899,0.29366686772490702,0.035159274580886697,0.12016140000049499,34.579644401838998,9.9642342367617101,3.7199578952505399,0,0,0,0,0,0,0.26592072612169698,-7.7532261051155199e-06,-4.7233328359652702e-07,2920.9745200539801,30408.579573161998,1.04484814345963e-11,132.31484319024301,9.7808424470713404e-07,0,1,0,4.8260957259719,36.5648669835101,30.720698392085801,1.0180728654518301,57
10.029999999999999,-3.84684189394663e-05,305.87552384368098,57.505977779332298,1150.0286386531,34.621507436951603,1077.04789778502,0,1.4620885317044201,24.6154115065113,1446.02500789436,233.20680264361499,36.041734216742,59.899669440042999,23.857935223299901,1203.3100375546101,126.262139769862,0.639081295387527,0.67952111727400499,0.33344830980465401,0.293678430044854,0.035159274580886697,0.120281400000496,34.5796456850371,9.9642341785161204,3.7199578952505399,0,0,0,0,0,0,0.265951120798394,-3.8288945271141098e-06,-3.0273339390873801e-07,2920.8960954326899,30406.946728160099,1.0358734789916e-11,132.27749921428199,9.7902466222876704e-07,0,1,0,4.8251305446203201,36.5648669835101,30.720698450331401,1.01903798855784,57
10.1,-3.85077298563491e-05,305.81804090009302,57.292473000933697,1150.0286386531,34.621507436951603,1078.0272879291599,0,1.4630901142352399,24.615420885026101,1455.8469445737101,234.812498247001,36.0427447843444,59.9060015969321,23.863256812586499,1204.2894276987499,126.262139769862,0.63908126965938294,0.67952134383378104,0.33352890178831701,0.29375919403224698,0.035159274580886697,0.12112140000050101,34.579654670108603,9.9642337850728406,20.924981379449399,0,0,0,0,0,0,0.26689247967836399,2.2682475165682501e-05,-2.4011015398173201e-07,2920.3471737557502,30395.519095490599,1.03799168108269e-11,131.29709850250899,9.8567534223548094e-07,0,1,0,4.8183796917375199,36.5648669835101,30.720698843774699,1.0257884479972901,57
10.199999999999999,-3.7952045963393599e-05,305.735938517595,56.632428767182297,1151.65462662905,34.629395715492002,1082.6517642364799,0,1.4645193057557599,24.615434196816,1469.8718796283199,237.10582565796301,36.0441871540176,59.915019748322401,23.8708325943036,1208.91390400607,126.262139769862,0.63908126092193895,0.67952166533214797,0.33364373012929599,0.293873235713417,0.035159274580886697,0.12232140000050799,34.579667848261401,9.9642336514359293,58.723375688844897,0,0,0,0,0,0,0.26993039516363898,3.1685908752308002e-05,6.47424336364111e-07,2919.5631537549002,30379.200832901301,1.00825045496528e-11,128.28927952279901,9.9546446108433905e-07,0,1,0,4.8087520908066201,36.5648669835101,30.7206993114788,1.03541558122406,57
10.300000000000001,-3.8561860856624997e-05,305.65385508258998,56.538806394819801,1157.1465102652501,34.671314562655198,1088.5241018051699,0,1.4659472056669101,24.615447439655998,1483.8892850572199,239.39853737212201,36.045628754941802,59.924015105511799,23.878386350568601,1214.78624157476,126.262139769862,0.63908129089643895,0.67952198510504802,0.33375831236737902,0.293986233613593,0.035159274580886697,0.123521400000514,34.579681549274603,9.96423410960867,58.723375688844897,0,0,0,0,0,0,0.27030446495094501,7.9891241372774997e-07,7.65032481808703e-08,2918.77931468928,30362.8907162258,1.040911978908e-11,127.865465142037,1.0046896932181001e-06,0,1,0,4.7991441929215704,36.5648669835101,30.7206993114788,1.0450234791091,57
10.4,-3.8626111891433597e-05,305.57179058563099,56.5328501180337,1163.0414811420701,34.719446287171301,1094.3964393738599,0,1.4673749584021101,24.615460672509698,1497.8991646187701,241.690633531537,36.047069781695399,59.933005202733398,23.885935421036599,1220.65857914345,126.262139769862,0.63908129359020105,0.67952230463417795,0.33387285374817999,0.29409912543886202,0.035159274580886697,0.124721400000521,34.579694823292897,9.9642341507732706,58.723375688844897,0,0,0,0,0,0,0.27026034243849201,-1.97685401723755e-06,5.2935433814127497e-09,2917.99565646868,30346.588740555399,1.04438356389468e-11,127.838525698723,1.01388286566362e-06,0,1,0,4.7895554916389003,36.5648669835101,30.7206993114788,1.0546121803917901,57
10.5,-3.8621216434258497e-05,305.489745024245,56.532471176675003,1168.96209665886,34.767997104084898,1100.2687769425499,0,1.4688026636707801,24.6154739005413,1511.9015220695901,243.982114278235,36.048510717755498,59.941991813185297,23.893481095428299,1226.53091671214,126.262139769862,0.63908129377085898,0.67952262404909403,0.33398737234341003,0.29421199269738002,0.035159274580886697,0.125921400000507,34.579708054084698,9.9642341535332495,58.723375688844897,0,0,0,0,0,0,0.27018958772792701,-2.1630118384223101e-06,3.39728245535298e-10,2917.21217906948,30330.294902367899,1.04411885120329e-11,127.836811893663,1.0209992069576399e-06,0,1,0,4.7799859486037297,36.5648669835101,30.7206993114788,1.0641817234269499,57
10.6,-3.8611503964908901e-05,305.40771839426498,56.532447071394699,1174.8843436728901,34.816574679849801,1106.1411145112399,0,1.4702303278126101,24.615487124079799,1525.8963611645199,246.272979754218,36.049951605615597,59.950975056577803,23.901023450960601,1232.40325428083,126.262139769862,0.63908129378262901,0.67952294335804397,0.33410186930181801,0.29432484057184999,0.035159274580886697,0.127121400000486,34.579721277803003,9.9642341537130203,58.723375688844897,0,0,0,0,0,0,0.270117154573776,-2.1751394892350598e-06,2.4424906541753399e-11,2916.4288824518899,30314.009197807001,1.04359376690252e-11,127.83670287520199,1.0306073363608399e-06,0,1,0,4.7704355255378399,36.5648669835101,30.7206993114788,1.07373214649283,57
10.699999999999999,-3.86014566715644e-05,305.32571069132302,56.532445541184501,1180.80669444161,34.865153957727799,1112.0134520799299,0,1.47165795122758,24.6155003431465,1539.88368565668,248.56323010145499,36.051392448109702,59.959954941572597,23.908562493461201,1238.27559184952,126.262139769862,0.63908129378344303,0.67952326256156004,0.334216344694729,0.29443766939039601,0.035159274580886697,0.12832140000046499,34.579734496882203,9.96423415372543,58.723375688844897,0,0,0,0,0,0,0.27004463033194898,-2.17597885734548e-06,2.8865798640254099e-11,2915.6457665742,30297.731622977499,1.0430507200166599e-11,127.83669595468,1.04033620118571e-06,0,1,0,4.7609041842377904,36.5648669835101,30.7206993114802,1.08326348779116,57
10.800000000000001,-3.8591457796458e-05,305.24372191105198,56.532445447225903,1186.72905176832,34.913733343192298,1117.8857896486199,0,1.4730855339379301,24.615513557743,1553.86349929734,250.85286546188399,36.052833245419698,59.968931469705701,23.916098224284401,1244.14792941821,126.262139769862,0.63908129378364698,0.67952358165968296,0.33433079852497299,0.29455047917237998,0.035159274580886697,0.12952140000044399,34.579747711481801,9.9642341537285297,58.723375688844897,0,0,0,0,0,0,0.269972115991582,-2.1761885563704799e-06,-8.8817841970012507e-12,2914.8628313947102,30281.462173986401,1.04251043039906e-11,127.836695529743,1.0501016731723199e-06,0,1,0,4.7513918865786504,36.5648669835101,30.720699311482502,1.0927757854473601,57
10.9,-3.8581417160832999e-05,305.16175204908598,56.532445444643599,1192.65140946924,34.962312734795901,1123.7581272173099,0,1.4745130759418701,24.615526767869799,1567.83580583598,253.14188597740599,36.054273997551299,59.9779046420566,23.9236306445036,1250.0202669869,126.262139769862,0.63908129378369505,0.67952390065242496,0.33444523079102301,0.294663269917528,0.035159274580886697,0.13072140000042301,34.579760921609299,9.9642341537292705,58.723375688844897,0,0,0,0,0,0,0.26989961793103401,-2.1762379780719499e-06,0,2914.0800768717299,30265.200846942102,1.04196802509675e-11,127.836695518064,1.0598494100122501e-06,0,1,0,4.7418985945113299,36.5648669835101,30.720699311485799,1.10226907751067,57
10.970000000000001,-3.85744211468253e-05,305.104384399764,56.532445446822202,1196.79705985088,34.996318308770697,1127.8687635153899,0,1.47551233112255,24.615536012299302,1577.6119556942899,254.74383458152599,36.0552824971573,59.984183866572998,23.928901369414,1254.1309032849799,126.262139769862,0.63908129378342604,0.679524123884646,0.33452532054560102,0.294742212111404,0.035159274580886697,0.131561400000408,34.579770166034699,9.9642341537251298,58.723375688844897,0,0,0,0,0,0,0.26984887924109302,-2.17596101061995e-06,-2.4424906541753399e-11,2913.5322561739299,30253.822748486698,1.04159017676885e-11,127.836695527917,1.0666860816854799e-06,0,1,0,4.7352645780493701,36.5648669835101,30.7206993114931,1.10890309396491,57
10.98,-3.8573329279468402e-05,305.09618977776,56.532445447170097,1197.38929561802,35.001176247882597,1128.45599727226,0,1.4756550802341899,24.615537332753298,1579.0082484719501,254.97265979682999,36.055426566721501,59.985080764478099,23.929654197754999,1254.71813704185,126.262139769862,0.63908129378333101,0.67952415577074898,0.33453676107643698,0.29475348880610602,0.035159274580886697,0.13168140000040601,34.579771486487203,9.9642341537236607,58.723375688844897,0,0,0,0,0,0,0.26984163149134799,-2.1758631968357798e-06,5.9952043329758505e-11,2913.4540032980099,30252.197630494698,1.0415312121916e-11,127.83669552949,1.0676608326321e-06,0,1,0,4.7343176193566601,36.5648669835101,30.7206993114957,1.1098500526549699,57
10.99,-3.85723669706663e-05,305.08799534486002,56.532445447521397,1197.98153138472,35.0060341869872,1129.0432310291301,0,1.4757978289386999,24.615538653162599,1580.4044662460401,255.201478866239,36.055570635835799,59.985977628845298,23.930406993007999,1255.3053707987201,126.262139769862,0.63908129378335499,0.67952418765579803,0.33454820139159802,0.29476476531041101,0.035159274580886697,0.131801400000404,34.579772806896898,9.9642341537240195,58.723375688844897,0,0,0,0,0,0,0.26983438395496201,-2.17588756448026e-06,2.4424906541753399e-11,2913.3757522278902,30250.572593652199,1.04147924560382e-11,127.836695531079,1.06861261883751e-06,0,1,0,4.7333708500385896,36.5648669835101,30.720699311496599,1.11079682197214,57
11,-3.8571363594804703e-05,305.07980110106001,56.532445447874103,1198.5737671509601,35.010892126084499,1129.6304647859999,0,1.4759405772360901,24.615539973527301,1581.8006090203,255.430291789894,36.055714704503998,59.986874459677601,23.931159755172001,1255.89260455559,126.262139769862,0.63908129378376399,0.67952421953979303,0.33455964149108303,0.29477604162431897,0.035159274580886697,0.13192140000040201,34.579774127267697,9.9642341537302901,58.723375688844897,0,0,0,0,0,0,0.26982713656447899,-2.17630947937615e-06,2.4424906541753399e-11,2913.29750296356,30248.947637955302,1.0414250626938401e-11,127.83669553267499,1.0696135177568101e-06,0,1,0,4.7324242700563701,36.5648669835101,30.720699311496599,1.11174340195429,57
11.01,-3.8570349046834803e-05,305.07160704635601,56.532445448229701,1199.1660029167599,35.015750065174402,1130.21769854287,0,1.4760833251263501,24.615541293847201,1583.19667679847,255.65909856793701,36.055858772718501,59.987771256972103,23.931912484251999,1256.4798383124601,126.262139769862,0.63908129378404399,0.67952425142273398,0.334571081374889,0.29478731774782702,0.035159274580886697,0.13204140000039899,34.579775447591899,9.9642341537345391,58.723375688844897,0,0,0,0,0,0,0.26981988934001599,-2.1765977726347398e-06,3.3306690738754703e-11,2913.2192555049501,30247.322763400101,1.04137027791627e-11,127.836695534283,1.07059736365045e-06,0,1,0,4.73147787937127,36.5648669835101,30.720699311496698,1.11268979263927,57
11.02,-3.8569353666327597e-05,305.06341318074402,56.532445448587403,1199.75823868211,35.0206080042569,1130.8049322997399,0,1.47622607260947,24.6155426141225,1584.59266958432,255.887899200509,36.056002840478797,59.988668020729698,23.932665180249199,1257.0670720693299,126.262139769862,0.639081293784173,0.679524283304622,0.334582521043017,0.29479859368093397,0.035159274580886697,0.132161400000397,34.579776767869198,9.9642341537365198,58.723375688844897,0,0,0,0,0,0,0.26981264229178697,-2.1767309366637001e-06,2.6645352591003799e-11,2913.14100985204,30245.697969982601,1.0413165295667799e-11,127.83669553590001,1.0715712051023699e-06,0,1,0,4.7305316779452404,36.5648669835101,30.720699311497,1.1136359940649501,57
11.029999999999999,-3.8568363981337401e-05,305.05521950421797,56.532445448946604,1200.3504744470099,35.025465943332001,1131.39216605661,0,1.4763688196854501,24.615543934353099,1585.9885873815599,256.11669368775398,36.056146907786101,59.989564750951899,23.9334178431642,1257.6543058262,126.262139769862,0.63908129378421996,0.67952431518545697,0.33459396049546197,0.29480986942363802,0.035159274580886697,0.13228140000039501,34.579778088100497,9.9642341537372303,58.723375688844897,0,0,0,0,0,0,0.26980539541587101,-2.1767789855401402e-06,1.1102230246251599e-11,2913.0627660047699,30244.073257699201,1.0412630901378499e-11,127.836695537525,1.07255414150131e-06,0,1,0,4.7295856657405499,36.5648669835101,30.720699311497501,1.11458200626917,57
11.1,-3.8561357961833202e-05,304.99786906260903,56.532445451476697,1204.4961247884601,35.059471516647598,1135.5028023546899,0,1.4773680378171901,24.615553174715799,1595.75791259621,257.71808304118503,36.057155366279098,59.995840923621003,23.9386855573403,1261.76494212428,126.262139769862,0.63908129378411804,0.67952453832179605,0.334674030623341,0.294888794291154,0.035159274580886697,0.133121400000381,34.579787328461599,9.9642341537356707,58.723375688844897,0,0,0,0,0,0,0.269754671935169,-2.1766745364349402e-06,0,2912.5151096285299,30232.702543137999,1.0408848295024501e-11,127.836695548967,1.0794017271109601e-06,0,1,0,4.7229688753296504,36.5648669835101,30.720699311501299,1.1211987966755701,57
11.199999999999999,-3.6330733156716997e-05,304.91595595597897,61.8300199712899,1205.3517280179699,35.065933150318003,1111.2691305150099,0,1.47880336912301,24.615566765941502,1609.70772030957,260.00525987322902,36.058609564778401,60.0049265735544,23.9463170087744,1262.4178982512601,151.148767736579,0.63908163977710197,0.67952486694462499,0.33478973219885499,0.29500809539863698,0.035159274580886697,0.13432140000036,34.579806195655202,9.9642394297047208,-279.99999999906402,0,0,0,0,0,0,0.24657029570141101,-0.00035870251137909301,-3.1979974224327602e-07,2911.73289707908,30216.465563878199,9.23945520193202e-12,152.91805478600401,1.08904873741267e-06,0,1,0,4.7135323294292801,36.5648669835101,30.7206993545858,1.13063529949141,57
11.300000000000001,7.2901614284348399,304.85438915451198,66.128830854925695,1205.3517280179699,35.065933150318003,1083.26913051521,0,1.55965145970694,26.131584233205501,1623.65042248297,262.29185413003199,42.055773541050002,66.005214996804099,23.949441455752499,1262.4178982512601,179.14876773642899,0.90335092280167995,0.72136809706675498,0.35354806686009599,0.31249189356432,0.036725602215757103,0.135517800000339,40.496122081342698,13.992512672568999,-279.99999999906402,7.8542912385639596,170.30646839405199,170.30646839405199,0,0,0,0.61500530047941104,3.4497022195026301,7.2885699414237903,2911.1449774320499,30204.264540700398,0.37202517556847398,174.92089080957501,1.0985706921928799e-06,0,1,0,8.3280550515481195,40.190313156354598,30.7206996371042,1.1415584676985899,57
11.4,10.0840455162616,304.84354175169102,66.995082206395097,1205.3517280179699,35.065933150318003,1055.2885063629601,0,1.93181201307613,34.710788869418501,1637.5902169078199,264.57820994415698,65.423646909267902,89.373088365022298,23.949441455752499,1262.4178982512601,207.12939188873901,1.8268770111552299,0.9581539148978,0.42294909034953498,0.37452225329095901,0.039468954537825798,0.136717800000318,63.491834896191499,28.069230208955101,-279.16804566449503,10.1631674789003,239.606576511604,239.606576511604,0,0,0,0.45644978895358101,3.6100867989460999,10.08223197275,2911.04139236533,30202.115108007401,0.71181581781824899,179.53364159366501,1.1082527180406e-06,0,1,0,20.968349777569198,52.859358939101902,30.7206996371042,1.1703095244249899,57
11.5,10.2042820907939,304.840573698436,66.994729601059504,1205.3517280179699,35.065933150318003,1028.66799495335,0,2.3738482346417702,45.236574505513701,1651.52951706713,266.864525224185,92.046048139811404,115.995489595566,23.949441455752499,1262.4178982512601,233.74990329836999,2.85281843023072,1.2486654782225901,0.50124036426153595,0.443782319136512,0.042242273021121601,0.13791780000029699,89.672199905169506,43.706733788736599,-254.626145229965,10.1623307169125,239.57836808476301,239.57836808476301,0,0,0,0.40940612581577102,3.4954432917839902,10.202454128558401,2911.0130495445201,30201.526996157401,0.72889161091947996,179.53175177276299,1.1177990018040901e-06,0,1,0,34.9861580495986,66.933112160905495,30.7206996371042,1.22625447419901,57
11.6,9.6516791119054908,304.835050603723,66.765379413322293,1205.3517280179699,35.065933150318003,1004.56523674426,0,2.7921147939856801,55.094127627355,1665.46846404703,269.15081153987501,117.375922593464,141.32536404921899,23.949441455752499,1262.4178982512601,257.85266150746202,3.8455327246230899,1.52073385769865,0.576603164337116,0.51065639000193097,0.0450035819479805,0.13911780000027599,114.583807799479,58.837595804369499,-228.14324108092799,9.5786338717210295,221.23035306578601,221.23035306578601,0,0,0,0.38958176927467902,3.3420929454966699,9.6498903061359407,2910.9603078750401,30200.4326248867,0.65208436775434997,178.30463552819501,1.1271129096712699e-06,0,1,0,48.520300015038003,80.550887974974998,30.7206996371042,1.30988832282922,57
11.699999999999999,8.0634161574516607,304.822628131741,66.436955041865602,1205.3517280179699,35.065933150318003,984.21734490237498,0,3.14982383239643,63.268111329179703,1679.4066422342,271.43703480532298,139.473690154151,163.423131609905,23.949441455752499,1262.4178982512601,278.20055334933102,4.7485298944011403,1.7463357659387799,0.64420369874648697,0.57122596232594602,0.047740605385200301,0.14031780000025501,136.32386632175499,72.6006242316775,-176.38092521650799,8.0693881309308093,176.38092521650799,176.38092521650799,0,0,0,0.39528616191897797,2.85817888352934,8.0617375456881692,2910.84168200575,30197.971251871,0.45513076089776799,176.55475980939499,1.1366669241397199e-06,0,1,0,60.797378328153002,92.937613559552005,30.7206996371042,1.41953559429121,57
11.800000000000001,6.0419926973311897,304.796267918941,66.217140964320095,1205.3517280179699,35.065933150318003,969.08897436476695,0,3.3991824564451898,68.513216060477902,1693.3430769378499,273.723115077454,155.768430201635,179.717871657389,23.949441455752499,1262.4178982512601,293.32892388697798,5.4702792362410397,1.8911006222892599,0.69668969036019102,0.619422050494147,0.050452293301573102,0.14151780000023401,152.36924774518999,83.6004919544296,-122.20358471701699,6.0495494563632901,122.20358471701699,122.20358471701699,0,0,0,0.36505900076500802,2.3948349689878201,6.0404606732866704,2910.5899605156701,30192.748604627301,0.25553973028222399,175.38839029954599,1.1461015674285599e-06,0,1,0,70.5654502059853,102.837494510029,30.7206996371042,1.5513446669361699,57
11.9,4.5341134516079,304.75457872551601,66.044301631568203,1205.3517280179699,35.065933150318003,959.234643457468,0,3.5509041102614698,71.281499497037004,1707.2764058758901,276.00894060524797,166.53716028839099,190.48660174414499,23.949441455752499,1262.4178982512601,303.18325479427699,5.9926499322052598,1.9675160997763099,0.73338512435736203,0.65414432533315503,0.053142560794616801,0.14271600000021301,162.98625617812999,91.560849387548103,-67.840683848220095,3.7110386678582499,67.840683848220095,67.840683848220095,0,0,0,0,2.1890618052560602,4.5326982738380703,2910.1918580432398,30184.489807604099,0.14390729354436199,174.47399112006201,1.1555789569683801e-06,0,1,0,77.581157558684595,110.00181619983501,30.7206996371042,1.6999590040430701,57
11.970000000000001,1.86976316928754,304.71387340759702,66.010975556787201,1205.3517280179699,35.065933150318003,955.49875731715099,0,3.6013643898958798,71.974666806578497,1717.0270729009201,277.60880000229002,170.44908179040701,194.39852324616101,23.949441455752499,1262.4178982512601,306.919140934594,6.2084245576475796,1.98666997201123,0.74784405872271897,0.668304670386488,0.054999288775416003,0.143546400000198,166.84771740051099,94.848578493766894,-31.496174181199098,1.87753571915832,31.496174181199098,31.496174181199098,0,0,0,0.30098697558537901,1.51999369588942,1.8685367492565801,2909.8031508898298,30176.427010294901,0.0244721001645694,174.29795575835001,1.1621750672929899e-06,0,1,0,80.429283300381201,112.960772395433,30.7206996371042,1.81078945794404,57
11.98,1.8727693233062499,304.707126368395,66.009298238190198,1205.3517280179699,35.065933150318003,955.18379557534001,0,3.6051988141859499,72.009643666222203,1718.4198002302401,277.83733287705297,170.77290113463499,194.72234259038899,23.949441455752499,1262.4178982512601,307.23410267640401,6.2271261978615904,1.9876353258905599,0.74908294305763801,0.66954681852003195,0.055267326717703499,0.14366640000019601,167.167702320449,95.133507799657707,-31.496174181199098,1.8775703031687501,31.496174181199098,31.496174181199098,0,0,0,0.30101000580821902,1.59595657631571,1.87154582103943,2909.7387214114101,30175.090679397599,0.024550854568218702,174.289098155933,1.16309956865734e-06,0,1,0,80.669609912422501,113.217208770735,30.7206996371042,1.8268992212045601,57
11.99,1.87479007555412,304.70038139292501,66.007536691315295,1205.3517280179699,35.065933150318003,954.86883383352995,0,3.6090391017151702,72.044713361015397,1719.81246589344,278.065860692358,171.097165030166,195.04660648591999,23.949441455752499,1262.4178982512601,307.54906441821498,6.2458526428129204,1.98860324202825,0.750323526230121,0.67079058231156097,0.055535351145215801,0.14378640000019399,167.48812592845101,95.418808702642494,-31.496174181199098,1.87760487776734,31.496174181199098,31.496174181199098,0,0,0,0.30102636537624,1.6467159717339499,1.8735685305060199,2909.6743116401799,30173.754786822999,0.024603864791773601,174.279796002213,1.1639740478130999e-06,0,1,0,80.910222865787702,113.473979583421,30.7206996371042,1.8430570805256801,57
12,1.8761656784768901,304.693637860222,65.983377008168304,1205.3517280179699,35.065933150318003,954.67182612828401,0,3.6128831358388398,72.079845750623704,1721.2050699077199,278.29438344950199,171.421727081543,195.371168537297,23.949441455752499,1262.4178982512601,307.74607212346001,6.2645958204822003,1.9895728885489901,0.75156525548487296,0.67203528844522298,0.0558033033597264,0.143906400000192,167.80884394570401,95.704358211507397,-13.293262122821799,0.83503482524157302,13.293262122821799,13.293262122821799,0,0,0,0,1.6804507328607601,1.87494539130029,2909.6099156463802,30172.4192095613,0.024639983571662499,174.15224165608299,1.1648835425148699e-06,0,1,0,81.151011422913399,113.730974141399,30.7206996371042,1.8592630813783999,57
12.01,0.83005946007185705,304.68613501331299,65.984851828336502,1205.3517280179699,35.065933150318003,954.53889350705697,0,3.61454228753245,72.088021539997797,1722.5976089973301,278.52290087959801,171.54687452655199,195.49631598230701,23.949441455752499,1262.4178982512601,307.87900474468802,6.2734657826435702,1.9898015433898999,0.75209087035414302,0.672571842249302,0.056057631539086501,0.14402040000019001,167.93233223902001,95.839487708070806,-13.293262122821799,0.83505369184516798,13.293262122821799,13.293262122821799,0,0,0,0.28482953803470801,1.3739808030496501,0.82891213189384405,2909.5382687360102,30170.933282539099,0.0048229909507834798,174.16002683230101,1.16576529762824e-06,0,1,0,81.256386556079306,113.852590688307,30.7206996371042,1.8755044951196,57
12.02,0.83210746435029004,304.67858851176902,65.984454671877202,1205.3517280179699,35.065933150318003,954.40596088583004,0,3.6162106375727099,72.094912432107293,1723.9900791196101,278.75141265081101,171.681903646281,195.631345102035,23.949441455752499,1262.4178982512601,308.011937365915,6.2817659709885802,1.98999172537298,0.75263035828184799,0.67312281377623295,0.056325340141627503,0.14414040000018799,168.065693008708,95.965933756774604,-13.293262122821799,0.83507266904693001,13.293262122821799,13.293262122821799,0,0,0,0.28483990662046998,1.4258630851618901,0.83096213922217999,2909.46620495457,30169.438746695199,0.0048468198255922799,174.157930333801,1.16666114990949e-06,0,1,0,81.353927021588305,113.96639213214,30.7206996371042,1.89176547344396,57
12.029999999999999,0.83348485087616997,304.67104348375801,65.979310512962499,1205.3517280179699,35.065933150318003,954.29780797451099,0,3.6178819833568499,72.101831392479099,1725.3824802713,278.97991876273301,171.81721026076599,195.76665171652101,23.949441455752499,1262.4178982512601,308.12009027723599,6.2900830515607398,1.9901826820423101,0.753170960949609,0.67367489898921795,0.056593041375693598,0.144260400000186,168.19932827740899,96.0926340059534,-2.0946792448806302,0.136501353920193,2.0946792448806302,2.0946792448806302,0,0,0,0,1.42454159695136,0.83234083279037896,2909.3941552443498,30167.944539681601,0.0048628789764804999,174.130776630637,1.16756882562186e-06,0,1,0,81.451676737078898,114.080422356401,30.7206996371042,1.90804598221412,57
12.1,0.014160541140754299,304.61392712056698,65.760704741524805,1205.3517280179699,35.065933150318003,955.41790111059095,0,3.62021951860353,72.102157896427002,1735.12722246833,280.57929202098302,171.849082231252,195.79881451574499,23.949732284490899,1263.5498226495999,308.13192153956601,6.2923196329436903,1.99019194427145,0.75331530941296798,0.67383242352489003,0.057782441394196901,0.14509740000017099,168.228862712649,96.126703412575296,41.437640946489601,0,0,0,0,0,0,0.23468992700262301,0.51940830559079898,0.0141427535638172,2908.8487341523501,30156.634493639602,1.4036464777929699e-06,172.97881152407999,1.1741522030206399e-06,0,1,0,81.349895511979099,114.09261035716899,30.7206996371042,2.0220152080825402,57
12.199999999999999,0.00025278596823074401,304.532140847915,64.594367742799093,1205.3517280179699,35.065933150318003,961.49015192332399,0,3.62189046729952,72.102177254012901,1749.0419332839999,282.86358983968,171.85834917892001,195.81307243779401,23.954723258870398,1269.62207346232,308.13192153956601,6.2928172152990598,1.9901924270103499,0.75343384278042003,0.67396882348339304,0.057997974025332202,0.14629740000015001,168.23645871162199,96.134281457161606,96.350985846596998,0,0,0,0,0,0,0.23572989992955901,0.0066783539160868103,0.000287924297737163,2908.06773277818,30140.4430630596,4.4730522014048302e-10,166.89729376367899,1.1840020306408399e-06,0,1,0,81.187358231146305,114.09261035716899,30.7206996371042,2.1845524889152101,57
12.300000000000001,-3.2948303784485099e-05,304.45033565973199,62.338738146465097,1205.3517280179699,35.065933150318003,972.94115519682396,0,3.62334037932618,72.102191518911596,1762.94917036278,285.14727411583499,171.85990872131299,195.82239445176299,23.962485730447401,1281.07307673582,308.13192153956601,6.2928234787581703,1.9901927727425099,0.75355165717695305,0.67410057538135204,0.057997974025332202,0.14749740000012901,168.236568341988,96.134376823068095,133.06072567982699,0,0,0,0,0,0,0.24419291396762299,0.00022422013367813301,2.7907809396765498e-06,2907.2865507739798,30124.252237080102,7.5991350559229895e-12,155.44473094774199,1.1934735084651e-06,0,1,0,81.025145700179195,114.09261035716899,30.7206996371042,2.3467650198819499,57
12.4,-3.7941785061782599e-05,304.368548864513,58.867523588636402,1205.3517280179699,35.065933150318003,989.76901842632606,0,3.6247811685538198,72.102205358710094,1776.8489365836199,287.430344921011,171.86136310127,195.831539121258,23.9701760199844,1297.90093996525,308.13192153956601,6.2928234623883501,1.99019310770439,0.75366813613528605,0.67422455068878495,0.057997974025332202,0.148697400000108,168.236581932718,96.134376573996803,188.27583026963501,0,0,0,0,0,0,0.25852425768681903,0.00024108829030009999,-6.3103300362854498e-07,2906.5055444096602,30108.0693998141,1.00770533757216e-11,138.615413338347,1.2026039257761999e-06,0,1,0,80.863256570887202,114.09261035716899,30.720700336855799,2.5086534494226802,57
12.5,-4.6222221541355699,304.27731601178601,55.661825561283301,1211.75338008106,35.1824565026253,1011.97467037074,0,3.65354945835182,72.561364431565096,1790.7411069115899,289.71279181769597,170.62670021332599,195.84437776101799,25.217677547689,1320.10659190981,308.13192153956601,6.1697751350222596,2.0029440246194801,0.76145154792919001,0.68062353339670301,0.058685752406405597,0.14984460000008801,166.97315075497499,94.262231759914798,243.67060465607599,-4.6383737196918702,-67.0539550973388,-52.925696478279299,0,0,0,0.14665485704374601,-1.7210083600685799,-4.6229467747060902,2905.6343348406299,30090.022637784401,0.14955456349527199,123.929552992589,1.21154334919993e-06,0,1,0,78.830103382314505,114.09261035716899,32.592845467145999,2.6696615077047898,57
12.6,-4.6358502784048898,304.15992804795098,54.988208872037497,1233.24969509007,35.831688916128599,1040.5831460706199,0,3.7739687381462801,74.708654464837593,1804.6234529978799,291.99443151706703,165.84673550342001,195.873298321345,30.026562817923502,1348.7150676096201,308.13192153956601,5.7063874843064601,2.0622092278103201,0.79368506420523199,0.70645087898455405,0.060578967146137398,0.151044600000067,162.072766765274,87.213674545809795,310.01336119364498,-4.6365842690236398,-120.943290237003,-52.884867662043398,0,0,0,0.14873853882569199,-2.1013583832526801,-4.6365897098787903,2904.5133623584002,30066.8100947938,0.15043775462650699,120.948124598193,1.2207715371914699e-06,0,1,0,71.631081543261004,114.09261035716899,39.641402681250902,2.8201261326529301,57
12.699999999999999,-4.6342471149929603,304.04255256413097,54.782397809528902,1260.4392078312501,36.856421539795498,1072.4311327283001,0,3.8942229434025699,76.857703803389896,1818.4950875213401,294.27519079452401,161.06720917115899,195.90199098433001,34.8347818131694,1380.5630542673,308.13192153956601,5.2428099050141403,2.1215229880353501,0.82593284625196095,0.73208052354696396,0.062441985568266002,0.152244600000046,157.17298622775701,80.164948700106507,320.000000000292,-4.63479500859955,-137.40817523768999,-52.844058938478803,0,0,0,0.14937284897495801,-2.1016019979402998,-4.6349865093731104,2903.3925090515299,30043.608975156501,0.15033372425974401,120.04444439045901,1.23027075460413e-06,0,1,0,64.446278010633606,114.09261035716899,46.690128526954098,2.9562038195771199,57
12.800000000000001,-4.6324428859239202,303.92521782004098,54.764225261798103,1288.68904095111,37.961763699881402,1104.4311327284499,0,4.0143641718819802,79.005107279313805,1832.35601775141,296.55506990792702,156.29132978044501,195.930629434606,39.6392996541598,1412.5630542674501,308.13192153956601,4.7794098765964002,2.18079132243518,0.85816729005516301,0.75766155257769996,0.064299406813902102,0.15344460000002499,152.27696560856401,73.121641639609706,320.000000000292,-4.6330063692079504,-138.861979056156,-52.8032801221187,0,0,0,0.149362323598491,-2.10045726625032,-4.6331819892841999,2902.27204478044,30020.4248587619,0.15021668963943,119.96481474099799,1.2398572835081699e-06,0,1,0,57.281243141549297,114.09261035716899,53.733435587450998,3.07793162816477,57
12.9,-4.6306533890667403,303.80792395701798,54.762663936282699,1317.02187291161,39.073604969051502,1136.43113272861,0,4.1344326154710496,81.150847364285795,1846.2062515494599,298.83406916412798,151.51916075689201,195.95925449434199,44.440093737449601,1444.5630542675999,308.13192153956601,4.3161893591590799,2.2400137472509001,0.89038824909244296,0.78322963034223503,0.066156388785421905,0.15464460000000399,147.38472814142099,66.0837801214672,320.000000000292,-4.6312183530033302,-138.986885097385,-52.762531245659297,0,0,0,0.14929421008891,-2.1000082180950002,-4.6313922060470203,2901.1519708947699,29997.257764198799,0.15010065566772701,119.957974455929,1.2494015209085799e-06,0,1,0,50.135964127844197,114.09261035716899,60.771297105593703,3.1853491237270499,57
12.970000000000001,-4.6294021878943603,303.725842541872,54.762362974680201,1336.86101392204,39.8523772615181,1158.8311327287099,0,4.2184391900138998,82.651879689397504,1855.89505503533,300.42884529247902,148.180847987986,195.97928589997301,47.798437911986099,1466.96305426771,308.13192153956601,3.99204141321351,2.2814422383584101,0.91293492689704203,0.80112118211445604,0.067456242643925302,0.15548459999998901,143.96240879797301,61.160509556253402,320.000000000292,-4.6299671119187797,-139.01096202558099,-52.734024825325903,0,0,0,0.14924379514775701,-2.0997374468315302,-4.6301408050819504,2900.36815111738,29981.050914025302,0.150019552320968,119.95665594282499,1.25543192552868e-06,0,1,0,45.145994819487001,114.09261035716899,65.6945676708077,3.2520478668702899,57
12.98,-4.6292234814002304,303.71411825777,54.7623278569178,1339.69537519708,39.9636460127319,1162.03113272873,0,4.2304373613191704,82.866246662191102,1857.27874243268,300.65663527775899,147.70409436229801,195.98214712607799,48.278052763779201,1470.1630542677301,308.13192153956601,3.9457417139404001,2.2873587666556401,0.91615534379987895,0.80367671592769996,0.067641934935888201,0.15560459999998699,143.47365700097899,60.4574023685025,320.000000000292,-4.6297883880757702,-139.01377144657999,-52.729953675168602,0,0,0,0.149236566639153,-2.0996992276027702,-4.6299620700551696,2900.2561924512402,29978.736329455802,0.150007970285231,119.95650209234201,1.25637279779767e-06,0,1,0,44.433929286235802,114.09261035716899,66.397674858558602,3.2610062123705701,57
12.99,-4.6290447823347103,303.70239438170802,54.762293530428501,1342.52978043141,40.074918215399499,1165.23113272874,0,4.2424348410333703,83.080597085113695,1858.6623230069699,300.88441646997899,147.22737777779599,195.985008251615,48.757630473817599,1473.3630542677399,308.13192153956601,3.8994438019516098,2.2932748381765098,0.91937562645667603,0.806232149421796,0.067827626978317498,0.155724599999985,142.98494293676299,59.754349462470799,320.00000000028598,-4.6296096704528598,-139.016517565724,-52.725882823846497,0,0,0,0.14922933564209001,-2.0996610559850799,-4.6297833424624502,2900.1442376815799,29976.421914784201,0.14999638917802099,119.956351708512,1.2573123058246e-06,0,1,0,43.722060428240702,114.09261035716899,67.100727764590104,3.2698221643340899,57
13,-4.6288660903952499,303.69067091366901,54.762259810687802,1345.3642287447999,40.186193800461602,1168.4311327287601,0,4.2544316292398303,83.294930959476005,1860.04579676604,301.11218886944499,146.75069823171299,195.987869276624,49.237171044909502,1476.56305426776,308.13192153956601,3.85314767717461,2.2991904529572098,0.92259577487364797,0.808787482633052,0.068013318775853093,0.15584459999998301,142.49626660247301,59.0513508340172,320.00000000028598,-4.6294309590498299,-139.01921514497599,-52.721812271338301,0,0,0,0.14922210277928499,-2.0996229213277902,-4.6296046219929101,2900.0322868082699,29974.1076699982,0.149984808979677,119.956203982931,1.2582927411131099e-06,0,1,0,43.010388202029603,114.09261035716899,67.803726393043604,3.27849576209156,57
13.01,-4.6286874054129603,303.67894785364001,54.762226556327299,1348.19871946221,40.297472714966801,1171.6311327287699,0,4.2664277260125001,83.509248286569104,1861.42916371773,301.339952476463,146.274055721293,195.99073020113701,49.716674479842403,1479.76305426777,308.13192153956601,3.8068533395389599,2.3051056110333699,0.92581578905685302,0.81134271559015603,0.068199010332053597,0.155964599999981,142.00762799528101,58.348406479032398,320.00000000028598,-4.6292522538664604,-139.021875493816,-52.717742017622101,0,0,0,0.149214868569614,-2.0995848151460401,-4.6294259084867004,2899.9203398311602,29971.793595085401,0.14997322967919999,119.95605829626101,1.2592290659085801e-06,0,1,0,42.298912564171303,114.09261035716899,68.506670748028498,3.2870270449650398,57
13.02,-4.6285087271383398,303.66722520160499,54.7621936590429,1351.0332520657901,40.408754918304098,1174.83113272879,0,4.2784231314178598,83.7235490676631,1862.8124238698799,301.56770729133899,145.797450243783,195.99359102518,50.196140781396601,1482.9630542677901,308.13192153956601,3.7605607889764401,2.3110203124400401,0.92903566901218004,0.81389784831592404,0.068384701649649202,0.15608459999997901,141.51902711236499,57.645516393441,320.00000000028598,-4.6290735549025204,-139.024507276572,-52.7136720626767,0,0,0,0.14920763334352499,-2.0995467312241698,-4.6292472016862298,2899.8083967501202,29969.479690033801,0.149961651260371,119.955914174021,1.2602631613844999e-06,0,1,0,41.587633471277101,114.09261035716899,69.209560833619904,3.2954160522678602,57
13.029999999999999,-4.6283300555087399,303.65550295755099,54.762161035858497,1353.8678261581299,40.520040379317003,1178.0311327288,0,4.2904178455168598,83.937833304015896,1864.1955772303399,301.79545331437902,145.320881796441,195.99645174877401,50.675569952332197,1486.1630542677999,308.13192153956601,3.7142700254201899,2.3169345572119302,0.93225541474541895,0.81645288082869805,0.068570392730735202,0.15620459999997699,141.030463950924,56.942680573188703,320.00000000028598,-4.6288948621577797,-139.027117131317,-52.7096024064804,0,0,0,0.14920039741678401,-2.0995086647633698,-4.6290685015293302,2899.6964575649899,29967.165954831002,0.14995007371907801,119.955771252692,1.2611999409273301e-06,0,1,0,40.876550879987803,114.09261035716899,69.912396653872406,3.3036628233047098,57
13.1,-4.6270795339644497,303.57345867139998,54.761936505618998,1373.71098797484,41.299128371433099,1200.4311327289099,0,4.3743614920620697,85.437359809786898,1873.8746612443799,303.38942932995099,141.985939279935,196.01647400242999,54.030534722493996,1508.56305426791,308.13192153956601,3.39028471125645,2.3583214877135799,0.95478987713299401,0.83433530344173101,0.069870223773713394,0.15704459999996201,137.61157778787299,52.024348922990399,320.00000000022698,-4.6276441870640301,-139.04507955047899,-52.681123176286,0,0,0,0.14914973957619301,-2.0992424599018502,-4.6278177803493703,2898.9129923433902,29950.974563157801,0.149869055095428,119.954787593818,1.26798022392904e-06,0,1,0,35.904471148205403,114.09261035716899,74.830728304070902,3.3574109048889502,57
13.199999999999999,-4.6252936077390698,303.45628721568301,54.761619044082302,1402.0617912150401,42.412380512313803,1232.43113272906,0,4.4942222631103901,87.578135168697798,1887.6928528220001,305.66579085159901,137.22488115996501,196.04506869058301,58.820187530616998,1540.5630542680599,308.13192153956601,2.92760039497868,2.4174068861160301,0.98697056162590002,0.85987310969448805,0.071727105673911898,0.158244599999941,132.730658896855,45.002770341452099,320.00000000022101,-4.6258580368244404,-139.070476473415,-52.640463939059103,0,0,0,0.14907738080604399,-2.0988624655485899,-4.6260315690194203,2897.7940873614002,29927.858431486398,0.149753386704543,119.953396813168,1.2775808500009599e-06,0,1,0,28.8181696450328,114.09261035716899,81.852306885609394,3.4221338265230901,57
13.300000000000001,-4.6235083035807101,303.33915653230298,54.7613022031273,1430.41661072528,43.525948089605102,1264.4311327292201,0,4.61401398613563,89.717258252333707,1901.5003793307801,307.94127374023299,132.46752114685199,196.07365334581101,63.606132198957603,1572.56305426822,308.13192153956601,2.46509466587626,2.47644668172962,1.0191378338094801,0.88540090597307897,0.073583964623415404,0.15944459999992,127.85350716071601,37.986611105150203,320.00000000017297,-4.6240725081143799,-139.09582374981301,-52.599834538336097,0,0,0,0.14900504461915901,-2.0984826289326399,-4.6242459798584399,2896.6755717265401,29904.759262862,0.149637803232958,119.95200875929,1.2871214494225601e-06,0,1,0,21.751440520325801,114.09261035716899,88.868466121911396,3.4727037149280302,57
13.4,-3.54210605375944,303.22467667579798,56.1654583727749,1454.29736143586,44.362234009980597,1285.84512093131,0,4.72158775279597,91.567896094531804,1915.2972940848899,310.21588205175402,127.867657925228,196.100511579282,68.232853654052505,1593.9770424703099,308.13192153956601,2.0366998553096201,2.5275243031764001,1.0487757455522599,0.90917884824214301,0.075464255825141005,0.160644599999899,123.146070172432,31.490348470828,56.431717641407303,-1.97654399010545,-26.7633301780069,-26.7633301780069,0,0,0,0.89017249064779802,-1.6801741331387301,-3.5429169869249901,2895.5823696236998,29882.1914771712,0.087825607072554907,126.182348568956,1.2962527762283601e-06,0,1,0,15.2185251141766,114.09261035716899,95.364728756233404,3.50935648675528,57
13.5,-0.017650336853794101,303.14016058051601,56.5402142306502,1461.0783079431201,44.427650419531702,1291.48829269526,0,4.7301799286331798,91.623770181679902,1929.0851314392301,312.48974198044903,127.250531817856,196.10500093935801,68.854469121500202,1599.6202142342599,308.13192153956601,1.9975345874841499,2.5290664206976601,1.0513474758793999,0.91140342879466596,0.076518003261427006,0.16184459999987799,122.52035188922299,30.896579526802501,56.431717641407303,0,0,0,0,0,0,0.26750415363618202,-0.433405514415239,-0.0176216593672507,2894.7753003635999,29865.536010953801,2.1807407373668102e-06,127.871833009913,1.30573607748374e-06,0,1,0,14.5953730072808,114.09261035716899,95.958497700258903,3.5387396496255401,57
13.6,-0.00025865136735528702,303.05864413330897,56.550350702138303,1466.8079472596801,44.473121231528403,1297.1314644592101,0,4.7316077522517599,91.623787194844397,1942.86551770356,314.76298741769602,127.245674986813,196.11147365216999,68.865798665355797,1605.26338599821,308.13192153956601,1.99711894808669,2.5290668470513,1.05146136247226,0.91151576782146804,0.076519174906696394,0.16304459999985699,122.51406723456,30.8902800392476,56.431717641407303,0,0,0,0,0,0,0.26795307538137297,-0.0051130601654833302,-0.00022058184612205899,2893.9968756326298,29849.476079773998,4.68303708843318e-10,127.91768658139399,1.3148032849130699e-06,0,1,0,14.5599218265447,114.09261035716899,95.964797187813602,3.56789134280683,57
13.699999999999999,-4.0897357115602503e-05,302.97717808490802,56.5508048912709,1472.4994043514901,44.517986447944701,1302.7746362231601,0,4.7330342649773902,91.623800289269596,1956.6384958021799,317.03562173844699,127.247040325445,196.120321219603,68.873280894154803,1610.90655776216,308.13192153956601,1.9971140465721,2.5290671633459199,1.0515752283047299,0.91162809842001002,0.076519174906696394,0.16424459999983601,122.514006060467,30.890205771186299,56.431717641401299,0,0,0,0,0,0,0.26788046065200299,-6.2331754453330196e-05,-2.5959012717180498e-06,2893.2189321748001,29833.430393095601,1.17081567332879e-11,127.919741354023,1.32368768390734e-06,0,1,0,14.530756917475101,114.09261035716899,95.964871455875297,3.5969819838151098,57
13.800000000000001,-3.8324882048090099e-05,302.895731206731,56.550831525086402,1478.1889707057301,44.562821856958401,1308.4178079871101,0,4.7344607373723999,91.623813378689306,1970.40407007561,319.30764513652798,127.248479013424,196.12920224485899,68.880723231433393,1616.54972952611,308.13192153956601,1.99711398888558,2.5290674794976402,1.0516890726272801,0.91174041034074504,0.076519174906696394,0.16544459999981501,122.51401827605,30.890204897351399,56.431717641401299,0,0,0,0,0,0,0.26780834089602101,-2.8891195729635701e-06,-3.0566660313979803e-08,2892.4411717791099,29817.392794559499,1.02815760880001e-11,127.919861847148,1.33276626002043e-06,0,1,0,14.5017235588262,114.09261035716899,95.964872329710104,3.62601446862914,57
13.9,-3.8284740200331097e-05,302.81430312621097,56.550833195075803,1483.8784231449299,44.607655470612102,1314.0609797510599,0,4.7358871689739903,91.623826463649607,1984.16224422961,321.57905775352702,127.249918519698,196.13808037814999,68.888161858448996,1622.19290129006,308.13192153956601,1.9971139882062601,2.5290677955439298,1.0518028953323599,0.91185270319095102,0.076519174906696394,0.166644599999794,122.514031350723,30.890204887063799,56.431717641401299,0,0,0,0,0,0,0.26773633773446198,-2.18911791508477e-06,-3.6415315207705098e-10,2891.6635908878402,29801.3632077892,1.0260049325448e-11,127.91986940229199,1.3435587788990199e-06,0,1,0,14.4727490710855,114.09261035716899,95.964872339997797,3.6549889460822298,57
13.970000000000001,-3.82774017083087e-05,302.75731464954902,56.550833294013898,1487.86103491367,44.639038922334599,1318.01119998582,0,4.7368856468048097,91.623835620468,1993.78856504594,323.168683246157,127.250926154232,196.14429309640599,68.893366942172094,1626.1431215248199,308.13192153956601,1.99711398819862,2.5290680167137598,1.0518825583595099,0.91193129682479002,0.076519174906696394,0.16748459999977899,122.514040507427,30.890204886948201,56.431717641401299,0,0,0,0,0,0,0.26768595031727599,-2.1812388145671698e-06,-1.3322676295501899e-11,2891.1193910222501,29790.147261487,1.02561163707747e-11,127.919869849894,1.35038226289907e-06,0,1,0,14.4525013888309,114.09261035716899,95.964872340113601,3.67523662822085,57
13.98,-3.8276389003263897e-05,302.749174190068,56.550833298322203,1488.4299794050701,44.643522271840098,1318.57551716222,0,4.7370282848618102,91.623836928406504,1995.16345795097,323.39574817945999,127.251070100226,196.14518049460199,68.894110394373001,1626.7074387012201,308.13192153956601,1.99711398819858,2.5290680483052399,1.0518939379269301,0.91194252372288698,0.076519174906696394,0.167604599999777,122.514041815365,30.8902048869477,56.431717641401299,0,0,0,0,0,0,0.26767875281950698,-2.1812035787244499e-06,4.4408920985006302e-12,2891.04165536032,29788.545303649698,1.0255573685904301e-11,127.919869869385,1.3513213161786599e-06,0,1,0,14.449611176137999,114.09261035716899,95.964872340114198,3.6781268409128201,57
13.99,-3.8290078003138502e-05,302.741033918428,56.550070070872202,1488.9993759752899,44.6480127503334,1319.14373217968,0,4.7371709223925702,91.623838236294404,1996.53827692134,323.62280700748801,127.25121404303999,196.14606785639899,68.894853813355894,1627.2756537186799,308.13192153956601,1.9971139880265101,2.5290680798955201,1.0519053172569901,0.91195375033330595,0.076519174906696394,0.16772459999977499,122.514043120648,30.8902048843429,56.865662269294297,0,0,0,0,0,0,0.26767517704184901,-2.0038883524317599e-06,-1.4317436125566001e-08,2890.9639214921399,29786.9434258496,1.0262910514405e-11,127.91641700082199,1.35228674480459e-06,0,1,0,14.4467215388265,114.09261035716899,95.964872342719005,3.6810164756195198,57
14,-3.8280086401758902e-05,302.73289383464402,56.549415513872397,1489.5697207857199,44.6525181971477,1319.71238880236,0,4.73731355926778,91.623839544125104,1997.91302196074,323.849859730383,127.251357986361,196.14695518170501,68.895597195340301,1627.8443103413599,308.13192153956601,1.9971139879350299,2.5290681114844298,1.0519166963266,0.91196497654999997,0.076519174906696394,0.167844599999773,122.51404442709401,30.890204882958201,56.865662269294297,0,0,0,0,0,0,0.26767107595324802,-1.90962629545838e-06,-4.9649173661237e-09,2890.8861894178499,29785.341628086699,1.02575551044829e-11,127.913455798423,1.3530429896491099e-06,0,1,0,14.443832480605,114.09261035716899,95.964872344103696,3.6839055324563401,57
14.01,-3.8274374018019301e-05,302.72475393871298,56.548918606130499,1490.14079027763,44.657035100161202,1320.28104542504,0,4.7374561955457102,91.623840851901505,1999.2876930728601,324.07690634828498,127.251501930085,196.14784247134401,68.896340541256293,1628.4129669640399,308.13192153956601,1.9971139879131801,2.5290681430720499,1.0519280751461699,0.91197620242075295,0.076519174906696394,0.16796459999977101,122.514045734539,30.890204882627501,56.865662269294297,0,0,0,0,0,0,0.267666229213749,-1.8871131088098601e-06,1.7763568394002501e-11,2890.80845913743,29783.739910357701,1.0254493945298601e-11,127.911207820911,1.3543353816203301e-06,0,1,0,14.4409440011915,114.09261035716899,95.964872344434397,3.6867940115391198,57
14.02,-3.8603054673996101e-05,302.71661423050199,56.541668176340501,1490.7145068610801,44.661594093407899,1320.8828573107701,0,4.7375988307241101,91.623842159597899,2000.6622902613799,324.30394686133599,127.251645848938,196.148729704994,68.897083856052305,1629.01477884977,308.13192153956601,1.99711398632613,2.5290681746577302,1.05193945362556,0.91198742753407802,0.076519174906696394,0.16808459999976899,122.514047018214,30.890204858606001,63.897312955385502,0,0,0,0,0,0,0.26769351490445598,-2.51748320775451e-07,-3.2652103243435699e-07,2890.73073064961,29782.138272633001,1.0431370811144701e-11,127.878409606536,1.3552707969211e-06,0,1,0,14.4380560756607,114.09261035716899,95.964872368521796,3.68968191298248,57
14.029999999999999,-3.8412939549956801e-05,302.70847471008199,56.529448214362397,1491.3031544339001,44.666393621177399,1321.52183044034,0,4.7377414616012903,91.623843467050705,2002.03681353001,324.530981269677,127.251789754161,196.149616840053,68.897827085887997,1629.6537519793401,308.13192153956601,1.9971139841387699,2.5290682062373602,1.05195083119291,0.91199864926427898,0.076519174906696394,0.168204599999767,122.51404829256001,30.890204825499001,63.897312955385502,0,0,0,0,0,0,0.26774414385104101,2.0021956431627701e-06,-1.3076650873244899e-07,2890.6530039550498,29780.536714923801,1.03288774740804e-11,127.823140616811,1.35619575303281e-06,0,1,0,14.4351687186406,114.09261035716899,95.964872401628895,3.6925692368954799,57
14.1,-0.29345614809141901,302.65106549890203,56.427335697992604,1495.8917277180501,44.708202119999598,1326.6120425054601,0,4.7399755510637398,91.625067603296003,2011.6564021772999,326.12005081263698,127.169714532268,196.15368846006001,68.983973927788597,1634.74396404446,308.13192153956601,1.99142205557186,2.5291019645284698,1.0523502875547699,0.91235593513215396,0.077122763848314194,0.16904459999975199,122.429738981204,30.804068562332599,82.432585167795395,-0.39249607458153501,-5.8131441605911496,-5.8131441605911496,0,0,0,0.17998213729707499,-1.5158250106109701,-0.294499131725523,2890.1047863707599,29769.241920476801,0.00060281557596857105,127.361768558958,1.36264316097368e-06,0,1,0,14.328858042539199,114.09261035716899,96.051008666178802,3.7127436484469101,57
14.199999999999999,-1.05161674141216,302.56419900481501,56.293737085307399,1503.9444819994901,44.798349384223101,1336.1816362022901,0,4.7533686595619802,91.680815114188903,2025.39215242204,328.38961163059099,126.16510301038301,196.160903886885,69.995800876499402,1644.31355774129,308.13192153956601,1.91998195900866,2.5306405624955302,1.05698937126036,0.91640999431334602,0.079084131492708307,0.17024459999973099,121.41173435082101,29.723177952236899,110.278494385481,-1.1642126860774,-16.501033175405301,-16.501033175405301,0,0,0,0.15580515541305601,-1.4502478526606799,-1.0526152580636601,2889.2752724553702,29752.155718813199,0.00774128439572836,126.759393401189,1.3717867659579499e-06,0,1,0,13.2202299815362,114.09261035716899,97.131899276274396,3.74048109935439,57
14.300000000000001,-1.8930599963638699,302.47109553153501,56.157351781526998,1513.7166201978,44.930954940241101,1348.4604234390199,0,4.7818487601334496,91.920267033897105,2039.11974041131,330.65849802160699,124.13931545249299,196.172709180005,72.033393727508496,1656.59234497802,308.13192153956601,1.7671913621689199,2.5372494052757499,1.0670553359318899,0.92506238572340205,0.081037033202374598,0.17144459999971001,119.35746669236001,27.412113925414602,138.18432078455101,-1.9455902822329501,-27.4118574778396,-26.320277538143699,0,0,0,0.168627752521189,-1.61405589402232,-1.89399640276644,2888.38619977588,29733.848180415302,0.025085733048832101,126.145926364567,1.3808676158078e-06,0,1,0,10.8848482412251,114.09261035716899,99.442963303096505,3.7647988128433201,57
14.4,-1.2181933690949001,302.37776252823198,55.9175046206772,1525.7403239360101,45.132315536678398,1363.4544535453699,0,4.8109587356990202,92.1692053475915,2052.83877416832,332.92667738357801,122.042861932313,196.18466216332101,74.141800231004595,1671.58637508437,308.13192153956601,1.6111340634129501,2.54412008300709,1.0773416504506801,0.93387458196786799,0.082977820273344105,0.17264459999968901,117.231903196614,25.052309883431501,166.15941998053199,-1.15942872368417,-46.599630345825702,-16.4269676923799,0,0,0,0.23538907801530901,-1.35842038954914,-1.21917446771036,2887.4949352461199,29715.501163263401,0.0103879655915474,125.070692920138,1.3899357327318299e-06,0,1,0,8.5058546327858195,114.09261035716899,101.80276734508,3.7839883792994198,57
14.5,-0.72469291308563299,302.28930870309199,55.637798644703402,1541.2364225854001,45.466353243226003,1381.17063278044,0,4.8277864629730702,92.257434462801598,2066.54958143453,335.19417659816799,120.736851039057,196.19300337946001,75.456152340400607,1689.3025543194401,308.13192153956601,1.5182340218316499,2.5465551790863499,1.08339306550548,0.939094318536835,0.084899299844383005,0.173844599999668,115.909064576083,23.647953854554999,194.213147589409,-0.69007619099556206,-68.976108423725606,-10.0396445139348,0,0,0,0.23425203158327901,-1.26862219582907,-0.72571051512593199,2886.6502634357398,29698.118500762699,0.0036762587279357802,123.822585521143,1.39893427331117e-06,0,1,0,7.0860265472851101,114.09261035716899,103.20712337395599,3.79946043592359,57
14.6,-0.42701335333227702,302.20377788584898,55.372984678522002,1560.2123889754,45.966392865393502,1401.61672433271,0,4.8383996921531596,92.288573755791504,2080.2525105750201,337.46102427575698,119.942574487358,196.19918953672101,76.256615049360803,1709.7486458717101,308.13192153956601,1.46307246810639,2.54741459167332,1.08696072483747,0.94217799042552697,0.086801785216802305,0.175044599999647,115.104174795204,22.814324656586798,222.35485922586301,-0.41003611273417701,-90.161225718237006,-6.0578568336229601,0,0,0,0.23395834899082499,-1.2988845886781799,-0.42804925258987903,2885.8335042946801,29681.315094755799,0.0012763828274685301,122.64669728831301,1.4079764696362001e-06,0,1,0,6.2391446233789596,114.09261035716899,104.040752571925,3.81271316186151,57
14.699999999999999,-0.0178568942038786,302.12058076505099,56.778749795122202,1578.32203046161,46.471213768127697,1413.2808482755199,0,4.8442296615269598,92.297236182647794,2093.9477802575002,339.72723832089201,119.576911284427,196.203166822393,76.6262555379639,1724.6795158298701,311.39866755491101,1.4379955151906301,2.5476536400693601,1.0885746030287899,0.94357564152816698,0.088181176900618302,0.17624459999962599,114.73268162289899,22.435443208171801,-95.262217251032595,0,0,0,0,0,0,0.25762848301250402,-0.88946382268101598,-0.018073722545253201,2885.0390303131198,29664.974729588801,2.23208069425959e-06,128.95305713188301,1.4169731912261301e-06,0,1,0,5.8482955158533896,114.09261035716899,104.41963402034,3.82468082097208,57
14.800000000000001,-0.00069580749606153495,302.03926630029201,58.476887067535202,1578.4558265743101,46.4715501649031,1405.5968389837201,0,4.8456939442281604,92.297261216049506,2107.6356209116402,341.99283762666101,119.565584579782,196.20790896975299,76.642324389968806,1724.6795158298701,319.08267684687502,1.43714719501899,2.5476542897324901,1.0886885227498,0.94369037540219702,0.088216156343672705,0.17744459999960499,114.719890635553,22.4226294161159,-66.953075310850195,0,0,0,0,0,0,0.25824907912197498,-0.0153187572074021,-0.00065931935466778701,2884.2625343724499,29649.008475846102,3.3890365010279599e-09,136.78185284437001,1.4262836884881799e-06,0,1,0,5.8238153162645396,114.09261035716899,104.43244781239601,3.8363472285051001,57
14.9,-4.4702330470939398e-05,301.95803471628398,59.462905667799497,1578.4558265743101,46.4715501649031,1400.94397944957,0,4.8471280455547303,92.297274661584098,2121.3160985596601,344.257827491331,119.566810940068,196.216764198779,76.649953258709502,1724.6795158298701,323.73553638109098,1.4371325481877399,2.54765461503575,1.0888034894963901,0.94380918467891695,0.088216156343672705,0.17864459999958399,114.719682894512,22.422408232915799,-30.045649356841999,0,0,0,0,0,0,0.25390377429676297,-0.00022604140330522801,-7.9694650878536794e-06,2883.48682988464,29633.062787159201,1.3988088446731599e-11,141.43348601830499,1.43537727126386e-06,0,1,0,5.8119584839683798,114.09261035716899,104.43266899559499,3.8479828776013099,57
14.970000000000001,-3.7454635087232103e-05,301.90118453257799,59.550470969949103,1578.4558265743101,46.4715501649031,1400.5261104624101,0,4.8481330501972701,92.297284123188803,2130.88805490185,345.84295793782201,119.567822235893,196.22305331562001,76.655231079725795,1724.8647159285999,324.33860546703397,1.43713233818428,2.5476548439524298,1.08888413815264,0.94389331174850299,0.088216156343672705,0.17948459999956901,114.719689185695,22.422405062497798,7.6762237031799199,0,0,0,0,0,0,0.25348358425856798,-9.6449316943491103e-06,-7.6154194061928095e-07,2882.9439506194999,29621.905697206501,9.8199478266240103e-12,141.85034370970999,1.4418510545510801e-06,0,1,0,5.80382426366765,114.09261035716899,104.43267216601301,3.8561139274840799,57
14.98,-3.79811682070623e-05,301.89306382893199,59.515894485828802,1578.4558265743101,46.4715501649031,1400.6906415511901,0,4.84827661607551,92.297285474441395,2132.25518300562,346.06938078094601,119.567966998906,196.22395170966399,76.655984710756499,1725.0292470173799,324.33860546703397,1.43713232797427,2.54765487664478,1.0888956577740001,0.94390532531303895,0.088216156343672705,0.17960459999956699,114.71969038283,22.422404908379601,24.4466705478013,0,0,0,0,0,0,0.25362439787791302,8.7588598190095403e-07,-1.27338584121617e-06,2882.8664036118998,29620.3121461064,1.0097983968612101e-11,141.685667857932,1.44278737934656e-06,0,1,0,5.8026634601981097,114.09261035716899,104.432672320131,3.8572745768354499,57
14.99,-3.7548198141060898e-05,301.88494331267998,59.464497056390996,1578.4558265743101,46.4715501649031,1400.93510825669,0,4.8484201662958304,92.297286824916,2133.6222375627099,346.29579753361202,119.568111744579,196.224849848833,76.656738104251602,1725.2737137228801,324.33860546703397,1.4371323177042099,2.5476549093175098,1.0889071747658701,0.94391732586875399,0.088216156343672705,0.179724599999565,114.719691578283,22.422404753358599,24.4466705478013,0,0,0,0,0,0,0.25383679116135499,1.1458591983816099e-05,-8.1673334761944705e-07,2882.7888583937802,29618.7186746425,9.8690702854826105e-12,141.441056406781,1.4437323443416999e-06,0,1,0,5.8015028879669499,114.09261035716899,104.432672475153,3.8584349940455298,57
15,-3.7279587808351798e-05,301.87682298410601,59.413055155810298,1578.4558265743101,46.4715501649031,1401.1795749621799,0,4.8485636995523196,92.297288174549095,2134.9892185768099,346.52220819596101,119.56825652798901,196.22574774222599,76.657491214235094,1725.51818042838,324.33860546703397,1.4371323111135501,2.54765494196899,1.08891868891642,0.94392931232320099,0.088216156343672705,0.17984459999956301,114.719692828436,22.422404653878701,24.4466705478013,0,0,0,0,0,0,0.25404974109788903,1.82498922515443e-05,-5.2457149735118904e-07,2882.7113149678498,29617.125282867499,9.7283736701242701e-12,141.19644491789401,1.44467367135803e-06,0,1,0,5.8003426033623997,114.09261035716899,104.43267257463199,3.8595951791702099,57
15.01,-3.79187803036252e-05,301.868702843064,59.358059482142799,1578.4558265743101,46.4715501649031,1401.4407060671399,0,4.8487072157687399,92.297289523335905,2136.3561260515798,346.74861276813402,119.56840132152399,196.226645374539,76.658244053013306,1725.77931153333,324.33860546703397,1.4371323063785499,2.5476549745991202,1.08893020020755,0.94394128461835503,0.088216156343672705,0.17996459999956099,114.719694105755,22.422404582410302,41.6914839889467,0,0,0,0,0,0,0.25427859377748302,2.3129038060096299e-05,-1.1312062397905701e-06,2882.63377333272,29615.531970749998,1.00648372980021e-11,140.93516901942399,1.44557725434424e-06,0,1,0,5.7991825787994404,114.09261035716899,104.432672646101,3.8607551322648002,57
15.02,-3.7670586261712899e-05,301.86058288895902,59.270167348151297,1578.4558265743101,46.4715501649031,1401.85762090703,0,4.8488507080633401,92.297290870944707,2137.72295999071,346.975011250271,119.568546001946,196.22754258726701,76.658996585320097,1726.19622637322,324.33860546703397,1.43713229581211,2.5476550071995301,1.0889417075402501,0.94395323697983902,0.088216156343672705,0.180084599999559,114.719695293882,22.422404422928398,41.6914839889467,0,0,0,0,0,0,0.25464889172976801,3.4017146152654001e-05,-8.5042639597077099e-07,2882.55623348272,29613.9387381702,9.9335114851080407e-12,140.51810949911399,1.4465335880231599e-06,0,1,0,5.7980226982148304,114.09261035716899,104.432672805583,3.86191485336753,57
15.029999999999999,-3.7411263611897303e-05,301.852463122519,59.182144679237297,1578.4558265743101,46.4715501649031,1402.27453574692,0,4.8489941716168303,92.297292217141006,2139.0897203978602,347.20140364251301,119.568690707804,196.228439381756,76.659748673950602,1726.6131412131101,324.33860546703397,1.43713228892864,2.5476550397642601,1.0889532101345101,0.94396516537432895,0.088216156343672705,0.18020459999955599,114.719696536187,22.422404319037302,41.6914839889467,0,0,0,0,0,0,0.25502078053079102,4.1110167509482099e-05,-5.5005333621238595e-07,2882.4786954247802,29612.3455852679,9.7972185152720899e-12,140.10104995336701,1.4474821909971099e-06,0,1,0,5.7968631051681596,114.09261035716899,104.43267290947399,3.86307434252305,57
15.1,-3.75296780066973e-05,301.79563000497097,58.397763615226403,1578.4558265743101,46.4715501649031,1405.96262169331,0,4.8499974794685903,92.297301594317702,2148.6549846614398,348.78597988295297,119.569702904311,196.23470254607599,76.6649996417636,1730.3012271595001,324.33860546703397,1.43713225655749,2.54765526655118,1.0890335726718701,0.94404788390179695,0.088216156343672705,0.18104459999954201,114.719705424842,22.4224038305154,60.534473434412497,0,0,0,0,0,0,0.25839795561566697,7.4466766956900293e-05,-2.9809488211185501e-07,2881.9359791294301,29601.195744281598,9.8593371190046804e-12,136.41195181039399,1.4536690287059201e-06,0,1,0,5.7887526828818698,114.09261035716899,104.432673397996,3.8711842762874702,57
15.199999999999999,-3.7250464660167098e-05,301.71445576217297,56.809378227176403,1578.6047613040801,46.471891179773898,1413.4295068859101,0,4.8514269241486998,92.297314798198897,2162.31340048829,351.04914269286598,119.57114505464,196.243590103575,76.672445048932502,1737.7681123520999,324.33860546703397,1.4371322235359001,2.5476555856898799,1.0891477209318701,0.94416286118321202,0.088216156343672705,0.182244599999521,114.719718130492,22.422403332283999,86.778448790431,0,0,0,0,0,0,0.26555147004049001,0.000108493610706612,7.63908936107782e-07,2881.1608222098498,29585.274165155799,9.7131798217884898e-12,129.09221818233601,1.46282945934217e-06,0,1,0,5.7771861964431999,114.09261035716899,104.432673943656,3.88275021706631,57
15.300000000000001,-0.195331632844046,301.63236710550899,56.213835149764499,1585.83907522858,46.5502442561138,1423.4541095683101,0,4.8554261974683399,92.299795626604293,2175.9644445024101,353.31169467539303,119.39491091283,196.249704959284,76.854794046453193,1747.7927150345099,324.33860546703397,1.42500047931768,2.54772401748165,1.08997253625626,0.94489531066702104,0.089389733063360594,0.1834445999995,114.539484715361,22.239422007630299,113.154840293354,-0.19320558043081901,-22.893188018841201,-2.8832435431932,0,0,0,0.22815516932347901,-1.7248139358517101,-0.19637879556721999,2880.3769332810498,29569.1775878435,0.00026708112752665001,126.399810489796,1.4717270460096201e-06,0,1,0,5.5827705656334201,114.09261035716899,104.61565594039401,3.8941838511376199,57
15.4,-0.11758758344087,301.55006551879501,55.974982105395902,1597.32406539352,46.733976768353401,1436.0484273751599,0,4.86046069632539,92.302151523960305,2189.60802929803,355.57362842035502,119.17371638039501,196.25370225916899,77.079985878773698,1760.38703284136,324.33860546703397,1.40985334942255,2.5477890046210199,1.0909447480886501,0.94575036479710095,0.091331978818555704,0.18464459999947899,114.31325568406901,22.0110073722315,139.653252815163,-0.113894449886045,-42.001431568330602,-1.7066069457820301,0,0,0,0.22893323716716599,-2.0165147884964201,-0.118646402533784,2879.5910110200698,29553.0436546766,9.6787878456244494e-05,125.32794486797501,1.48068284033798e-06,0,1,0,5.3434487882536397,114.09261035716899,104.844070575793,3.9050909931185802,57
15.5,-0.067714151263991204,301.46826225894398,55.755027804188302,1611.67275927523,47.020026810760299,1451.22350579725,0,4.86468267992473,92.302978592188794,2203.2441928404601,357.834946906776,119.044301647692,196.25732992958399,77.213028281890999,1775.5621112634401,324.33860546703397,1.4009383653131799,2.54781179558996,1.0915162703046699,0.94625125837200197,0.093258755658034306,0.18584459999945799,114.179618967767,21.876608279135599,166.26329122744801,-0.065850970901338193,-59.597775664934701,-0.98904308098224303,0,0,0,0.229684085564137,-2.1295528496905498,-0.068777099837546998,2878.80984743009,29537.0117735639,3.2096443969818698e-05,124.344925017832,1.48986919157323e-06,0,1,0,5.1985197776569096,114.09261035716899,104.97846966888901,3.9156209106194102,57
15.6,-0.037675817811773003,301.38677126445799,55.5369101001451,1628.8020851123299,47.427292323164302,1468.9894381813201,0,4.8684140508105198,92.303258610029104,2216.8729732841898,360.09565313166598,118.971419267155,196.260726871836,77.2893076046809,1793.32804364751,324.33860546703397,1.39583792638194,2.54781948769691,1.0918430068307901,0.94653636169526001,0.095170594587499199,0.18704459999943701,114.103005216344,21.799736670045601,192.97456040170201,-0.036944407789801702,-77.047191988394303,-0.55560857980340095,0,0,0,0.23052619939425001,-2.1931781654742202,-0.038741101833217301,2878.0316657547,29521.0454152948,9.9362707345013706e-06,123.373935338864,1.49839888763381e-06,0,1,0,5.1113455578004601,114.09261035716899,105.055341277979,3.9259235213858199,57
15.699999999999999,-0.0196022183781208,301.30547563441399,55.318673797827401,1648.71144812241,47.977176840136998,1489.3553657305499,0,4.8718489900616602,92.303352627180502,2230.4943951345199,362.35574896213097,118.932678719815,196.26397965545101,77.331300935635497,1813.69397119674,324.33860546703397,1.3930330673742399,2.5478220460427501,1.09202260412175,0.94669216755371099,0.097067572343404698,0.18824459999941601,114.060829729753,21.757474412845099,219.77666520960901,-0.019554042707800801,-94.506096173804494,-0.294273471251779,0,0,0,0.23143315676020501,-2.2277393308160698,-0.020668787135136299,2877.2553496722999,29505.1216353661,2.6897287574047601e-06,122.406226830018,1.50763162309886e-06,0,1,0,5.0589174013865001,114.09261035716899,105.097603535179,3.9360894205991901,57
15.800000000000001,-0.017973429410702998,301.224267386078,56.568533562571801,1666.82454422724,48.477207422741103,1501.4018836262701,0,4.8734252501261901,92.303402010547302,2244.1084734158699,364.61523548003299,118.90549359950199,196.26543482040299,77.359941220900794,1826.80864604045,325.40676241502598,1.3911204455534101,2.5478233728650599,1.0921423724110699,0.94679979499115297,0.097215109858854606,0.189444599999395,114.032068349376,21.7286640775209,-16.909071836406,0,0,0,0,0,0,0.25132100422048398,-1.2621649502146,-0.0183549833820962,2876.47986802375,29489.219260240799,2.26130915347065e-06,127.99995957679199,1.5168579921009999e-06,0,1,0,5.0200284652576803,114.09261035716899,105.126413870503,3.94616802140373,57
15.9,-0.0016408367700272001,301.14313354930499,56.993862318601003,1667.97784893633,48.482140399352197,1500.6345883034301,0,4.8749125054280498,92.303433372074096,2257.7152153389402,366.87411311954298,118.889106551824,196.26880763041399,77.379701078588596,1826.8674747182199,326.23288641552898,1.3899316226743399,2.5478241992821902,1.0922552773524099,0.94691133113289105,0.097277097660491099,0.190644599999374,114.014194046396,21.710760655476999,10.0435188536048,0,0,0,0,0,0,0.26417769025198501,-0.037151460966686603,-0.0016047615680747601,2875.7050969532802,29473.335737265701,1.8846417141113101e-08,129.932013679666,1.52625625560177e-06,0,1,0,4.9921182329227696,114.09261035716899,105.144317292547,3.9561748316947698,57
15.970000000000001,-0.000109791753051383,301.08641235879901,56.882340507196098,1668.5138419176701,48.482867137848203,1501.6773526263,0,4.8759112865502701,92.303442538797498,2267.23557646261,368.45496567040499,118.889595688502,196.274731141149,77.385135452645898,1827.9102390410801,326.23288641552898,1.38989716601907,2.5478244210382002,1.0923347853313401,0.94699038252017198,0.097277097660491099,0.19148459999935899,114.01368440195201,21.7102418630713,31.180503835219099,0,0,0,0,0,0,0.26465704314461902,-0.00164586274549125,-7.1967787285132103e-05,2875.1634494824598,29462.234004805199,8.4379603266671197e-11,129.424026463064,1.53277187564527e-06,0,1,0,4.9846158877034403,114.09261035716899,105.144836084953,3.9631583845082798,57
15.98,-8.3841018126806804e-05,301.078310413569,56.851006725242698,1668.68363547634,48.483268259086302,1501.9891576646301,0,4.8760539437475998,92.303443842828898,2268.5953352875999,368.68077744143102,118.88973092370399,196.27560893565999,77.385878011955199,1828.2220440794199,326.23288641552898,1.38989658637816,2.5478244525487201,1.0923461385539199,0.94700165498441602,0.097277097660491099,0.191604599999357,114.013676979956,21.710233137079801,31.180503835219099,0,0,0,0,0,0,0.26479589061855002,-0.0010485761825258599,-4.59754412318603e-05,2875.0860816045401,29460.648425484102,4.9205214243776803e-11,129.281478626943,1.5336504475271799e-06,0,1,0,4.9836103386549899,114.09261035716899,105.144844810945,3.9641552075653101,57
15.99,-6.7219781124606303e-05,301.07020867143899,56.827243230596501,1668.8881032883201,48.4838483489917,1502.3009627029701,0,4.8761965915780801,92.303445146342298,2269.95502093392,368.90658313607503,118.88986930679501,196.27648814236201,77.386618835565699,1828.5338491177599,326.23288641552898,1.3898962164874,2.5478244840452202,1.0923574899909601,0.94701291988134495,0.097277097660491099,0.19172459999935501,114.013672715217,21.710227568844999,31.180503835219099,0,0,0,0,0,0,0.26489953333126298,-0.00066742506770939205,-2.93243784810215e-05,2875.0087156660802,29459.0629285758,3.1629492821079802e-11,129.17342292757499,1.5345417523349199e-06,0,1,0,4.98260814811528,114.09261035716899,105.14485037918,3.9651518298701398,57
16,-5.6601580294274298e-05,301.06210712658299,56.809221083689799,1669.1188679659899,48.484586516675797,1502.6127677413101,0,4.8763392322042298,92.303446449459003,2271.3146334053299,369.132382754486,118.89000970057801,196.27736822410799,77.387358523529102,1828.8456541560899,326.23288641552898,1.3898959806623199,2.5478245155311599,1.0923688400198099,0.94702417899271096,0.097277097660491099,0.19184459999935299,114.013670468374,21.7102240188939,31.180503835219099,0,0,0,0,0,0,0.26497645656089902,-0.00042442091048808001,-1.8686003855350501e-05,2874.9313516114498,29457.477512936901,2.24261722426643e-11,129.091504005422,1.5354071365436501e-06,0,1,0,4.9816081760616902,114.09261035716899,105.144853929131,3.9661482519726401,57
16.010000000000002,-5.0792698310347898e-05,301.05400577463098,56.759182129057301,1669.3867521110201,48.485586225217197,1503.1068243975701,0,4.8764818628258704,92.303447752042899,2272.6741727056201,369.35817629681998,118.890151247871,196.278248709275,77.388097461403206,1829.3397108123499,326.23288641552898,1.3898958221609199,2.5478245470033598,1.0923801881462201,0.94703543001573198,0.097277097660491099,0.191964599999351,114.01366938504501,21.7102216329857,56.431717640215197,0,0,0,0,0,0,0.26520346068435402,-0.00026109433937903,-1.28467858573345e-05,2874.85398939892,29455.8921777094,1.8059287411522199e-11,128.86419023837999,1.5364057617261999e-06,0,1,0,4.9806095678967397,114.09261035716899,105.14485631503899,3.9671444742294599,57
16.02,-4.5893412765979398e-05,301.04590461399499,56.7089980236792,1669.7250292854401,48.487175806079101,1503.6711415740101,0,4.8766244748485201,92.303449053661097,2274.0336388384399,369.58396376321099,118.890293629401,196.27912931002001,77.388835680618996,1829.9040279887899,326.23288641552898,1.3898957203767399,2.54782457845107,1.09239153285889,0.94704666587800601,0.097277097660491099,0.19208459999934899,114.01366915455201,21.710220100878001,56.431717640215197,0,0,0,0,0,0,0.26543087889724098,-0.000156211606579942,-7.9169337752205104e-06,2874.77662901331,29454.306922578999,1.4743437347159899e-11,128.63641827398601,1.5373825590359e-06,0,1,0,4.97961201314771,114.09261035716899,105.144857847146,3.9681404968707099,57
16.030000000000001,-4.2831838233274598e-05,301.03780364332999,56.670901719666197,1670.1188662022701,48.489326793821903,1504.2354587504501,0,4.8767670720965901,92.303450354507007,2275.3930318074799,369.80974515380302,118.890436587252,196.28000995337601,77.389573366123599,1830.4683451652299,326.23288641552898,1.38989565791103,2.5478246098792101,1.092402874824,0.94705788973282401,0.097277097660491099,0.192204599999346,114.013669515156,21.710219160637401,56.431717640215197,0,0,0,0,0,0,0.26560206167470801,-9.1844299809411601e-05,-4.8331161295323e-06,2874.6992704417999,29452.721747280098,1.28419645650898e-11,128.46364406880301,1.53838846017607e-06,0,1,0,4.9786152496935001,114.09261035716899,105.14485878738699,3.9691363200843499,57
16.100000000000001,-3.8107933034319002e-05,300.98110210964802,56.568278329355799,1673.6297708617201,48.513845029858402,1508.1856789855301,0,4.87776504631164,92.303459449293598,2284.9067343132701,371.39004477743998,118.891442318619,196.286173152115,77.394730833494904,1834.4185654003199,326.23288641552898,1.38989556903907,2.5478248295963599,1.0924822280517399,0.94713629100298302,0.097277097660491099,0.19304459999933199,114.013677272308,21.7102178230056,56.431717640215197,0,0,0,0,0,0,0.26603348357253198,-2.6686329405288602e-07,-5.7331916991643097e-08,2874.1578106798202,29441.627743819899,1.0165501921037e-11,127.998804525899,1.54539293362177e-06,0,1,0,4.97164872543068,114.09261035716899,105.14486012501899,3.9761015067152701,57
16.199999999999999,-3.8038112220938099e-05,300.90011581579199,56.551942250449699,1679.2441257617099,48.5575073097746,1513.8288507499301,0,4.8791905340444499,92.303472430202802,2298.4915217735202,373.64709933305397,118.892880808461,196.29497348860099,77.402092680138594,1840.0617371647199,326.23288641552898,1.38989557044805,2.5478251431904102,1.0925955439610899,0.94724814923240996,0.097277097660491099,0.19424459999931101,114.013690274417,21.710217844205602,56.431717640215197,0,0,0,0,0,0,0.266038675580548,-1.7187298806149399e-06,1.11688436277291e-08,2873.3844485404302,29425.785901836101,1.0128285869328699e-11,127.924886891928,1.5564310160698401e-06,0,1,0,4.9617153548141699,114.09261035716899,105.144860129904,3.9860348724465902,57
16.300000000000001,-3.8039022284251002e-05,300.819148208831,56.550903879730797,1684.9287965318699,48.602265612590003,1519.4720225143401,0,4.8806159626799097,92.303485405738499,2312.0689994415602,375.90354656154301,118.894319218932,196.30377023528101,77.409451016347802,1845.7049089291199,326.23288641552898,1.3898955708668299,2.5478254566562799,1.0927088349815299,0.94735997338153799,0.097277097660491099,0.19544459999929001,114.013703256252,21.710217850505501,56.431717640215197,0,0,0,0,0,0,0.265971968763901,-2.1502566110157398e-06,8.7485574340462304e-10,2872.6112648477401,29409.951976953202,1.01287705143922e-11,127.920189184582,1.5639907360309699e-06,0,1,0,4.9518018359711302,114.09261035716899,105.144860129904,3.9959483912896299,57
16.399999999999999,-3.8029959970591101e-05,300.73819928453003,56.5508378809267,1690.6179367643499,48.647094305991402,1525.1151942787401,0,4.8820413492556103,92.303498376765603,2325.6391709705699,378.15938660304101,118.89575757699301,196.31256366157299,77.416806084578795,1851.3480806935299,326.23288641552898,1.38989557089727,2.5478257700157201,1.0928221041313499,0.94747177744795696,0.097277097660491099,0.196644599999269,114.01371622773701,21.7102178509633,56.4317176402092,0,0,0,0,0,0,0.26590070713459801,-2.1816231463525202e-06,4.44089209850063e-11,2871.8382595613002,29394.125965392999,1.0123944987553299e-11,127.919890601394,1.5740074559289501e-06,0,1,0,4.9419081243618299,114.09261035716899,105.144860129904,4.00584210289892,57
16.5,-3.8020081168186503e-05,300.65726903859399,56.550833689235802,1696.3073610471699,48.691927475893301,1530.7583660431501,0,4.8834666948513297,92.303511343339395,2339.20204001199,380.41461959765599,118.89719588919699,196.32135378800601,77.424157898806797,1856.9912524579299,326.23288641552898,1.3898955708995799,2.54782608327013,1.0929353516008,0.947583562319815,0.097277097660491099,0.197844599999248,114.013729194346,21.710217850998198,56.4317176402092,0,0,0,0,0,0,0.26582917151192997,-2.1840111755111299e-06,0,2871.06543264012,29378.307863367201,1.01186860042484e-11,127.919871637904,1.58440934683313e-06,0,1,0,4.9320341804100902,114.09261035716899,105.144860129905,4.0157160468493398,57
16.600000000000001,-3.8010195665873901e-05,300.57635746671298,56.550833426206303,1701.996803342,48.736760929667497,1536.4015378075501,0,4.8848919995328401,92.303524305463895,2352.7576102154699,382.669245685455,118.89863415600099,196.330140616883,77.431506460881906,1862.6344242223399,326.23288641552898,1.38989557089948,2.5478263964196,1.0930485774004499,0.94769532805220602,0.097277097660491099,0.199044599999227,114.013742156468,21.7102178509966,56.4317176402092,0,0,0,0,0,0,0.26575763396215202,-2.18390478157046e-06,-2.2204460492503098e-11,2870.2927840430398,29362.497667086202,1.01134248219061e-11,127.91987044794099,1.59487126438762e-06,0,1,0,4.9221799646131199,114.09261035716899,105.144860129913,4.0255702626367302,57
16.699999999999999,-3.8000251428211403e-05,300.49546456458,56.5508334128942,1707.6862467385699,48.781594400805801,1542.0447095719601,0,4.8863172633014802,92.303537263139702,2366.3058852289701,384.92326500647903,118.900072377448,196.33892414934701,77.438851771896907,1868.2775959867399,326.23288641552898,1.3898955708996501,2.5478267094641498,1.0931617815294401,0.94780707464730196,0.097277097660491099,0.20024459999920599,114.01375511414599,21.710217850999001,56.431717640215197,0,0,0,0,0,0,0.26568611172274198,-2.1840766135047501e-06,0,2869.5203137289,29346.6953727619,1.0108133760251e-11,127.919870387716,1.60530953507987e-06,0,1,0,4.91234543756135,114.09261035716899,105.14486012992199,4.0354047896779797,57
16.800000000000001,-3.7990360252777202e-05,300.414590327886,56.5508334154555,1713.37569016201,48.826427872367397,1547.6878813363601,0,4.8877424861545098,92.303550216367199,2379.8468686986498,387.17667770073598,118.90151055352899,196.34770438644099,77.446193832908705,1873.9207677511499,326.23288641552898,1.3898955708996601,2.5478270224038,1.09327496398623,0.94791880210389801,0.097277097660491099,0.20144459999918499,114.013768067374,21.7102178509993,56.431717640215197,0,0,0,0,0,0,0.26561460593258601,-2.1840942314260998e-06,-2.2204460492503098e-11,2868.74802165658,29330.900976608202,1.01028723049505e-11,127.919870399304,1.6157628124346999e-06,0,1,0,4.9025305599154301,114.09261035716899,105.14486012993299,4.0452196673112999,57
16.899999999999999,-3.7980432869531803e-05,300.33373475232298,56.550833419025402,1719.065133544,48.871261343275599,1553.3310531007701,0,4.88916766808891,92.303563165146997,2393.3805642689499,389.42948390819902,118.90294868425001,196.356481329216,77.453532644964,1879.5639395155499,326.23288641552898,1.3898955709001,2.5478273352385399,1.0933881247692001,0.94803051042058795,0.097277097660491099,0.20264459999916401,114.013781016161,21.710217851005901,56.431717640215197,0,0,0,0,0,0,0.26554311661517099,-2.18454497564785e-06,-8.8817841970012507e-12,2867.9759077849399,29315.1144748406,1.00975929666991e-11,127.919870415454,1.62607602760545e-06,0,1,0,4.8927352924110199,114.09261035716899,105.14486012995199,4.0550149347961897,57
16.969999999999999,-3.79734195669751e-05,300.27714695049701,56.550833421568598,1723.0477438841599,48.902644772482297,1557.2812733358501,0,4.8901652710947898,92.303572226646693,2402.8498168187698,391.006087468722,118.903955348759,196.362623229599,77.458667880837694,1883.5141597506399,326.23288641552898,1.38989557090035,2.54782755416044,1.0934673244205,0.94810869485326699,0.097277097660491099,0.203484599999149,114.013790077664,21.710217851009599,56.431717640215197,0,0,0,0,0,0,0.26549308388058701,-2.18479780425951e-06,7.1054273576010006e-11,2867.4355340821799,29304.068618737299,1.00938641552667e-11,127.91987042696,1.63328604685375e-06,0,1,0,4.88589025221395,114.09261035716899,105.144860129962,4.06185997498193,57
16.98,-3.7972489610668701e-05,300.269063724994,56.550833421932303,1723.6166882166301,48.907128119482898,1557.8455905122901,0,4.8903077841729896,92.303573520968698,2404.2022758856001,391.23129229772098,118.904099156161,196.36350051222999,77.459401356066905,1884.0784769270799,326.23288641552898,1.3898955709004399,2.5478275854308099,1.0934786377893499,0.94811986329225395,0.097277097660491099,0.20360459999914701,114.013791371987,21.710217851010999,56.431717640215197,0,0,0,0,0,0,0.26548593702999701,-2.18489527483742e-06,2.2204460492503098e-11,2867.3583449644898,29302.490954842498,1.0093369770626401e-11,127.91987042860499,1.6343315110134399e-06,0,1,0,4.8849131713845102,114.09261035716899,105.144860129964,4.0628370558095703,57
16.989999999999998,-3.7971491089340599e-05,300.26098068602602,56.550833422295902,1724.1856325486399,48.911611466476103,1558.4099076887301,0,4.8904502968419497,92.303574815246293,2405.5546621389899,391.45649106437099,118.904242963109,196.364377761936,77.460134798825294,1884.6427941035199,326.23288641552898,1.38989557090056,2.5478276167001201,1.09348995094143,0.94813103153981604,0.097277097660491099,0.203724599999145,114.01379266626699,21.710217851012899,56.431717640215197,0,0,0,0,0,0,0.26547879032594501,-2.1850218035453501e-06,1.7763568394002501e-11,2867.2811576280701,29300.913369823498,1.00928389488351e-11,127.91987043025,1.6353756109310801e-06,0,1,0,4.8839362859523501,114.09261035716899,105.144860129965,4.0638139412405003,57
17,-3.7970500610450701e-05,300.25289783358699,56.5508334226597,1724.7545768801799,48.916094813462102,1558.9742248651701,0,4.8905928091016602,92.303576109479494,2406.9069755825799,391.68168376881198,118.90438676960299,196.36525497872,77.460868209114395,1885.2071112799599,326.23288641552898,1.38989557090065,2.5478276479683899,1.0935012638767401,0.94814219959595203,0.097277097660491099,0.20384459999914301,114.013793960501,21.7102178510141,56.4317176402092,0,0,0,0,0,0,0.26547164378571703,-2.1851092067396201e-06,1.7763568394002501e-11,2867.2039720728699,29299.335863676501,1.00923124162576e-11,127.919870431896,1.63643471751129e-06,0,1,0,4.8829595958777796,114.09261035716899,105.14486012996601,4.0647906313137696,57
17.010000000000002,-3.7969497512970601e-05,300.24481516767298,56.550833423023803,1725.32352121127,48.920578160440797,1559.5385420416101,0,4.89073532095213,92.3035774036681,2408.2592162200199,391.90687041118298,118.90453057564299,196.36613216257999,77.461601586935501,1885.7714284563999,326.23288641552898,1.38989557090066,2.5478276792356001,1.09351257659529,0.94815336746066103,0.097277097660491099,0.20396459999914099,114.01379525469,21.710217851014299,56.4317176402092,0,0,0,0,0,0,0.26546449740459999,-2.1851206469483002e-06,3.5527136788005003e-11,2867.12678829885,29297.7584363977,1.00917791897124e-11,127.919870433543,1.6374356164305901e-06,0,1,0,4.88198310112152,114.09261035716899,105.144860129968,4.06576712606845,57
17.02,-3.7968537893943999e-05,300.23673268827901,56.5508334233879,1725.8924655419,48.925061507412302,1560.1028592180501,0,4.8908778323933504,92.303578697812299,2409.6113840549401,392.13205099162502,118.90467438122801,196.36700931351899,77.462334932289394,1886.3357456328399,326.23288641552898,1.38989557090064,2.5478277105017701,1.09352388909706,0.94816453513394106,0.097277097660491099,0.204084599999138,114.01379654883399,21.7102178510141,56.4317176402092,0,0,0,0,0,0,0.26545735121210501,-2.1851055458728498e-06,-4.4408920985006302e-12,2867.04960630598,29296.181087983401,1.0091269088627e-11,127.919870435191,1.6384697119065099e-06,0,1,0,4.8810068016446904,114.09261035716899,105.144860129969,4.0667434255436303,57
17.030000000000001,-3.7967576464254699e-05,300.22865039540301,56.550833423752003,1726.4614098720599,48.929544854376502,1560.6671763944901,0,4.8910203434253203,92.303579991912002,2410.9634790909799,392.35722551027601,118.90481818635899,196.36788643153801,77.4630682451767,1886.9000628092799,326.23288641552898,1.38989557090063,2.54782774176689,1.0935352013820601,0.94817570261579098,0.097277097660491099,0.20420459999913601,114.013797842933,21.710217851013802,56.4317176402092,0,0,0,0,0,0,0.265450205175631,-2.18508769914731e-06,-2.2204460492503098e-11,2866.9724260942098,29294.603818429699,1.00907580379832e-11,127.919870436838,1.63950107889832e-06,0,1,0,4.8800306974084497,114.09261035716899,105.14486012997099,4.06771952977833,57
17.100000000000001,-3.3878360468430499e-05,300.17207959062301,58.748850113141202,1728.6038157656701,48.945931911192098,1552.6549575614899,0,4.89201920596365,92.303589113980905,2420.4261062809301,393.933277422522,118.905830708458,196.374047258492,77.468216550032906,1888.8437511140901,336.18879355337998,1.38989587320825,2.5478279622209201,1.0936146035929999,0.94825494248915099,0.097277097660491099,0.205044599999122,114.013811502493,21.7102223885068,-279.99999999905799,0,0,0,0,0,0,0.25546410453399798,-0.00031369567639009401,2.99428037919824e-06,2866.4322147012899,29283.5651438719,8.0342031562023893e-12,138.05709558465301,1.6465060070913799e-06,0,1,0,4.8732034312145096,114.09261035716899,105.144860129975,4.07454679596687,57
17.199999999999999,-3.4893405665523098e-05,300.09127997388299,64.431289048024496,1728.6038157656701,48.945931911192098,1524.6549575607901,0,4.8934604977173199,92.303602825669799,2433.93796000457,396.18426500932202,118.907285958343,196.38304862863399,77.475762670289697,1888.8437511140901,364.18879355419602,1.3898958896246101,2.5478282944034998,1.09373026263558,0.94838024301767199,0.097277097660491099,0.206244599999101,114.013825460625,21.710222634949801,-279.99999999906402,2.0661980485679301,34.503123841957397,34.503123841957397,0,0,0,1,-0.00033063847968724101,-5.1804782685849204e-07,2865.6606351970499,29267.8023028182,8.5228483125713306e-12,166.05564033560299,1.65698565979255e-06,0,1,0,4.8634663932344804,114.09261035716899,105.144860496327,4.0842834675956903,57
17.300000000000001,9.2195947738207291,300.06220131289803,66.673822332864901,1728.6038157656701,48.945931911192098,1496.9385362580999,0,5.13018291204639,97.342767443238699,2447.44443463688,398.43480449657102,134.863404217718,212.33916688802,77.475762670300696,1888.8437511140901,391.90521485694899,2.0620890910776901,2.6869102388035699,1.14277970147013,0.99310406686653796,0.099947304906090703,0.20744159999907999,129.73322130567101,31.795447367880499,-271.51464832245102,9.4138463879714092,213.90578662919299,213.90578662919299,0,0,0,0.48867716515356702,3.5863473320534598,9.2178681250754106,2865.3829544389901,29262.130513441301,0.59500649455423804,177.81594337897701,1.66674044521642e-06,0,1,0,13.923071570619101,123.16931261680701,105.144860496327,4.10138054984865,57
17.399999999999999,9.8677307244052894,300.05653592502898,66.840908241232796,1728.6038157656701,48.945931911192098,1471.3634162647099,0,5.5370548154470898,106.881289879516,2460.9497510916499,400.68524749086703,159.54618700953199,237.02194967983499,77.475762670300696,1888.8437511140901,417.480334850323,3.0386162458097199,2.9501733149989202,1.2167237936369699,1.0588137358283201,0.10270237098281999,0.20864159999905901,154.009132194085,46.446237547025397,-245.566690645927,9.8479574920842108,227.27265929862301,227.27265929862301,0,0,0,0.41045044115449902,3.4470158232992198,9.8659454245275704,2865.3288539699602,29261.025544181801,0.68160476754560595,178.708280580516,1.67710913956398e-06,0,1,0,27.067900136994901,136.355023778038,105.144860496327,4.14226314470368,57
17.5,9.3889269846591699,300.04995288182897,66.640949434941305,1728.6038157656701,48.945931911192098,1448.3193606147299,0,5.9356053574649401,116.18766882042701,2474.4545727869699,402.935649262933,183.657877576402,261.133640246705,77.475762670300696,1888.8437511140901,440.524390500317,4.0031973923925799,3.2070292837897698,1.2896246709529899,1.1236576556593001,0.10545214706282301,0.20984159999903801,177.722272218938,60.917539749049197,-219.46552656542701,9.3274441541259101,211.27595479530601,211.27595479530601,0,0,0,0.38711360476655898,3.2876630879123399,9.3871745400342395,2865.2659905380101,29259.7416229261,0.61706364946282799,177.640645663616,1.68679616763256e-06,0,1,0,40.024867252921098,149.37919575985799,105.144860496327,4.2094680105991404,57
17.600000000000001,8.7194667998561695,300.03855980163303,66.3969717190908,1728.6038157656701,48.945931911192098,1427.67314618095,0,6.2921301842692197,124.328169892647,2487.9585959380902,405.185984500453,205.60242353513101,283.07818620543202,77.475762670300696,1888.8437511140901,461.17060493405597,4.9052214442084496,3.4317070324683301,1.3571228256435,1.1840769447742701,0.10818178138305,0.211041599999017,199.31029335086299,74.449919749299994,-200.25152527420499,8.6717973954707492,191.75773752726599,191.75773752726599,0,0,0,0.38333782438209602,3.1400970322135402,8.7177632843804496,2865.1571946361901,29257.519644547399,0.53220370891655899,176.34231413863,1.69646000358625e-06,0,1,0,52.111719367822602,161.55833776008399,105.144860496327,4.3017578959231804,57
17.699999999999999,8.3864782988033504,300.02357991284498,66.271242820524904,1728.6038157656701,48.945931911192098,1407.9049638187801,0,6.6186668446918802,131.64523110053901,2501.4614086228098,407.436218878445,226.03781503673,303.51357770702998,77.475762670300696,1888.8437511140901,480.93878729612402,5.7605766405192496,3.63365782676994,1.4206460754747701,1.2412239314426501,0.110897411004434,0.212241599998996,219.41914819203899,87.281585963705894,-186.84515970642599,8.3244415386156199,181.69942564199201,181.69942564199201,0,0,0,0.37338261820854102,3.0810963395052,8.3847997760066999,2865.0141472353298,29254.5982637087,0.49233112779409699,175.675104999079,1.70592011272674e-06,0,1,0,63.5445010728657,173.106837353049,105.144860496327,4.4174757838450196,57
17.800000000000001,7.5611545207972801,300.00442864169298,66.031423534877703,1728.6038157656701,48.945931911192098,1390.5336233251401,0,6.9121642695955199,138.067615889238,2514.9627133541499,409.68632760308799,244.67830476773901,322.15406743803902,77.475762670300696,1888.8437511140901,498.31012778974798,6.5616536047293996,3.81091557232019,1.4796218663932099,1.2945883607391599,0.113596870142879,0.213441599998975,237.76614049814401,99.298327205095006,-160.34674718451501,7.5628875292552502,160.34674718451501,160.34674718451501,0,0,0,0.38595956357227701,2.85396231506025,7.5595342938683503,2864.8312660671099,29250.8635915042,0.40019740381161201,174.40595576169599,1.71604870047304e-06,0,1,0,74.221630772881397,183.92190447029901,105.144860496327,4.5554132010798503,57
17.899999999999999,6.5592995030752199,299.97855508775399,65.811499002247402,1728.6038157656701,48.945931911192098,1375.7431881129401,0,7.1560001041777603,143.169030161873,2528.4620037889999,411.93626847122499,260.62855970473299,338.10432237503301,77.475762670300696,1888.8437511140901,513.10056300197004,7.2752737501626497,3.9517145378238201,1.5314152439409701,1.3419525693768599,0.11627615303604499,0.21464159999895399,253.47255960055699,110.002358568888,-133.73670877227801,6.5621813909458204,133.73670877227801,133.73670877227801,0,0,0,0.37144751250869401,2.6128893357491201,6.5577515867865097,2864.5841918268302,29245.818391574401,0.30117086979730001,173.24613603691199,1.7254715203307601e-06,0,1,0,83.697122535254195,193.55553269771201,105.144860496327,4.7135496661202501,57
17.969999999999999,5.8525370776361099,299.95601698588001,65.679545732440303,1728.6038157656701,48.945931911192098,1366.93528513051,0,7.2967154937432301,145.96330996407099,2537.9099646111299,413.511098530227,270.13048961928399,347.60625228958497,77.475762670300696,1888.8437511140901,521.908465984401,7.7172104489548898,4.0288366124022303,1.5630523232483,1.3712038322259299,0.11814112586673101,0.21548159999893901,262.83377412554398,116.630698829758,-115.939802177316,5.8557007033128796,115.939802177316,115.939802177316,0,0,0,0.36102976455524199,2.4566672336918201,5.85104073151044,2864.3689688075601,29241.4239409609,0.23976533171573799,172.552109104789,1.7321403902315101e-06,0,1,0,89.541279156958794,199.521038932495,105.144860496327,4.8348992791990399,57
17.98,5.8541195117240399,299.95244258636302,65.664566611789198,1728.6038157656701,48.945931911192098,1365.7758871087001,0,7.3145780164028302,146.30576035571499,2539.2595527097401,413.73606420249502,271.368584413321,348.84434708362102,77.475762670300696,1888.8437511140901,523.06786400621002,7.7757295240692699,4.0382882334307704,1.56720849193331,1.3750727554952,0.118406935543496,0.21560159999893699,264.05400639692101,117.508351034404,-115.939802177316,5.8557432434708403,115.939802177316,115.939802177316,0,0,0,0.36111188534477001,2.4957560824770399,5.8526246751355897,2864.33483580645,29240.727039395701,0.23989500680283701,172.47341233256401,1.73317766893888e-06,0,1,0,90.313181081817405,200.31092591667701,105.144860496327,4.85288433852201,57
17.989999999999998,5.8551913477764002,299.94886927706,65.649526444453201,1728.6038157656701,48.945931911192098,1364.6164890868899,0,7.3324456620888698,146.64836409052199,2540.6091086490401,413.96102719439602,272.60698187245799,350.08274454275801,77.475762670300696,1888.8437511140901,524.22726202802005,7.8342616998403303,4.0477440867476702,1.57136568302896,1.3789416668205601,0.118672625491618,0.215721599998935,265.27453621037199,118.386189259817,-115.939802177316,5.855785771151,115.939802177316,115.939802177316,0,0,0,0.36119067007527,2.5217838104574799,5.8536975237721798,2864.3007132161301,29240.030358690801,0.23998286003352901,172.39441289523799,1.73411035575555e-06,0,1,0,91.085096042537998,201.100980319548,105.144860496327,4.8710237806728403,57
18,5.85593164515201,299.94529673811297,65.617940121590905,1728.6038157656701,48.945931911192098,1363.5437380570199,0,7.3503159513428002,146.99107251978799,2541.9586324377001,414.18598750661999,273.845583165535,351.32134583583502,77.475762670300696,1888.8437511140901,525.30001305788801,7.89280281836146,4.0572028296451697,1.57552357206315,1.38280981837267,0.118938131261751,0.21584159999893299,266.49526721419602,119.26415114637901,-107.02543959802399,5.4889822364258398,107.02543959802399,107.02543959802399,0,0,0,0.21625630690709099,2.5201340862479902,5.8544384746817002,2864.26659798217,29239.333836477301,0.240043548028849,172.228562632028,1.7349830159219001e-06,0,1,0,91.856967918846905,201.89114601745399,105.144860496327,4.8893176022701104,57
18.010000000000002,5.4860723398251601,299.94145353017802,65.609448549705306,1728.6038157656701,48.945931911192098,1362.473483661,0,7.3665767225243499,147.29383991440801,2543.30812291857,414.41094504268699,274.96041063372098,352.43617330402202,77.475762670300696,1888.8437511140901,526.37026745390597,7.9478241295701304,4.0655592106236096,1.57940823518842,1.3864442265911301,0.11920345012112001,0.215961599998931,267.59383391120002,120.08931506876699,-107.02543959802399,5.4890261867264698,107.02543959802399,107.02543959802399,0,0,0,0.35561417685765101,2.3846446715259901,5.4846031126842796,2864.2298980497499,29238.584552383702,0.21067892802456301,172.183989559857,1.7358684090140699e-06,0,1,0,92.581171773958204,202.633793547604,105.144860496327,4.9077612773082899,57
18.02,5.4875762290639098,299.93759756298499,65.596187796283203,1728.6038157656701,48.945931911192098,1361.4032292649799,0,7.3827612434236203,147.59474129477201,2544.6575787024899,414.63589968677798,276.10026045338401,353.57602312368499,77.475762670300696,1888.8437511140901,527.44052184992404,8.0026784136362998,4.0738640791393497,1.58327999841103,1.3900669026333199,0.11946866323986501,0.21608159999892901,268.71749920996399,120.91196346510399,-107.02543959802399,5.4890702835145602,107.02543959802399,107.02543959802399,0,0,0,0.35568612122146698,2.4217199948379302,5.4861084344182096,2864.1930762754,29237.832790352899,0.210794450088511,172.11439413621,1.7367979125992901e-06,0,1,0,93.302967278389801,203.37417710430699,105.144860496327,4.92634932957953,57
18.030000000000001,5.4886015974717504,299.93374264398398,65.573595100180995,1728.6038157656701,48.945931911192098,1360.38163752534,0,7.3989503328050397,147.89577949430699,2546.0069997949199,414.86085143931001,277.24039135474402,354.71615402504398,77.475762670300696,1888.8437511140901,528.46211358957203,8.0575451675726093,4.0821727238794896,1.5871527238480501,1.3936895347621101,0.11973375031533701,0.21620159999892599,269.84144102194301,121.734788295165,-98.100984170556103,5.11239491864323,98.100984170556103,98.100984170556103,0,0,0,0.20670191105515701,2.4269908422328301,5.4871347346363599,2864.15626451054,29237.0812423389,0.210873232470386,171.995854974499,1.7376723917550401e-06,0,1,0,94.024777211562693,204.11471945136199,105.144860496327,4.9450817434614303,57
18.100000000000001,4.7251914734271701,299.90356264538798,65.493853393202201,1728.6038157656701,48.945931911192098,1353.9444008884,0,7.4944950226095504,149.57415166810699,2555.45189208479,416.43542573862698,284.09568967454197,361.57145234484199,77.475762670300696,1888.8437511140901,534.89935022648694,8.4000349051198704,4.1284957508532001,1.6110861056060299,1.4162853222056899,0.12158624394454801,0.21704159999891201,276.601194651936,126.87075094260599,-80.223334790134402,4.3263842380603696,80.223334790134402,80.223334790134402,0,0,0,0.18607887332116099,2.2754176403501698,4.7237810277067602,2863.8680667530102,29231.1977384038,0.15629204122384199,171.57779329160999,1.7443189790356e-06,0,1,0,98.512304761737397,208.73708583405801,105.144860496327,5.0799205759836896,57
18.199999999999999,3.48891210819952,299.85292120175598,65.408707185411004,1728.6038157656701,48.945931911192098,1346.9533521942501,0,7.5935598828085604,151.115930639737,2568.9409973911402,418.684517661607,291.53257263355601,369.008335303857,77.475762670300696,1888.8437511140901,541.89039892051596,8.79133290645707,4.1710487898198103,1.63797929172479,1.4420654761848799,0.124224725079013,0.21824159999889101,283.939012750752,132.73787455712301,-53.340789476996697,3.0492582285572398,53.340789476996697,53.340789476996697,0,0,0,0.15025030548461099,1.99379398140681,3.4875914934673302,2863.38447658824,29221.3266647985,0.085207553891188795,171.131959026673,1.75373952515656e-06,0,1,0,103.59037471099499,214.01749708712401,105.144860496327,5.2822618797914602,57
18.300000000000001,2.1138953869871102,299.79245531462902,65.353854108238394,1728.6038157656701,48.945931911192098,1342.57781541804,0,7.6520013696002502,151.82494592384501,2582.42511712442,420.93319391288998,296.19501856442997,373.67078123472999,77.475762670300696,1888.8437511140901,546.26593569678198,9.0547468736878205,4.1906175537448096,1.6556885751655801,1.4593978955554601,0.12685574513432701,0.21944159999887,288.54301719483402,136.68679139503899,-26.388198786979899,1.6173363490119801,26.388198786979899,26.388198786979899,0,0,0,0.105827509304808,1.6898635190253699,2.1126750502631402,2862.8070698987599,29209.542785661401,0.031279875949877599,170.84504987203599,1.7633278730500001e-06,0,1,0,106.93359111393001,217.571522241249,105.144860496327,5.4930706309822401,57
18.399999999999999,0.57786983983414697,299.72060116523102,65.316242202682204,1728.6038157656701,48.945931911192098,1340.90268125227,0,7.6751210092620701,151.97632207708801,2595.9032948962899,423.18137465306501,298.06674278298198,375.54250545328301,77.475762670300696,1888.9018590764499,547.99917782484101,9.1699152269721793,4.1947956156730397,1.6632374927687099,1.4669662952684299,0.12948060555181501,0.22064099999884901,290.39162177372202,138.41296216177199,20.000000000030699,0,0,0,0,0,0,0,1.3585727192994399,0.57676177263488204,2862.1209133152602,29195.542597925501,0.0023375348625295999,170.64845981917799,1.77259562406107e-06,0,1,0,108.249070768089,219.10252376265399,105.144860496327,5.7085924982271496,57
18.5,0.0018227455988249601,299.64000395627301,64.928660152659404,1728.6038157656701,48.945931911192098,1342.90268125222,0,7.6774419322212797,151.97642299160501,2609.3745390160402,425.42897704553098,298.08596623331101,375.56388805774401,77.477921824433594,1890.9018590764099,547.99917782484101,9.1711924668550306,4.1947984369595801,1.66336286140031,1.4671089016029299,0.13033253225838801,0.22183919999882801,290.40852430109101,138.432101286229,20.000000000017899,0,0,0,0,0,0,0.23075721728148299,0.042450601323205203,0.0018589701156202,2861.3512666629599,29179.842890547501,2.3256810626250299e-08,168.62923636878199,1.78226537173032e-06,0,1,0,108.03278887240199,219.10252376265399,105.144860496327,5.9248743939145996,57
18.600000000000001,-1.3822797273022e-05,299.55933024278102,64.542071847692199,1728.6038157656701,48.945931911192098,1344.9026812521699,0,7.6788925598151501,151.97643713761701,2622.8385331187901,427.67597454401499,298.08804106631698,375.57330797989698,77.485266913581398,1892.9018590763601,547.99917782484101,9.1712331902064008,4.1947987801266997,1.6634796800138401,1.4672423674161501,0.13033253225838801,0.223039199998807,290.40914850650199,138.43271136888501,20.0000000000238,0,0,0,0,0,0,0.23206559908229499,0.00048753379863201399,2.0472192829856801e-05,2860.5808894461602,29164.132509038602,1.33748807115746e-12,166.62716153570699,1.7917886907525801e-06,0,1,0,107.81693910844599,219.10252376265399,105.144860496327,6.1407241578704097,57
18.699999999999999,-3.4195023154302098e-05,299.47867204665403,64.153271814493607,1728.6038157656701,48.945931911192098,1346.9026812521299,0,7.6803419455942601,151.97645118922,2636.2952778691001,429.92236704111599,298.08951122178502,375.58239900052303,77.492887778740396,1894.9018590763101,547.99917782484101,9.1712336387626205,4.1947991210569802,1.66359632333362,1.4673747689452099,0.13033253225838801,0.224239199998786,290.40916927619003,138.432718086965,20.000000000017899,0,0,0,0,0,0,0.23340904496905601,2.5322453531360802e-05,2.2346569039655201e-07,2859.81066040929,29148.4293785189,8.1850972596628201e-12,164.62569138017199,1.80130200533313e-06,0,1,0,107.601520612822,219.10252376265399,105.144860496327,6.3561426534947403,57
18.800000000000001,-3.4567584366117198e-05,299.398032427668,63.762102611818399,1728.6038157656701,48.945931911192098,1348.9026812520799,0,7.6817900819122,151.976465183697,2649.7447768301099,432.16815467134001,298.09097342268399,375.59146773948299,77.500494316800101,1896.9018590762601,547.99917782484101,9.1712336434446904,4.1947994605358598,1.66371278827997,1.46750610083793,0.13033253225838801,0.22543919999876499,290.40918334077202,138.43271815707001,20.000000000017899,0,0,0,0,0,0,0.23477773649908601,2.0497853951351401e-05,-2.8421709430404002e-10,2859.0406087710599,29132.7340920067,8.3644252223604297e-12,162.62422917920199,1.8101122805091999e-06,0,1,0,107.38653252384699,219.10252376265399,105.144860496333,6.5711307424627696,57
18.899999999999999,-3.4722069787510003e-05,299.31741141532501,63.3685190707346,1728.6038157656701,48.945931911192098,1350.9026812520301,0,7.68323695922306,151.97647912026801,2663.1870336236698,434.41333757419898,298.09243423309499,375.60051725487102,77.5080830217765,1898.90185907622,547.99917782484101,9.1712336432128403,4.1947997985418004,1.6638290711708801,1.4676363572519699,0.13033253225838801,0.22663919999874399,290.40919727387302,138.43271815360001,20.000000000017899,0,0,0,0,0,0,0.23617233906853999,2.0736756625820299e-05,-2.8776980798284099e-09,2858.2707348131598,29117.0466523205,8.4393549123010202e-12,160.62276836872201,1.82368967216462e-06,0,1,0,107.171973978113,219.10252376265399,105.14486049980501,6.7856892847249499,57
18.969999999999999,-3.4830170377142499e-05,299.26098777554699,63.091549868275798,1728.6038157656701,48.945931911192098,1352.302681252,0,7.6842490189986403,151.97648884098101,2672.5923062285201,435.984605868139,298.09345601052502,375.60684036324898,77.513384352723094,1900.3018590761801,547.99917782484101,9.1712336430083994,4.1948000342591198,1.6639103588364399,1.4677268936446899,0.13033253225838801,0.22747919999872901,290.40920699152798,138.432718150542,20.000000000017899,0,0,0,0,0,0,0.23716441319000101,2.0947426695716101e-05,-2.9132252166164099e-09,2857.7319287424998,29106.070111428799,8.4919853795054406e-12,159.22174659124499,1.83377505891258e-06,0,1,0,107.022038116112,219.10252376265399,105.144860502862,6.9356251436693297,57
18.98,-3.4845778822477399e-05,299.25292799960101,63.051883531809501,1728.6038157656701,48.945931911192098,1352.50268125199,0,7.6843935480158896,151.97649022728899,2673.9356271311699,436.20904858655098,298.09360192540902,375.60774288160002,77.5141409561909,1900.5018590761799,547.99917782484101,9.1712336429788692,4.1948000678729196,1.6639219638477201,1.46773978403685,0.13033253225838801,0.22759919999872699,290.40920837739498,138.43271815009999,20.000000000017899,0,0,0,0,0,0,0.23730722393795201,2.0977855820353999e-05,-2.98427949019242e-09,2857.6549635515798,29104.502347808801,8.4995981122150799e-12,159.02160067635501,1.8352434381085901e-06,0,1,0,107.000635837646,219.10252376265399,105.14486050330299,6.9570274216945096,57
18.989999999999998,-3.4861325392075003e-05,299.24486840964801,63.012192227938499,1728.6038157656701,48.945931911192098,1352.70268125199,0,7.6845380642652596,151.97649161300399,2675.2788756773102,436.43348526019997,298.09374782692998,375.60864520345001,77.5148973765194,1900.70185907617,547.99917782484101,9.1712336429492591,4.1948001014716496,1.66393356696905,1.4677526635661799,0.13033253225838801,0.227719199998725,290.40920976266602,138.43271814965701,20.000000000017899,0,0,0,0,0,0,0.237450308681221,2.10083599927608e-05,-2.9487523534044199e-09,2857.5780001367598,29102.93466259,8.5071840566449402e-12,158.821454774827,1.83668544195825e-06,0,1,0,106.979237839208,219.10252376265399,105.14486050374499,6.9784254196898603,57
19,-3.4876983292294501e-05,299.23680900568303,62.972475909454701,1728.6038157656701,48.945931911192098,1352.9026812519901,0,7.6846825677366599,151.976492998124,2676.62205187055,436.65791588922701,298.09389371507598,375.60954732853099,77.515653613454504,1900.90185907617,547.99917782484101,9.1712336429194892,4.1948001350552699,1.6639451681964501,1.4677655322265499,0.13033253225838801,0.22783919999872301,290.40921114733999,138.43271814921101,20.000000000017899,0,0,0,0,0,0,0.237593668351258,2.1039038056339499e-05,-2.98427949019242e-09,2857.5010384979901,29101.3670557687,8.5148277449969094e-12,158.621308886674,1.8381210793450001e-06,0,1,0,106.957844119941,219.10252376265399,105.14486050419001,6.99981913851133,57
19.010000000000002,-3.4892613439255898e-05,299.22874978770199,62.9327345290003,1728.6038157656701,48.945931911192098,1353.1026812519799,0,7.6848270584199199,151.97649438264801,2677.9651557145198,436.88234047377,298.09403958983802,375.61044925657802,77.516409666739506,1901.1018590761701,547.99917782484101,9.1712336428897405,4.1948001686237602,1.6639567675259199,1.46777839001185,0.13033253225838801,0.227959199998721,290.40921253142,138.43271814876601,20.000000000017899,0,0,0,0,0,0,0.23773730377722199,2.1069695985150799e-05,-2.98427949019242e-09,2857.4240786352502,29099.799527341202,8.5224613083493906e-12,158.42116301190501,1.83956581167877e-06,0,1,0,106.936454678993,219.10252376265399,105.14486050463501,7.0212085790146403,57
19.02,-3.4908291493201299e-05,299.22069075570101,62.892968039068101,1728.6038157656701,48.945931911192098,1353.3026812519799,0,7.6849715363048698,151.97649576657599,2679.30818721283,437.10675901397002,298.09418545120599,375.61135098732399,77.517165536117702,1901.3018590761601,547.99917782484101,9.1712336428599901,4.1948002021771096,1.66396836495345,1.4677912369159101,0.13033253225838801,0.22807919999871901,290.40921391490298,138.43271814832099,20.000000000017899,0,0,0,0,0,0,0.23788121583347799,2.1100348422662098e-05,-2.9487523534044199e-09,2857.3471205484798,29098.232077303699,8.5301217048201601e-12,158.22101715053,1.8410082702757799e-06,0,1,0,106.91506951550799,219.10252376265399,105.14486050508,7.0425937420553897,57
19.030000000000001,-3.4924037569477497e-05,299.21263190967602,62.853176392001302,1728.6038157656701,48.945931911192098,1353.50268125197,0,7.6851160013813002,151.976497149907,2680.6511463690999,437.33117150996497,298.094331299168,375.61225252050099,77.5179212213325,1901.5018590761599,547.99917782484101,9.1712336428302095,4.1948002357152898,1.6639799604750201,1.4678040729326001,0.13033253225838801,0.22819919999871599,290.40921529778899,138.43271814787599,20.000000000017899,0,0,0,0,0,0,0.23802540543688,2.1131037468841101e-05,-2.98427949019242e-09,2857.2701642376401,29096.6647056525,8.5378188010799099e-12,158.02087130256101,1.8424534573569001e-06,0,1,0,106.89368862862899,219.10252376265399,105.144860505525,7.0639746284889799,57
19.100000000000001,-3.5034853668587002e-05,299.15622519445202,62.573926427689898,1728.6038157656701,48.945931911192098,1354.9026812519401,0,7.68612689741542,151.97650681643401,2690.0498351898,438.90188975592798,298.09535185856402,375.618557698063,77.523205839498999,1902.90185907612,547.99917782484101,9.1712336426186205,4.1948004700562,1.6640610754180101,1.4678936196828101,0.13033253225838801,0.22903919999870201,290.40922496115002,138.43271814471001,20.000000000017899,0,0,0,0,0,0,0.23904257780732199,2.13490640505227e-05,-3.0198066269804299e-09,2856.7315197845501,29085.695298592898,8.5920868010551098e-12,156.61985074311801,1.8526484382164201e-06,0,1,0,106.744142093609,219.10252376265399,105.14486050869201,7.2135211603418803,57
19.199999999999999,-3.5195882080681098e-05,299.075659977339,62.1728224285349,1728.6038157656701,48.945931911192098,1356.90268125189,0,7.68756993796468,151.976520574342,2703.4703871987099,441.14525931377699,298.09680865240898,375.62754809217103,77.530739439762598,1904.90185907608,547.99917782484101,9.1712336423102201,4.1948008035239903,1.6641767887622101,1.46802061342006,0.13033253225838801,0.230239199998681,290.409238714445,138.43271814009699,20.000000000017899,0,0,0,0,0,0,0.24051995955907299,2.1666852912704001e-05,-3.12638803734444e-09,2855.9621786318698,29070.031377036299,8.6712508080604606e-12,154.618393949205,1.86734951057588e-06,0,1,0,106.530867044307,219.10252376265399,105.14486051330999,7.42679620502566,57
19.300000000000001,-3.5360122797888103e-05,298.995113350054,61.769114150273403,1728.6038157656701,48.945931911192098,1358.90268125184,0,7.6890116788224203,151.97653427096799,2716.8837115128599,443.38802470221202,298.09826408516699,375.63651823067801,77.538254145513093,1906.90185907603,547.99917782484101,9.1712336419940907,4.1948011354373902,1.6642923040147699,1.46814650711185,0.13033253225838801,0.23143919999866,290.40925240634402,138.43271813537001,20.000000000017899,0,0,0,0,0,0,0.24202674650405701,2.1992607820989201e-05,-3.19744231092045e-09,2855.1930149989598,29054.375287343799,8.7523679899720707e-12,152.61693851638,1.8820333025359999e-06,0,1,0,106.31801811894999,219.10252376265399,105.144860518028,7.6396451256637397,57
19.399999999999999,-3.5527672938045999e-05,298.91458530830801,61.362750194315502,1728.6038157656701,48.945931911192098,1360.9026812518,0,7.6904521091485503,151.97654790540199,2730.28981174608,445.63018606064003,298.09971814507998,375.64546782411099,77.545749679034301,1908.9018590759799,547.99917782484101,9.1712336416698008,4.1948014657745096,1.66440761681377,1.4682712943018399,0.13033253225838801,0.232639199998639,290.40926603593101,138.432718130523,20.000000000017899,0,0,0,0,0,0,0.24356391490661999,2.2326773570691701e-05,-3.30402372128447e-09,2854.42402884488,29038.7270257624,8.8355088107493808e-12,150.615484456399,1.89693264474045e-06,0,1,0,106.105594466114,219.10252376265399,105.144860522876,7.8520687736527499,57
19.5,-3.5698644122315201e-05,298.83407584781202,60.9536774488069,1728.6038157656701,48.945931911192098,1362.90268125175,0,7.6918912178133301,151.97656147670901,2743.6886915105001,447.871743528438,298.10117082008298,375.65439657328398,77.553225753203293,1910.9018590759299,547.99917782484101,9.1712336413373006,4.1948017945128298,1.66452272264268,1.46839496839941,0.13033253225838801,0.23383919999861799,290.40927960226998,138.432718125554,20.000000000017899,0,0,0,0,0,0,0.24513248688848599,2.2669399583512901e-05,-3.37507799486048e-09,2853.6552201286599,29023.086588540202,8.9207523452019595e-12,148.61403178132801,1.9118465388601201e-06,0,1,0,105.893595236105,219.10252376265399,105.144860527849,8.0640679986881896,57
19.600000000000001,-3.58732027308448e-05,298.75358496427901,60.541841007598101,1728.6038157656701,48.945931911192098,1364.9026812517,0,7.6933289933854399,151.976574983923,2757.0803544164801,450.112697244949,298.10262209776999,375.66330416881698,77.560682071050095,1912.9018590758899,547.99917782484101,9.1712336409959594,4.1948021216291203,1.6646376168227801,1.4685175226751499,0.13033253225838801,0.23503919999859699,290.40929310438599,138.432718120457,20.000000000017899,0,0,0,0,0,0,0.24673353336182,2.3021121019838501e-05,-3.4816594052244901e-09,2852.8865888093701,29007.453971927898,9.0082067191780195e-12,146.61258050357199,1.9269764379714599e-06,0,1,0,105.682019580931,219.10252376265399,105.144860532943,8.2756436487677796,57
19.699999999999999,-3.6051358068694999e-05,298.673112653423,60.127184084212999,1728.6038157656701,48.945931911192098,1366.9026812516499,0,7.6947654241191596,151.97658842604901,2770.4648040726702,452.35304734948301,298.10407196540098,375.67219029067201,77.568118325274696,1914.9018590758401,547.99917782484101,9.1712336406458608,4.1948024470994403,1.66475229450519,1.4686389502561099,0.13033253225838801,0.23623919999857601,290.40930654128198,138.432718115228,20.000000000017899,0,0,0,0,0,0,0.24836817692982899,2.3381884797100101e-05,-3.5527136788005001e-09,2852.11813484608,28991.829172177298,9.0979029301808098e-12,144.61113063587399,1.9422918740019702e-06,0,1,0,105.470866654272,219.10252376265399,105.144860538175,8.48679657019518,57
19.800000000000001,-3.6233350711092197e-05,298.592658910956,59.709647920446997,1728.6038157656701,48.945931911192098,1368.9026812516099,0,7.6962004979408398,151.97660180206,2783.84204408599,454.59279398131901,298.10552040985601,375.681054607612,77.575534197758699,1916.9018590757901,547.99917782484101,9.1712336402858003,4.1948027708991198,1.6648667506624899,1.4687592441208199,0.13033253225838801,0.23743919999855501,290.40931991191599,138.43271810984999,20.000000000017899,0,0,0,0,0,0,0.25003759528406599,2.3752902662200498e-05,-3.6592950891645201e-09,2851.3498581978602,28976.212185542299,9.1899899262710398e-12,142.60968219135,1.9576550585043202e-06,0,1,0,105.260135611506,219.10252376265399,105.14486054355299,8.6975276075828098,57
19.899999999999999,-3.6419288562211701e-05,298.512223732596,59.289171689159303,1728.6038157656701,48.945931911192098,1370.9026812515599,0,7.6976342024346902,151.97661511089601,2797.2120780616501,456.83193727970598,298.10696741767299,375.68989677667503,77.582929359004297,1918.90185907574,547.99917782484101,9.1712336399164691,4.1948030930026698,1.66498098007961,1.46887839709401,0.13033253225838801,0.238639199998534,290.40933321523801,138.432718104337,20.000000000017899,0,0,0,0,0,0,0.25174302457230602,2.41334735591477e-05,-3.7658764995285302e-09,2850.5817588237901,28960.6030082783,9.2845520556434898e-12,140.60823518346399,1.9731292013602801e-06,0,1,0,105.04982560972201,219.10252376265399,105.144860549065,8.9078376038557305,57
19.969999999999999,-3.6551840107056102e-05,298.45593015109301,58.993055341321998,1728.6038157656701,48.945931911192098,1372.30268125153,0,7.6986369740051703,151.976624386526,2806.5668161818999,458.398978679724,298.10797946091799,375.69607292727898,77.588093466361201,1920.3018590757099,547.99917782484101,9.1712336396513994,4.1948033174519104,1.66506080287112,1.4689611214237299,0.13033253225838801,0.23947919999851899,290.40934248691298,138.432718100382,20.000000000011902,0,0,0,0,0,0,0.252958944316378,2.4406616320566702e-05,-3.8369307731045402e-09,2850.0441947181498,28949.681228765101,9.3522591064825602e-12,139.20722314017101,1.9840617824229399e-06,0,1,0,104.90285867728301,219.10252376265399,105.144860553024,9.0548045323354795,57
19.98,-3.6570922703191302e-05,298.44788895318601,58.950631595611199,1728.6038157656701,48.945931911192098,1372.50268125152,0,7.6987801715426398,151.976625708863,2807.9029193166198,458.62281761188399,298.10812398022301,375.69695432711899,77.588830346896003,1920.5018590757099,547.99917782484101,9.1712336396132503,4.1948033494466603,1.6650721967302,1.46897289310738,0.13033253225838801,0.239599199998517,290.409343808681,138.432718099813,20.000000000018598,0,0,0,0,1,0,0.253134166278705,2.44459248775685e-05,-3.8369307731045402e-09,2849.9674069344301,28948.121286699199,9.3620267115395403e-12,139.00707862085901,1.9856493054248901e-06,0,1,0,104.881880192407,219.10252376265399,105.14486055359301,9.0757830166417595,57
19.989999999999998,-3.65900656180383e-05,298.43984794084201,58.908177300814202,1728.6038157656701,48.945931911192098,1372.7026812515201,0,7.6989233551545597,151.97662703050801,2809.23895045581,458.84665051321599,298.10826848491001,375.697835499002,77.589567014093902,1920.7018590757,547.99917782484101,9.1712336395749698,4.19480338142397,1.6650835882231501,1.46898465324905,0.13033253225838801,0.23971919999851499,290.40934512975502,138.43271809924201,20.000000000018598,0,0,0,0,1,0,0.25330977214249301,2.44853762083746e-05,-3.8369307731045402e-09,2849.8906209227198,28946.561422659699,9.3718303135264506e-12,138.80693411616599,1.9871727090503601e-06,0,1,0,104.86090590281,219.10252376265399,105.144860554164,9.0967573056685005,57
20,-3.6609232446239301e-05,298.43180711405802,58.865692390837197,1728.6038157656701,48.945931911192098,1372.9026812515101,0,7.6990665248276402,151.97662835146099,2810.57490960308,459.070477383857,298.10841297496199,375.69871644255699,77.5903034675963,1920.9018590757,547.99917782484101,9.1712336395365792,4.1948034133838004,1.66509497734426,1.4689964018411801,0.13033253225838801,0.239839199998513,290.40934645013499,138.432718098669,0,20,626.43180711405796,626.43180711405796,0,1,0,1,2.45247341870778e-05,-3.8369307731045402e-09,2849.8138366829598,28945.001636642799,9.3816513021194605e-12,138.606789626107,1.9887352209480001e-06,1,1,0,104.839935807651,219.10252376265399,105.144860554736,9.1177274002547097,57
20.010000000000002,19.805951555292999,298.43315568704998,57.471661760057103,1728.6038157656701,48.945931911192098,1372.9026812515101,0,7.7582849027026901,153.83725509005899,2811.9108268274799,459.294300742595,304.59552638257298,382.18582985018003,77.590303467608607,1920.9018590757,547.99917782484101,9.2932944318677109,4.2490213537064898,1.6680662803953501,1.47096880715033,0.130368261450511,0.23986019999851199,296.83724147986999,140.25405637074201,0,20,626.43315568704998,626.43315568704998,0,1,0,0.6648131538948,0.75916709728075904,19.802338972780799,2849.82671460643,28945.2632343326,2.7459300190742799,132.11967621849601,1.98966063180706e-06,1,1,0,104.839935807651,219.10252376265399,105.144860554736,9.1177274002547097,57
20.02,19.883093315095199,298.440385190021,56.013032896939897,1729.0500911626,48.951157143588098,1372.9026812515101,0,7.8961741373054499,157.77806397361701,2813.2467943796901,459.51812831732002,311.65785859306101,389.24816206066799,77.590303467608607,1920.9018590757,547.99917782484101,9.4918090003125197,4.3577876702260596,1.6855001892977099,1.4823372356417801,0.130568842139904,0.23998019999851,303.76168445575502,143.21625868370501,0,20,626.44038519002095,626.44038519002095,0,1,0,0.67396182728071796,2.2898187397558498,19.880448413935898,2849.8957512744701,28946.665641519601,2.7673617984374999,125.49839417254699,1.9905901353922698e-06,1,1,0,104.839935807651,219.10252376265399,105.144860554736,9.1177274002547097,57
20.030000000000001,19.923466856983499,298.44765350376002,54.857032272364499,1731.0623063729699,49.009709706663998,1372.9026812515101,0,8.0344356365707608,161.739014205101,2814.58282684708,459.74196132991199,318.73815582364801,396.32845929125602,77.590303467608607,1920.9018590757,547.99917782484101,9.6908302838962701,4.4671098922537098,1.70299069295761,1.49347440247354,0.130760448885891,0.24010019999850801,310.70372018707798,146.186094260771,0,20,626.44765350375997,626.44765350375997,0,1,0,0.68765611596972198,3.29832962321959,19.920861536348902,2849.96515855804,28948.0756116177,2.7786117212092298,120.37175958925,1.99161559066852e-06,1,1,0,104.839935807651,219.10252376265399,105.144860554736,9.1177274002547097,57
20.100000000000001,19.9984496834862,298.498916125118,51.435945092151101,1769.3478585405301,52.054718133596602,1372.9026812515101,0,9.0047409586592302,189.66741569429601,2823.9368867317198,461.30894592261302,368.52420125262103,446.11450472022898,77.590303467608607,1920.9018590757,547.99917782484101,11.089038198175301,5.2379337736188996,1.8259900597860801,1.5679012620141199,0.13197566324011201,0.240940199998493,359.51946029396203,167.052478671469,0,20,626.49891612511794,626.49891612511794,0,1,0,0.73141499682052002,5.1449707172491301,19.995917879533899,2850.4546805331302,28958.020951557799,2.7995659282004999,105.826257900911,1.9983217498520402e-06,1,1,0,104.839935807651,219.10252376265399,105.144860554736,9.1177274002547097,57
20.199999999999999,20.002521341846201,298.57232428453102,50.740638667994503,1845.8576212335299,60.170575817543302,1372.9026812515101,0,10.3904751714376,229.66394541443299,2837.3054142231199,463.54796306952699,439.75986766514899,517.35017113275603,77.590303467608607,1920.9018590757,547.99917782484101,13.0889511286643,6.3418380130911798,2.0019802754874898,1.6709148854928999,0.13360179736601299,0.242140199998472,429.36939249371,196.90474105906199,0,20,626.57232428453096,626.57232428453096,0,1,0,0.74098962568673798,5.2346908323554597,19.999993340391601,2851.1556768191599,28972.265669316799,2.8007060202170999,102.984496497439,2.0080424292245901e-06,1,1,0,104.839935807651,219.10252376265399,105.144860554736,9.1177274002547097,57
20.300000000000001,20.0025340495154,298.64572227367898,50.678821212940598,1925.6775989267601,68.995057141175195,1372.9026812515101,0,11.7757819913977,269.66399473135698,2850.6805167348002,465.78753075477198,511.006143750859,588.59644721846598,77.590303467608607,1920.9018590757,547.99917782484101,15.0889520610693,7.4458393950862396,2.1779803456603299,1.7734104248609901,0.13521162579017501,0.243340199998451,499.23036175945998,226.76565744929101,0,20,626.64572227367898,626.64572227367898,0,1,0,0.74191636817936502,5.2337300427501701,20.000005805158601,2851.85657598632,28986.511915519499,2.8007095788141601,102.733716781328,2.0174579731246901e-06,1,1,0,104.839935807651,219.10252376265399,105.144860554736,9.1177274002547097,57
20.399999999999999,20.002529264174701,298.71910327410399,50.672712666822399,2005.79713332236,77.885833107849905,1372.9026812515101,0,13.161039175892199,309.66401662194801,2864.0621944843501,468.02764886125698,582.25966660053905,659.84997006814694,77.590303467608607,1920.9018590757,547.99917782484101,17.0889523085558,8.5498400202486202,2.3539803390072498,1.8758586322261399,0.13681998441023999,0.24454019999842999,569.09862742464804,256.63390256395201,0,20,626.71910327410399,626.71910327410399,0,1,0,0.74207326898442005,5.2334750220975002,20.0000007536261,2852.5573129231202,29000.7583647875,2.80070823874917,102.708952360574,2.0268680600565901e-06,1,1,0,104.839935807651,219.10252376265399,105.144860554736,9.1177274002547097,57
20.5,20.002528974732002,298.79246732626399,50.671497338728102,2085.9515747860801,86.784357352764999,1372.9026812515101,0,14.5462904117303,349.664030111508,2877.4504475660901,470.26831726166603,653.52051047797204,731.11081394557903,77.590303467608607,1920.9018590757,547.99917782484101,19.088952346176502,9.6538404135775409,2.5299803088183901,1.9783013175159401,0.138428171818507,0.24574019999840899,638.97422006624095,286.50948179704,0,20,626.79246732626495,626.79246732626495,0,1,0,0.74216248877846502,5.2334362561688303,20.000000199118499,2853.2578880159199,29015.005022547899,2.80070815769496,102.70402570194901,2.0363709154480598e-06,1,1,0,104.839935807651,219.10252376265399,105.144860554736,9.1177274002547097,57
20.600000000000001,20.002529187523901,298.86581444859502,50.670711736762001,2166.1176811079899,95.685471772128096,1372.9026812515101,0,15.9315397219275,389.66404275304802,2890.84527607677,472.50953582897603,724.78868696606401,802.37899043367202,77.590303467608607,1920.9018590757,547.99917782484101,21.088952362705399,10.7578407835279,2.7059802762431802,2.0807421601387999,0.140036302017744,0.24694019999838801,708.85714724413504,316.39239627380402,0,20,626.86581444859496,626.86581444859496,0,1,0,0.74224574965294998,5.2334192240813202,20.00000015002,2853.9583014407499,29029.251889957199,2.8007082172842201,102.70084111640099,2.0468091861403099e-06,1,1,0,104.839935807651,219.10252376265399,105.144860554736,9.1177274002547097,57
20.699999999999999,20.002529446089198,298.93914464644502,50.669963992924203,2246.2934101574701,104.588723206853,1372.9026812515101,0,17.316787463257501,429.66405531432503,2904.2466801128298,474.75130443623198,796.06419565544604,873.65449912305303,77.590303467608607,1920.9018590757,547.99917782484101,23.0889523773325,11.8618411512892,2.8819802434314101,2.1831814835123202,0.14164438502473101,0.24814019999836701,778.74740819219005,346.282644588175,0,20,626.93914464644502,626.93914464644502,0,1,0,0.74232847401126001,5.2334041517180703,20.000000144122499,2854.6585532486902,29043.498965633102,2.80070828969167,102.697810041769,2.05172545975074e-06,1,1,0,104.839935807651,219.10252376265399,105.144860554736,9.1177274002547097,57
20.800000000000001,20.002529708722601,299.01245792389301,50.669219706430198,2326.47858096651,113.49407171775201,1372.9026812515101,0,18.702033667376899,469.66406786462397,2917.6546597700299,476.99362295651798,867.347034969025,944.93733843663301,77.590303467608607,1920.9018590757,547.99917782484101,25.088952391789402,12.965841518773599,3.0579802105771301,2.2856193162985599,0.14325242172771799,0.249340199998346,848.64500130165095,376.18022507378902,0,20,627.01245792389295,627.01245792389295,0,0,0,0.74241113560912697,5.2333892547067498,20.000000143625101,2855.3586434786898,29057.7462479485,2.8007083632383201,102.69479302633999,2.0589855012076399e-06,1,1,0,104.839935807651,219.10252376265399,105.144860554736,9.1177274002547097,57
20.899999999999999,20.002529971741701,299.085754284845,50.668475857286403,2406.6731759527802,122.40151364600101,1372.9026812515101,0,20.087278337341999,509.66408041005599,2931.06921514336,479.23649126294703,938.63720322536597,1016.22750669297,77.590303467608607,1920.9018590757,547.99917782484101,27.0889524062286,14.0698418861496,3.2339801776974801,2.3880556612814501,0.14486041221360399,0.25054019999834998,918.54992488802702,406.085136041076,0,20,627.08575428484505,627.08575428484505,0,0,0,0.74249377615033396,5.2333743758824198,20.0000001449752,2856.05857216806,29071.993735243701,2.8007084368929598,102.691777828017,2.0666639102273599e-06,1,1,0,104.839935807651,219.10252376265399,105.144860554736,9.1177274002547097,57
20.969999999999999,20.002530155795402,299.137051674286,50.667955267546397,2462.8149980236199,128.63796830984299,1372.9026812515101,0,21.056948693800301,537.66408918928596,2940.4633165062701,480.80682613226799,988.54468082062704,1066.13498428823,77.590303467608607,1920.9018590757,547.99917782484101,28.488952416333799,14.842642143257301,3.3571801546675299,2.4597602178119198,0.14598597806375699,0.25138019999837502,967.48773212682704,427.02293444910703,0,20,627.137051674286,627.137051674286,0,0,0,0.74255161506493494,5.2333639631010502,20.0000001449752,2856.5484261539,29081.967097425,2.8007084884345201,102.689667639763,2.0720908651128399e-06,1,1,0,104.839935807651,219.10252376265399,105.144860554736,9.1177274002547097,57
20.98,20.002530182052102,299.14437919635202,50.667880903661803,2470.8356351156099,129.528974118154,1372.9026812515101,0,21.195472969099601,541.66409044328998,2941.8055940209802,481.031181668861,995.674613533365,1073.2649170009699,77.590303467608607,1920.9018590757,547.99917782484101,28.688952417777202,14.9530421799832,3.3747801513765898,2.4700036664025902,0.146146771337401,0.25150019999837803,974.47914056426703,430.01434162519001,0,20,627.14437919635202,627.14437919635202,0,0,0,0.74255987781705901,5.2333624757501802,20.0000001435541,2856.61839883535,29083.391871550499,2.8007084957873301,102.689366210706,2.0728675735881599e-06,1,1,0,104.839935807651,219.10252376265399,105.144860554736,9.1177274002547097,57
20.989999999999998,20.002530208396799,299.15170654932302,50.667806541260397,2478.8563664009198,130.42000085429899,1372.9026812515101,0,21.333997229065499,545.66409169725,2943.14793729453,481.25554270103299,1002.8046195051299,1080.39492297273,77.590303467608607,1920.9018590757,547.99917782484101,28.888952419220601,15.0634422167083,3.3923801480854001,2.4802471001228898,0.14630756414912499,0.25162019999838098,981.47062227606295,433.00582207564901,0,20,627.15170654932297,627.15170654932297,0,0,0,0.742568138998556,5.2333609884029704,20.0000001449752,2856.68836990205,29084.816647696,2.8007085031647798,102.689064788103,2.07365337701049e-06,1,1,0,104.839935807651,219.10252376265399,105.144860554736,9.1177274002547097,57
21,20.002530234658899,299.15903373320401,50.667732180349901,2486.8771918776501,131.311048518105,1372.9026812515101,0,21.472521473698201,549.66409295116705,2944.4903463270398,481.47990922865699,1009.93469873417,1087.5250022017699,77.590303467608607,1920.9018590757,547.99917782484101,29.088952420663901,15.1738422534323,3.4099801447939799,2.4904905189730999,0.146468356498936,0.25174019999838498,988.46217726047496,435.99737579879002,0,20,627.15903373320396,627.15903373320396,0,0,0,0.74257640138981895,5.2333595011509502,20.000000143625101,2856.7583393540699,29086.2414258598,2.8007085105191001,102.688763371986,2.0744428184116302e-06,1,1,0,104.839935807651,219.10252376265399,105.144860554736,9.1177274002547097,57
21.010000000000002,20.0025302609844,299.16636074799698,50.667657820914101,2494.8981115439401,132.202117109402,1372.9026812515101,0,21.611045702998101,553.66409420504499,2945.8328211185799,481.70428125160601,1017.06485121886,1094.65515468646,77.590303467608607,1920.9018590757,547.99917782484101,29.2889524221074,15.2842422901556,3.4275801415023301,2.5007339229535499,0.14662914838684599,0.25186019999838799,995.45380551586197,438.98900279292701,0,20,627.16636074799703,627.16636074799703,0,0,0,0.74258466227868503,5.2333580137890996,20.0000001449752,2856.8283071914202,29087.6662060403,2.8007085178911799,102.68846196229001,2.0752277123392602e-06,1,1,0,104.839935807651,219.10252376265399,105.144860554736,9.1177274002547097,57
21.02,20.002530287233601,299.173687593708,50.667583462962199,2502.9191253979002,133.093206628019,1372.9026812515101,0,21.749569916965498,557.66409545887598,2947.1753616692499,481.92865876975202,1024.1950769574501,1101.7853804250501,77.590303467608607,1920.9018590757,547.99917782484101,29.4889524235506,15.394642326877801,3.4451801382104401,2.5109773120645098,0.14678993981286401,0.251980199998392,1002.44550704048,441.980703056366,0,20,627.173687593708,627.173687593708,0,0,0,0.74259292434355295,5.2333565265883299,20.000000143625101,2856.89827341414,29089.090988235701,2.8007085252418702,102.68816055905,2.0760244296980099e-06,1,1,0,104.839935807651,219.10252376265399,105.144860554736,9.1177274002547097,57
21.030000000000001,20.002530313584298,299.18101427033901,50.667509106478498,2510.94023343768,133.98431707378501,1372.9026812515101,0,21.888094115600602,561.66409671266501,2948.5179679791499,482.15304178296901,1031.3253759483,1108.9156794159001,77.590303467608607,1920.9018590757,547.99917782484101,29.6889524249939,15.5050423635992,3.4627801349183001,2.5212206863062701,0.14695073077700099,0.252100199998395,1009.4372818327,444.972476587416,0,20,627.18101427033901,627.18101427033901,0,0,0,0.74260118487325799,5.2333550393948904,20.000000145046201,2856.9682380222798,29090.5157724444,2.8007085326209999,102.687859162203,2.0768147805938501e-06,1,1,0,104.839935807651,219.10252376265399,105.144860554736,9.1177274002547097,57
21.100000000000001,20.002530497557199,299.23229627287202,50.666988652308802,2567.0906267620899,140.22267614018099,1372.9026812515101,0,22.857763076769999,589.66410548800604,2957.9180534145298,483.723876726821,1081.2395198048,1158.8298232724001,77.590303467608607,1920.9018590757,547.99917782484101,31.0889524350962,16.277842620623201,3.5859801118667902,2.59292388968611,0.14807625459408399,0.25294019999841899,1058.38175672803,465.91694265588399,0,20,627.23229627287196,627.23229627287196,0,0,0,0.74265900896954296,5.2333446295167203,20.0000001449752,2857.4579450739602,29100.489318139102,2.8007085841399499,102.685749563727,2.0822608348680698e-06,1,1,0,104.839935807651,219.10252376265399,105.144860554736,9.1177274002547097,57
21.199999999999999,20.002530760356699,299.30554190775001,50.666245271102099,2647.3134787379299,149.13639634282899,1372.9026812515101,0,24.2430031468623,629.66411802057803,2971.3523364985199,485.96839363063702,1152.5516647468501,1230.1419682144599,77.590303467608607,1920.9018590757,547.99917782484101,33.088952449525401,17.381842987722202,3.7619800789159399,2.6953557737154701,0.14968410650887501,0.254140199998454,1128.3086616000001,495.84383492168303,0,20,627.30554190775001,627.30554190775001,0,0,0,0.742741601595585,5.2333297610342902,20.000000143625101,2858.1573893650102,29114.737410424899,2.8007086577331202,102.68273639485901,2.09011250262847e-06,1,1,0,104.839935807651,219.10252376265399,105.144860554736,9.1177274002547097,57
21.300000000000001,20.002531023063302,299.37877064174103,50.665502036522398,2727.5457459470799,158.05220895874601,1372.9026812515101,0,25.628241684279899,669.66413054892905,2984.7931956709399,488.21345981333502,1223.87113187043,1301.46143533803,77.590303467608607,1920.9018590757,547.99917782484101,35.088952463951799,18.485843354730701,3.9379800459415599,2.7977861713546899,0.151291912253083,0.255340199998488,1198.2428901861599,525.77805090592699,0,20,627.37877064174097,627.37877064174097,0,0,0,0.74282417733412998,5.2333148954694302,20.000000143483,2858.85667226447,29128.985701062,2.8007087313002699,102.679723864514,2.0980351109756199e-06,1,1,0,104.839935807651,219.10252376265399,105.144860554736,9.1177274002547097,57
21.399999999999999,20.0025312857783,299.45198247874202,50.664758948539699,2807.7874265323999,166.970113820694,1372.9026812515101,0,27.013478689321499,709.66414307292496,2998.2406310229599,490.45907514816901,1295.1979194857799,1372.78822295338,77.590303467608607,1920.9018590757,547.99917782484101,37.088952478375603,19.589843721645099,4.1139800129433102,2.9002150828968598,0.15289967183648101,0.25654019999852301,1268.18444079646,555.71958891866302,0,20,627.45198247874202,627.45198247874202,0,0,0,0.74290673600814805,5.2333000326209804,20.000000144904099,2859.5557938095599,29143.2341883958,2.8007088048697701,102.676711972546,2.1059759092168002e-06,1,1,0,104.839935807651,219.10252376265399,105.144860554736,9.1177274002547097,57
21.5,20.002531548353701,299.52517742265201,50.664016007120601,2888.03851863722,175.890110761389,1372.9026812515101,0,28.398714162290101,749.66415559256995,3011.6946426449799,492.70523950843102,1366.53202590365,1444.1223293712601,77.590303467608607,1920.9018590757,547.99917782484101,39.088952492796302,20.693844088465202,4.2899799799211902,3.0026425086351902,0.15450738526883601,0.25774019999855702,1338.1333117413601,585.66844727039904,0,20,627.52517742265195,627.52517742265195,0,0,0,0.74298927980877905,5.2332851728624501,20.000000143483,2860.2547540375199,29157.482870773099,2.8007088784001999,102.673700718791,2.11386031878646e-06,1,1,0,104.839935807651,219.10252376265399,105.144860554736,9.1177274002547097,57
21.600000000000001,20.002531811007199,299.598355477371,50.663273212214101,2968.2990204054299,184.81219961353099,1372.9026812515101,0,29.783948103492701,789.66416810798398,3025.1552306266299,494.95195276743499,1437.8734494354801,1515.4637529030799,77.590303467608607,1920.9018590757,547.99917782484101,41.088952507214302,21.7978444551945,4.4659799468755699,3.1050684488629399,0.15611505255991301,0.25894019999859202,1408.08950133199,615.62462427206003,0,20,627.598355477371,627.598355477371,0,0,0,0.74307180592164102,5.2332703160181397,20.000000144904099,2860.9535529855898,29171.731746542198,2.8007089519524802,102.670690103018,2.1219184418441698e-06,1,1,0,104.839935807651,219.10252376265399,105.144860554736,9.1177274002547097,57
21.699999999999999,20.0025320734952,299.67151664679602,50.662530563822301,3048.5689299811502,193.73638020972899,1372.9026812515101,0,31.169180513232799,829.66418061920206,3038.6223950567901,497.199214798529,1509.22218839281,1586.8124918604101,77.590303467608607,1920.9018590757,547.99917782484101,43.088952521629402,22.901844821833901,4.6419799138065603,3.2074929038732098,0.15772267371947499,0.26014019999862598,1478.05300787958,645.58811823493397,0,20,627.67151664679602,627.67151664679602,0,0,0,0.74315431716234603,5.2332554620441103,20.000000143483,2861.6521906909602,29185.980814052,2.8007090254584202,102.667680125209,2.1300702428561601e-06,1,1,0,104.839935807651,219.10252376265399,105.144860554736,9.1177274002547097,57
21.800000000000001,20.002532335876101,299.74466093482101,50.661788061923602,3128.8482455087501,202.66265238249201,1372.9026812515101,0,32.5544113918126,869.66419312619098,3052.0961360235801,499.44702547508501,1580.5782410876,1658.1685445552,77.590303467608607,1920.9018590757,547.99917782484101,45.088952536041603,24.005845188382501,4.8179798807140699,3.30991587395902,0.15933024875728499,0.26134019999866098,1548.02382969578,675.55892747067605,0,20,627.74466093482101,627.74466093482101,0,0,0,0.74323681149613097,5.2332406110794798,20.000000143340898,2862.3506671908499,29200.230071652499,2.8007090989343801,102.66467078525,2.1381720216595602e-06,1,1,0,104.839935807651,219.10252376265399,105.144860554736,9.1177274002547097,57
21.899999999999999,20.002532598309699,299.81778834534202,50.661045706499003,3209.13696513274,211.59101596423,1372.9026812515101,0,33.939640739530802,909.664205628834,3065.5764536143502,501.69538467050597,1651.9416058320601,1729.5319092996699,77.590303467608607,1920.9018590757,547.99917782484101,47.088952550450998,25.109845554837001,4.9939798475978296,3.4123373594132298,0.16093777768310299,0.26254019999869499,1618.0019650925301,705.53705029129503,0,20,627.81778834534202,627.81778834534202,0,0,0,0.74331928878320197,5.2332257630362999,20.000000144762001,2863.0489825224499,29214.479517695101,2.8007091724250999,102.661662083039,2.1463574739755102e-06,1,1,0,104.839935807651,219.10252376265399,105.144860554736,9.1177274002547097,57
22,20.002532860615499,299.89089888225499,50.660303497503897,3289.4350869979398,220.52147078726401,1372.9026812515101,0,35.324868556690099,949.66421812712395,3079.0633479157,503.94429225822898,1723.3122809388999,1800.90258440651,77.590303467608607,1920.9018590757,547.99917782484101,49.0889525648576,26.213845921197301,5.1699798144577596,3.5147573605287801,0.16254526050668799,0.26374019999873,1687.9874123822101,735.52248500923395,0,20,627.89089888225601,627.89089888225601,0,0,0,0.74340175120735197,5.2332109178996902,20.000000143340898,2863.74713672296,29228.729150532301,2.8007092458800198,102.658654018368,2.15474028664175e-06,1,1,0,104.839935807651,219.10252376265399,105.144860554736,9.1177274002547097,57
22.100000000000001,20.002533122987899,299.96399254945197,50.659561434901299,3369.7426092498799,229.454016683932,1372.9026812515101,0,36.710094843596998,989.66423062118599,3092.55681901345,506.19374811171502,1794.6902647214799,1872.28056818908,77.590303467608607,1920.9018590757,547.99917782484101,51.088952579261303,27.3178462874668,5.3459797812942602,3.6171758775987,0.16415269723779499,0.264940199998765,1757.9801698778799,765.51522993737001,0,20,627.963992549453,627.963992549453,0,0,0,0.743484195957404,5.23319607567693,20.000000144762001,2864.4451298295498,29242.9789685176,2.8007093193536101,102.65564659106199,2.1631058189086599e-06,1,1,0,104.839935807651,219.10252376265399,105.144860554736,9.1177274002547097,57
22.199999999999999,20.0025333850887,300.03706935082602,50.658819518701797,3450.0595300342402,238.38865348646399,1372.9026812515101,0,38.095319600554397,1029.6642431110299,3106.0568669926802,508.44375210445497,1866.07555549325,1943.6658589608601,77.590303467608607,1920.9018590757,547.99917782484101,53.0889525936621,28.421846653645702,5.5219797481073902,3.7195929109158099,0.16576008788617999,0.26614019999879901,1827.98023589269,795.51528338893104,0,20,628.03706935082596,628.03706935082596,0,0,0,0.74356662592360401,5.2331812365364296,20.0000001431988,2865.14296187939,29257.228970005599,2.80070939275112,102.652639801136,2.1715268303523801e-06,1,1,0,104.839935807651,219.10252376265399,105.144860554736,9.1177274002547097,57
22.300000000000001,20.0025336473024,300.11012929026799,50.658077748849301,3530.3858474969202,247.32538102698501,1372.9026812515101,0,39.480542827864497,1069.66425559664,3119.5634919377098,510.69430410997097,1937.4681515682,2015.0584550358001,77.590303467608607,1920.9018590757,547.99917782484101,55.088952608060303,29.525847019733501,5.6979797148971496,3.8220084607728899,0.167367432461591,0.26734019999883402,1897.98760874033,825.522643677529,0,20,628.11012929026799,628.11012929026799,0,0,0,0.74364903884758904,5.2331663999656897,20.0000001431988,2865.8406329096401,29271.479153352,2.8007094661802499,102.64963364833901,2.1798932721139901e-06,1,1,0,104.839935807651,219.10252376265399,105.144860554736,9.1177274002547097,57
22.399999999999999,20.002533909400199,300.18317237167003,50.657336125360501,3610.72155978408,256.26419913754597,1372.9026812515101,0,40.8657645258264,1109.66426807792,3133.0766939320902,512.94540400181302,2008.8680512604301,2086.4583547280399,77.590303467608607,1920.9018590757,547.99917782484101,57.088952622455501,30.629847385727501,5.8739796816631697,3.9244225274625699,0.16897473097378299,0.26854019999886802,1968.0022867345899,855.53730911712296,0,20,628.18317237167003,628.18317237167003,0,0,0,0.74373143481443404,5.2331515666017303,20.0000001446199,2866.53814295746,29285.729516913801,2.8007095395769301,102.64662813271001,2.1883115550735999e-06,1,1,0,104.839935807651,219.10252376265399,105.144860554736,9.1177274002547097,57
22.5,20.002534171370598,300.25619859891998,50.656594648176501,3691.0666650420899,265.20510765008902,1372.9026812515101,0,42.2509846947423,1149.6642805548399,3146.5964730586202,515.19705165355901,2080.2752528846199,2157.8655563522202,77.590303467608607,1920.9018590757,547.99917782484101,59.088952636848099,31.733847751627401,6.0499796484055102,4.0268351112775598,0.170581983432502,0.26974019999890297,2038.0242681898601,885.55927802209806,0,20,628.25619859892004,628.25619859892004,0,0,0,0.74381381592536999,5.2331367357931802,20.0000001431988,2867.2354920600001,29299.9800590491,2.8007096129379399,102.643623253987,2.19688899960602e-06,1,1,0,104.839935807651,219.10252376265399,105.144860554736,9.1177274002547097,57
22.600000000000001,20.002534433442101,300.32920797590799,50.655853317262,3771.4211614180299,274.14810639657497,1372.9026812515101,0,43.636203334918001,1189.66429302753,3160.1228293993299,517.44924693881796,2151.6897547560502,2229.28005822366,77.590303467608607,1920.9018590757,547.99917782484101,61.088952651237499,32.837848117436103,6.2259796151244702,4.12924621251058,0.17218918984749601,0.27094019999893698,2108.0535514211201,915.58854870727703,0,20,628.32920797590805,628.32920797590805,0,0,0,0.74389617938546604,5.2331219083821097,20.0000001446199,2867.9326802543801,29314.230778116798,2.8007096863272598,102.64061901199899,2.2053682187106498e-06,1,1,0,104.839935807651,219.10252376265399,105.144860554736,9.1177274002547097,57
22.699999999999999,20.002534695310601,300.402200506523,50.655112132616097,3851.7850470591502,283.09319520885799,1372.9026812515101,0,45.021420446656499,1229.66430549601,3173.6557630355101,519.70198973122899,2223.1115551901698,2300.7018586577701,77.590303467608607,1920.9018590757,547.99917782484101,63.088952665624198,33.941848483154303,6.4019795818201404,4.2316558314542601,0.17379635022850801,0.27214019999897199,2178.0901347434901,945.62511948784004,0,20,628.40220050652295,628.40220050652295,0,0,0,0.74397852729399205,5.2331070836582603,20.0000001446199,2868.6297075777502,29328.481672477399,2.8007097596597199,102.637615406717,2.2139583961688901e-06,1,1,0,104.839935807651,219.10252376265399,105.144860554736,9.1177274002547097,57
22.800000000000001,20.002534957194701,300.47517619464998,50.654371094181101,3932.1583201131002,292.04037391873402,1372.9026812515101,0,46.4066360302647,1269.66431796042,3187.19527404769,521.95527990445999,2294.5406525030699,2372.1309559706801,77.590303467608607,1920.9018590757,547.99917782484101,65.088952680007907,35.045848848785802,6.57797954849294,4.3340639684012903,0.17540346458528,0.27334019999900599,2248.1340164727899,975.66898867938903,0,20,628.475176194651,628.475176194651,0,0,0,0.74406085973397595,5.2330922620976299,20.000000143056699,2869.32657406721,29342.732740492,2.8007098329965601,102.63461243787999,2.2224839995033099e-06,1,1,0,104.839935807651,219.10252376265399,105.144860554736,9.1177274002547097,57
22.899999999999999,20.002535218884798,300.54813504417803,50.653630202046202,4012.5409787275098,300.98964235785797,1372.9026812515101,0,47.791850086032703,1309.6643304203801,3200.7413625156801,524.20911733220305,2365.9770450104202,2443.56734847802,77.590303467608607,1920.9018590757,547.99917782484101,67.088952694389206,36.1498492143199,6.7539795151417996,4.4364706236437597,0.177010532927555,0.274540199999041,2318.1851949243601,1005.72015459773,0,20,628.54813504417803,628.54813504417803,0,0,0,0.74414317444098399,5.23307744299718,20.000000144477799,2870.0232797598801,29356.983980523299,2.8007099062790801,102.631610105826,2.2311423890641899e-06,1,1,0,104.839935807651,219.10252376265399,105.144860554736,9.1177274002547097,57
23,20.002535480569801,300.62107705899001,50.652889456072003,4092.9330210496701,309.94100035764899,1372.9026812515101,0,49.177062614257103,1349.66434287571,3214.2940285184,526.46350188818701,2437.4207310286502,2515.01103449625,77.590303467608607,1920.9018590757,547.99917782484101,69.088952708767295,37.253849579752398,6.9299794817662299,4.5388757974738896,0.178617555265073,0.27574019999907501,2388.2436684143299,1035.77861555913,0,20,628.62107705898995,628.62107705898995,0,0,0,0.74422547432147101,5.2330626272207796,20.000000143056699,2870.7198246928701,29371.235390934798,2.8007099795601902,102.628608409962,2.2399972294806499e-06,1,1,0,104.839935807651,219.10252376265399,105.144860554736,9.1177274002547097,57
23.100000000000001,20.0025357423361,300.694002242973,50.652148856221103,4173.3344452287602,318.89444774981399,1372.9026812515101,0,50.562273615253702,1389.66435532683,3227.8532721341699,528.71843344616195,2508.8717088754101,2586.46201234302,77.590303467608607,1920.9018590757,547.99917782484101,71.088952723142697,38.3578499450945,7.1059794483674397,4.64127949018458,0.18022453160756999,0.27694019999911001,2458.3094352601001,1065.8443698804799,0,20,628.69400224297306,628.69400224297306,0,0,0,0.74430775655243098,5.2330478141973398,20.000000144477799,2871.4162089032702,29385.486970091501,2.8007100528640501,102.625607350111,2.2490175979328299e-06,1,1,0,104.839935807651,219.10252376265399,105.144860554736,9.1177274002547097,57
23.199999999999999,20.002536003914098,300.766910600014,50.6514084025169,4253.7452494136696,327.849984365848,1372.9026812515101,0,51.947483089323804,1429.66436777374,3241.4190934404901,530.97391187991298,2580.3299768680599,2657.9202803356602,77.590303467608607,1920.9018590757,547.99917782484101,73.0889527375152,39.461850310345902,7.2819794149454102,4.7436817020681303,0.18183146196477901,0.27814019999914402,2528.3824937786499,1095.9174158788801,0,20,628.76691060001394,628.76691060001394,0,0,0,0.74439002325159298,5.2330330041611601,20.000000144477799,2872.11243242822,29399.738716359901,2.8007101261151601,102.622606926342,2.25909298023907e-06,1,1,0,104.839935807651,219.10252376265399,105.144860554736,9.1177274002547097,57
23.300000000000001,20.002536265473001,300.83980213398399,50.650668094920498,4334.1654317534703,336.80761003715099,1372.9026812515101,0,53.332691036770903,1469.6643802164599,3254.9914925141002,533.22993706325303,2651.7955333244299,2729.3858367920402,77.590303467608607,1920.9018590757,547.99917782484101,75.088952751884804,40.565850675507697,7.4579793815002704,4.8460824334168704,0.183438346346433,0.27934019999917897,2598.4628422875799,1125.9977518718299,0,20,628.83980213398399,628.83980213398399,0,0,0,0.74447227456354903,5.2330181971561602,20.0000001427725,2872.80849530468,29413.990628104799,2.80071019936095,102.61960713847201,2.2679578250972601e-06,1,1,0,104.839935807651,219.10252376265399,105.144860554736,9.1177274002547097,57
23.399999999999999,20.002536527059899,300.91267684877198,50.649927933406197,4414.5949903976098,345.767324595047,1372.9026812515101,0,54.717897457896903,1509.66439265502,3268.5704694310002,535.48650887002702,2723.2683765627798,2800.8586800303901,77.590303467608607,1920.9018590757,547.99917782484101,77.088952766251595,41.669851040579999,7.6339793480320299,4.9484816845230304,0.185045184762263,0.28054019999921298,2668.5504791048002,1156.0853761772401,0,20,628.91267684877198,628.91267684877198,0,0,0,0.74455450809386103,5.2330033929480404,20.000000144193599,2873.5043975697699,29428.2427036954,2.8007102726145501,102.61660798637,2.27682357945014e-06,1,1,0,104.839935807651,219.10252376265399,105.144860554736,9.1177274002547097,57
23.5,20.002536788462301,300.985534748259,50.649187917965897,4495.0339234957601,354.72912787077399,1372.9026812515101,0,56.103102353003699,1549.6644050893899,3282.15602426645,537.74362717409997,2794.74850490159,2872.3388083691898,77.590303467608607,1920.9018590757,547.99917782484101,79.0889527806155,42.773851405562397,7.8099793145407199,5.0508794556788104,0.186651977221998,0.28174019999924799,2738.6454025485,1186.18028711337,0,20,628.98553474825906,628.98553474825906,0,0,0,0.74463672680641202,5.2329885918296899,20.0000001427725,2874.2001392605698,29442.4949415009,2.8007103458165101,102.61360946997701,2.2857666408526698e-06,1,1,0,104.839935807651,219.10252376265399,105.144860554736,9.1177274002547097,57
23.600000000000001,20.002537049924602,301.05837583632302,50.648448048556197,4575.4822291979299,363.69301969550401,1372.9026812515101,0,57.4883057223932,1589.66441751958,3295.7481570949199,540.00129184937305,2866.2359166599099,2943.8262201275202,77.590303467608607,1920.9018590757,547.99917782484101,81.088952794976706,43.877851770455301,7.9859792810263199,5.1532757471763597,0.18825872373536601,0.28294019999928199,2808.7476109374502,1216.2824829988899,0,20,629.05837583632399,629.05837583632399,0,0,0,0.74471892788067895,5.2329737933617899,20.000000144193599,2874.8957204141102,29456.747339891601,2.8007104190352501,102.610611589092,2.2946851458982598e-06,1,1,0,104.839935807651,219.10252376265399,105.144860554736,9.1177274002547097,57
23.699999999999999,20.002537311231698,301.131200116846,50.647708325168701,4655.9399056544398,372.65899990032602,1372.9026812515101,0,58.873507566367003,1629.66442994559,3309.3468679901698,542.25950276977801,2937.7306101570498,3015.3209136246501,77.590303467608607,1920.9018590757,547.99917782484101,83.088952809335098,44.981852135258599,8.1619792474888602,5.2556705593077604,0.189865424312091,0.284140199999317,2878.8571025905999,1246.3919621528501,0,20,629.131200116846,629.131200116846,0,0,0,0.74480111343845901,5.23295899795436,20.000000144193599,2875.5911410674498,29470.9998972389,2.8007104922105199,102.607614343655,2.3036191123537698e-06,1,1,0,104.839935807651,219.10252376265399,105.144860554736,9.1177274002547097,57
23.800000000000001,20.002537572462099,301.20400759370398,50.646968747775801,4736.4069510159097,381.627068316254,1372.9026812515101,0,60.258707885226201,1669.6644423673999,3322.95215702517,544.51825980927003,3009.23258371269,3086.8228871802999,77.590303467608607,1920.9018590757,547.99917782484101,85.088952823690505,46.085852499971402,8.33797921392833,5.3580638923650499,0.191472078961898,0.28534019999935101,2948.9738758274002,1276.50872289469,0,20,629.204007593705,629.204007593705,0,0,0,0.74488328348027499,5.2329442054902504,20.0000001427725,2876.2864012576101,29485.252611915199,2.8007105653643101,102.60461773352699,2.3126276573748298e-06,1,1,0,104.839935807651,219.10252376265399,105.144860554736,9.1177274002547097,57
23.899999999999999,20.002537833578,301.276798270776,50.646229316409197,4816.8833634329703,390.59722477417,1372.9026812515101,0,61.6439066792625,1709.6644547846799,3336.5640242721702,546.77756284183499,3080.74183564655,3158.3321391141599,77.590303467608607,1920.9018590757,547.99917782484101,87.088952838043397,47.1898528645848,8.5139791803436999,5.4604557466398296,0.19307868769450801,0.28654019999938601,3019.09792896721,1306.6327635441,0,20,629.276798270776,629.276798270776,0,0,0,0.74496543589160202,5.2329294157058799,20.000000144193599,2876.9815010216298,29499.5054822942,2.8007106384860299,102.601621758812,2.3217107809614399e-06,1,1,0,104.839935807651,219.10252376265399,105.144860554736,9.1177274002547097,57
24,20.0025380946519,301.34957215193702,50.6454900309528,4897.3691410563897,399.56946910483998,1372.9026812515101,0,63.029103948777298,1749.66446719744,3350.1824698026599,549.03741174149104,3152.2583642791401,3229.8486677467399,77.590303467608607,1920.9018590757,547.99917782484101,89.088952852393206,48.293853229098701,8.6899791467350305,5.5628461224241299,0.194685250519644,0.28774019999942002,3089.2292603302799,1336.7640824213099,0,20,629.34957215193697,629.34957215193697,0,0,0,0.74504757350052098,5.2329146290552,20.0000001427725,2877.6764403965099,29513.758506750601,2.8007107115959999,102.598626419013,2.3310931283049298e-06,1,1,0,104.839935807651,219.10252376265399,105.144860554736,9.1177274002547097,57
24.100000000000001,20.002538355813101,301.42232924106298,50.6447508913866,4977.8642820382302,408.54380113915602,1372.9026812515101,0,64.414299694078096,1789.6644796058499,3363.80749368737,551.29780638228601,3223.7821679316498,3301.3724713992601,77.590303467608607,1920.9018590757,547.99917782484101,91.0889528667402,49.397853593518597,8.8659791131030001,5.6652350200099697,0.19629176744702101,0.28894019999945503,3159.3678682374898,1366.9026778469799,0,20,629.42232924106304,629.42232924106304,0,0,0,0.74512969348943103,5.2328998452746296,20.000000144193599,2878.3712194192799,29528.011683660101,2.80071078473041,102.59563171402399,2.3404636522173001e-06,1,1,0,104.839935807651,219.10252376265399,105.144860554736,9.1177274002547097,57
24.199999999999999,20.002538616767499,301.495069542029,50.644011897709198,5058.3687845306104,417.52022070789502,1372.9026812515101,0,65.799493915470705,1829.66449201004,3377.4390959962998,553.55874663828797,3295.3132449254899,3372.9035483930902,77.590303467608607,1920.9018590757,547.99917782484101,93.088952881084396,50.501853957847402,9.0419790794479198,5.7676224396894202,0.19789823848635399,0.29014019999948898,3229.5137510099498,1397.0485481421599,0,20,629.495069542029,629.495069542029,0,0,0,0.74521179811371596,5.23288506440809,20.0000001439093,2879.06583812692,29542.265011399701,2.8007108578069402,102.59263764381301,2.34977142099524e-06,1,1,0,104.839935807651,219.10252376265399,105.144860554736,9.1177274002547097,57
24.300000000000001,20.002538877735901,301.56779305870799,50.643273049890503,5138.88264668582,426.49872764173301,1372.9026812515101,0,67.184686613257597,1869.6645044100601,3391.07727679868,555.82023238360603,3366.8515935824398,3444.4418970500501,77.590303467608607,1920.9018590757,547.99917782484101,95.088952895425606,51.6058543220866,9.21797904576988,5.8700083817542401,0.199504663647356,0.29134019999952399,3299.6669069691102,1427.20169162822,0,20,629.56779305870805,629.56779305870805,0,0,0,0.74529388709848599,5.2328702866459604,20.0000001424883,2879.7602965564301,29556.518488347399,2.8007109308873401,102.58964420823,2.3590946511831101e-06,1,1,0,104.839935807651,219.10252376265399,105.144860554736,9.1177274002547097,57
24.399999999999999,20.002539138765801,301.640499794974,50.642534347903201,5219.4058666564097,435.47932177125,1372.9026812515101,0,68.569877787740396,1909.6645168059099,3404.7220361630002,558.08226349236804,3438.39721222459,3515.9875156921998,77.590303467608607,1920.9018590757,547.99917782484101,97.088952909764203,52.709854686236397,9.39397901206884,5.9723928464962199,0.201111042939739,0.29254019999955799,3369.8273344367899,1457.36210662695,0,20,629.64049979497395,629.64049979497395,0,0,0,0.745375958326433,5.2328555115489204,20.000000144193599,2880.45459474479,29570.7721128825,2.8007110039850001,102.586651407142,2.3685624910285701e-06,1,1,0,104.839935807651,219.10252376265399,105.144860554736,9.1177274002547097,57
24.5,20.0025393995587,301.713189754697,50.641795791746297,5299.9384425952003,444.46200292694903,1372.9026812515101,0,69.9550674392204,1949.6645291975799,3418.37337415702,560.34483983873997,3509.9500991743498,3587.5404026419601,77.590303467608607,1920.9018590757,547.99917782484101,99.0889529240998,53.813855050296098,9.56997897834494,6.0747758342070197,0.20271737637321299,0.293740199999593,3439.9950317350199,1487.5297914604901,0,20,629.71318975469705,629.71318975469705,0,0,0,0.74545801490513597,5.2328407395416399,20.0000001427725,2881.1487327289801,29585.025883384998,2.8007110770163002,102.58365924051699,2.37790663959458e-06,1,1,0,104.839935807651,219.10252376265399,105.144860554736,9.1177274002547097,57
24.600000000000001,20.002539660442402,301.78586294175,50.641057381370302,5380.48037265532,453.44677093925998,1372.9026812515101,0,71.340255567999293,1989.6645415850701,3432.0312908477099,562.607961296908,3581.51025275457,3659.1005562221799,77.590303467608607,1920.9018590757,547.99917782484101,101.088952938433,54.9178554142661,9.7459789445980292,6.1771573451783004,0.204323663957485,0.29494019999962701,3510.16999718647,1517.7047444513801,0,20,629.78586294175,629.78586294175,0,0,0,0.74554005387587496,5.2328259703312501,20.000000144193599,2881.84271054596,29599.279798236399,2.800711150073,102.58066770812999,2.38732718571555e-06,1,1,0,104.839935807651,219.10252376265399,105.144860554736,9.1177274002547097,57
24.699999999999999,20.002539921120398,301.85851936000199,50.640319116772901,5461.03165499026,462.433625638531,1372.9026812515101,0,72.725442174377605,2029.66455396838,3445.6957863013299,564.87162774109504,3653.0776712884199,3730.6679747560302,77.590303467608607,1920.9018590757,547.99917782484101,103.08895295276299,56.021855778146097,9.9219789108282797,6.2795373797016696,0.205929905702261,0.29614019999966201,3580.3522291139302,1547.88696392254,0,20,629.85851936000199,629.85851936000199,0,0,0,0.745622077495942,5.23281120404953,20.0000001439093,2882.5365282326902,29613.5338558191,2.8007112230721001,102.57767680994399,2.3967058950802299e-06,1,1,0,104.839935807651,219.10252376265399,105.144860554736,9.1177274002547097,57
24.800000000000001,20.002540181764999,301.931159013323,50.639580997919701,5541.5922877537496,471.42256685504202,1372.9026812515101,0,74.110627258656194,2069.6645663474901,3459.3668605834,567.13583904554798,3724.65235309953,3802.2426565671399,77.590303467608607,1920.9018590757,547.99917782484101,105.08895296708999,57.1258561419355,10.0979788770355,6.3819159380686097,0.207536101617246,0.29734019999969602,3650.5417258407701,1578.0764481972899,0,20,629.93115901332305,629.93115901332305,0,0,0,0.74570408548961897,5.2327964408429297,20.0000001424883,2883.2301858261299,29627.788054516801,2.8007112960618801,102.574686545795,2.4061127987806698e-06,1,1,0,104.839935807651,219.10252376265399,105.144860554736,9.1177274002547097,57
24.899999999999999,20.002540442255501,302.00378190558098,50.638843024836,5622.16226909957,480.41359441893297,1372.9026812515101,0,75.495810821127193,2109.66457872209,3473.0445137586498,569.40059508454499,3796.2342965114699,3873.8245999790802,77.590303467608607,1920.9018590757,547.99917782484101,107.088952981414,58.2298565056266,10.273978843219,6.4842930205703198,0.20914225171214401,0.29854019999973103,3720.7384856902399,1608.2731955992001,0,20,630.00378190558104,630.00378190558104,0,0,0,0.74578607587772605,5.2327816801842904,20.0000001439093,2883.9236833631899,29642.042392713902,2.80071136900846,102.57169691575901,2.4155306164175302e-06,1,1,0,104.839935807651,219.10252376265399,105.144860554736,9.1177274002547097,57
25,20.002540702768101,302.076388040643,50.638105197442002,5702.7415971814498,489.40670816020099,1372.9026812515101,0,76.880992862085606,2149.6645910920101,3486.7287458911001,571.66589573239003,3867.8234998483899,3945.4138033160002,77.590303467608607,1920.9018590757,547.99917782484101,109.08895299573599,59.333856869213399,10.4499788093782,6.5866686274980699,0.21074835599665701,0.29974019999976498,3790.9425069862,1638.4772044522899,0,20,630.076388040643,630.076388040643,0,0,0,0.74586805149112601,5.2327669226739699,20.0000001424883,2884.6170208808298,29656.296868796398,2.8007114419612602,102.56870791948801,2.4252885850728498e-06,1,1,0,104.839935807651,219.10252376265399,105.144860554736,9.1177274002547097,57
25.100000000000001,20.0025409633549,302.14897742237702,50.637367515666199,5783.33027015483,498.401907909052,1372.9026812515101,0,78.266173381846897,2189.6646034577102,3500.4195570440302,573.93174086342106,3939.4199614357599,4017.0102649033602,77.590303467608607,1920.9018590757,547.99917782484101,111.08895301005499,60.437857232709,10.6259787755143,6.6890427591437902,0.21235441448048001,0.30094019999979998,3861.1537880537899,1668.6884730812201,0,20,630.14897742237702,630.14897742237702,0,0,0,0.74595000951340695,5.2327521680923299,20.0000001439093,2885.3101984159698,29670.5514811512,2.8007115149348301,102.565719556666,2.4351393221877498e-06,1,1,0,104.839935807651,219.10252376265399,105.144860554736,9.1177274002547097,57
25.199999999999999,20.002541223740199,302.22155005464901,50.636629979535002,5863.9282861748898,507.39919349552503,1372.9026812515101,0,79.651352380713107,2229.6646158192002,3514.1169472799502,576.198130352004,4011.0236795986798,4088.6139830662801,77.590303467608607,1920.9018590757,547.99917782484101,113.08895302437,61.541857596113999,10.8019787416276,6.79141541579882,0.21396042717331001,0.30214019999983399,3931.3723272178399,1698.90699981086,0,20,630.22155005464901,630.22155005464901,0,0,0,0.746031952059103,5.2327374164832996,20.0000001439093,2886.0032160055198,29684.806228166199,2.8007115878520001,102.56273182737399,2.4450609998893899e-06,1,1,0,104.839935807651,219.10252376265399,105.144860554736,9.1177274002547097,57
25.300000000000001,20.0025414840559,302.29410594132099,50.6358925890218,5944.5356433971001,516.39856474954695,1372.9026812515101,0,81.0365298589861,2269.6646281765202,3527.8209166606398,578.46506407253003,4082.6346526627699,4160.2249561303697,77.590303467608607,1920.9018590757,547.99917782484101,115.088953038683,62.645857959429598,10.977978707718,6.8937865977544801,0.21556639408483999,0.303340199999869,4001.5981228036499,1729.1327829664599,0,20,630.29410594132196,630.29410594132196,0,0,0,0.746113879270074,5.2327226677590204,20.000000142204001,2886.6960736863798,29699.061108230399,2.8007116607496498,102.55974473147801,2.4548871806473501e-06,1,1,0,104.839935807651,219.10252376265399,105.144860554736,9.1177274002547097,57
25.399999999999999,20.002541744495201,302.36664508626001,50.635155344089803,6025.1523399771104,525.40002150096495,1372.9026812515101,0,82.421705816967105,2309.6646405296801,3541.5314652471402,580.73254189942202,4154.2528789540302,4231.8431824216304,77.590303467608607,1920.9018590757,547.99917782484101,117.088953052994,63.749858322655498,11.1539786737857,6.9961563053020503,0.21717231522476299,0.30454019999990301,4071.8311731369099,1759.3658208736499,0,20,630.36664508625995,630.36664508625995,0,0,0,0.74619578875422199,5.2327079218316301,20.000000143625101,2887.3887714954599,29713.3161197341,2.8007117336818999,102.556758268804,2.4647033569635798e-06,1,1,0,104.839935807651,219.10252376265399,105.144860554736,9.1177274002547097,57
25.5,20.002542004723999,302.43916749332601,50.634418244737901,6105.7783740708501,534.40356357954397,1372.9026812515101,0,83.806880254956596,2349.66465287865,3555.24859309971,583.00056370713298,4225.8783567986702,4303.4686602662796,77.590303467608607,1920.9018590757,547.99917782484101,119.08895306730101,64.853858685792005,11.3299786398306,7.0985245387326898,0.21877819060277001,0.30574019999993801,4142.0714765435696,1789.60611185845,0,20,630.43916749332595,630.43916749332595,0,0,0,0.746277683474452,5.2326931789061399,20.000000142204001,2888.08130946963,29727.571261068199,2.8007118065552401,102.553772439322,2.4743640096858101e-06,1,1,0,104.839935807651,219.10252376265399,105.144860554736,9.1177274002547097,57
25.600000000000001,20.002542265006699,302.51167316638401,50.633681290924301,6186.4137438346097,543.40919081497896,1372.9026812515101,0,85.192053173255104,2389.6646652234599,3568.9723002779701,585.26912937014004,4297.5110845234803,4375.1013879910897,77.590303467608607,1920.9018590757,547.99917782484101,121.08895308160599,65.957859048838202,11.5059786058527,7.2008912983375497,0.220384020228549,0.30694019999997202,4212.31903135008,1819.85365424727,0,20,630.51167316638396,630.51167316638396,0,0,0,0.74635956047496399,5.2326784388653902,20.0000001439093,2888.7736876457898,29741.826530625702,2.8007118794436598,102.55078724283599,2.4842393031576602e-06,1,1,0,104.839935807651,219.10252376265399,105.144860554736,9.1177274002547097,57
25.699999999999999,20.002542524898701,302.58416210929403,50.632944482676301,6267.0584474249099,552.41690303687403,1372.9026812515101,0,86.577224572160901,2429.6646775639801,3582.7025868406799,587.53823876295405,4369.1510604552896,4446.7413639228898,77.590303467608607,1920.9018590757,547.99917782484101,123.088953095907,67.061859411791502,11.681978571851801,7.3032565844076398,0.22198980411178601,0.30814020000000703,4282.5738358829803,1850.1084463668701,0,20,630.58416210929397,630.58416210929397,0,0,0,0.74644142230320198,5.2326637022804903,20.000000143625101,2889.4659060608101,29756.081926799601,2.80071195222268,102.547802679431,2.49409822572488e-06,1,1,0,104.839935807651,219.10252376265399,105.144860554736,9.1177274002547097,57
25.800000000000001,20.002542785143099,302.656634325916,50.632207819856703,6347.7124829985296,561.42670007476102,1372.9026812515101,0,87.962394451978398,2469.6646899003399,3596.4394528459302,589.80789176011399,4440.79828292193,4518.3885863895302,77.590303467608607,1920.9018590757,547.99917782484101,125.08895311020601,68.165859774655402,11.857978537828201,7.4056203972341903,0.22359554226216799,0.30934020000004098,4352.83588846982,1880.3704865444599,0,20,630.656634325916,630.656634325916,0,0,0,0.74652326851083295,5.2326489676138701,20.000000142204001,2890.15796475155,29770.337447984701,2.8007120251003701,102.544818748526,2.5040271793841401e-06,1,1,0,104.839935807651,219.10252376265399,105.144860554736,9.1177274002547097,57
25.899999999999999,20.002543045054701,302.72908982011103,50.631471302589098,6428.3758487127898,570.43858175812602,1372.9026812515101,0,89.347562813000494,2509.66470223231,3610.18289835103,592.07808823618404,4512.4527502507699,4590.0430537183702,77.590303467608607,1920.9018590757,547.99917782484101,127.088953124502,69.269860137423905,12.033978503781199,7.5079827371078496,0.225201234689378,0.31054020000007598,4423.1051874376399,1910.6397731075299,0,20,630.72908982011097,630.72908982011097,0,0,0,0.74660509715139201,5.2326342360809397,20.000000143625101,2890.8498637548601,29784.593092576601,2.8007120978848601,102.541835450596,2.5140707293758198e-06,1,1,0,104.839935807651,219.10252376265399,105.144860554736,9.1177274002547097,57
26,20.002543305095902,302.80152859573599,50.630734930720003,6509.0485427244903,579.45254791621301,1372.9026812515101,0,90.732729655523599,2549.6647145597799,3623.9329234125698,594.34882806576695,4584.1144607699798,4661.7047642375901,77.590303467608607,1920.9018590757,547.99917782484101,129.088953138796,70.373860500093102,12.2099784697104,7.6103436043195396,0.22680688140310001,0.31174020000010999,4493.3817311143303,1940.9163043839501,0,20,630.80152859573604,630.80152859573604,0,0,0,0.74668691104853102,5.23261950784278,20.000000142204001,2891.5416031075902,29798.848858972098,2.8007121707056499,102.538852784993,2.5242188712582001e-06,1,1,0,104.839935807651,219.10252376265399,105.144860554736,9.1177274002547097,57
26.100000000000001,20.002543565041801,302.87395065664901,50.629998704254199,6589.7305631924901,588.46859837857903,1372.9026812515101,0,92.1178949798649,2589.6647268832098,3637.6895280864001,596.62011112348398,4655.7834128088898,4733.3737162765001,77.590303467608607,1920.9018590757,547.99917782484101,131.08895315308601,71.477860862675797,12.3859784356176,7.7127029991606699,0.22841248241300799,0.312940200000145,4563.6655178288802,1971.2000787022801,0,20,630.87395065664896,630.87395065664896,0,0,0,0.74676870751790303,5.2326047823136399,20.000000143340898,2892.2331828465899,29813.104745568999,2.8007122434997802,102.535870751711,2.5343751985929e-06,1,1,0,104.839935807651,219.10252376265399,105.144860554736,9.1177274002547097,57
26.199999999999999,20.002543824854101,302.94635600670699,50.629262623196801,6670.4219082747804,597.486732974446,1372.9026812515101,0,93.503058786319698,2629.6647392024902,3651.4527124276401,598.89193728399005,4727.4596046962697,4805.04990816387,77.590303467608607,1920.9018590757,547.99917782484101,133.088953167374,72.581861225168694,12.561978401502,7.8150609219219103,0.23001803772877899,0.314140200000179,4633.9565459098103,2001.49109439117,0,20,630.94635600670699,630.94635600670699,0,0,0,0.74685048839825696,5.2325900598010398,20.000000143340898,2892.9246030086701,29827.3607507663,2.8007123162564498,102.53288935074499,2.54450696957065e-06,1,1,0,104.839935807651,219.10252376265399,105.144860554736,9.1177274002547097,57
26.300000000000001,20.002544084576702,303.01874464976601,50.628526687516597,6751.1225761297401,606.50695153298102,1372.9026812515101,0,94.888221075188,2669.66475151756,3665.22247649065,601.16430642196303,4799.1430347614996,4876.7333382290999,77.590303467608607,1920.9018590757,547.99917782484101,135.08895318165801,73.685861587571694,12.7379783673638,7.9174173728940698,0.231623547360091,0.31534020000021401,4704.2548136861697,2031.7893497797199,0,20,631.01874464976595,631.01874464976595,0,0,0,0.74693225369073102,5.23257534021712,20.000000142204001,2893.61586363066,29841.616872964001,2.8007123889880301,102.529908581943,2.55461327469675e-06,1,1,0,104.839935807651,219.10252376265399,105.144860554736,9.1177274002547097,57
26.399999999999999,20.0025443442218,303.09111658967998,50.627790897193897,6831.8325649161197,615.52925388328697,1372.9026812515101,0,96.273381846768501,2709.6647638283998,3678.99882032905,603.437218412123,4870.8337013343198,4948.4240048019301,77.590303467608607,1920.9018590757,547.99917782484101,137.08895319594001,74.789861949883402,12.9139783332026,8.0197723523678199,0.233229011316615,0.31654020000024802,4774.5603194874102,2062.0948431974098,0,20,631.09111658968004,631.09111658968004,0,0,0,0.74701400170432497,5.2325606233568802,20.000000143340898,2894.3069647493699,29855.8731105632,2.8007124616979202,102.526928445199,2.5647213988122501e-06,1,1,0,104.839935807651,219.10252376265399,105.144860554736,9.1177274002547097,57
26.5,20.002544603851302,303.16347183030501,50.627055252262601,6912.5518727921299,624.55363985420104,1372.9026812515101,0,97.658541101340802,2749.6647761343502,3692.7817439957398,605.71067312921002,4942.5316027439803,5020.1219062115897,77.590303467608607,1920.9018590757,547.99917782484101,139.08895321022001,75.893862312085602,13.089978299016799,8.1221258606331599,0.234834429608028,0.31774020000028302,4844.87306164249,2092.4075729738502,0,20,631.16347183030496,631.16347183030496,0,0,0,0.747095734696122,5.2325459093374498,20.000000142204001,2894.9979064016102,29870.129461966299,2.8007125344034201,102.523948940626,2.5751496650627802e-06,1,1,0,104.839935807651,219.10252376265399,105.144860554736,9.1177274002547097,57
26.600000000000001,20.0025448635358,303.23581037549297,50.626319752548099,6993.2804979176599,633.58010927480404,1372.9026812515101,0,99.043698839226593,2789.66478843607,3706.57124754289,607.98467044799304,5014.2367373220604,5091.8270407896698,77.590303467608607,1920.9018590757,547.99917782484101,141.08895322449601,76.997862674196597,13.265978264808201,8.2244778979816893,0.23643980224399799,0.31894020000031698,4915.1930384826801,2122.7275374395899,0,20,631.23581037549297,631.23581037549297,0,0,0,0.74717745042276595,5.23253119839314,20.000000143340898,2895.68868862418,29884.3859255766,2.8007126071243298,102.52097006749,2.58561522059608e-06,1,1,0,104.839935807651,219.10252376265399,105.144860554736,9.1177274002547097,57
26.699999999999999,20.002545122997901,303.308132229097,50.625584398111997,7074.0184384528002,642.60866197406494,1372.9026812515101,0,100.428855060727,2829.6648007335898,3720.3673310219001,610.25921024326703,5085.94910339942,5163.5394068670303,77.590303467608607,1920.9018590757,547.99917782484101,143.08895323876999,78.101863036215406,13.441978230577,8.3268284647037394,0.238045129234189,0.32014020000035198,4985.5202483385301,2153.0547349252602,0,20,631.30813222909705,631.30813222909705,0,0,0,0.74725915057024295,5.2325164902603598,20.000000143340898,2896.3793114538598,29898.642499798701,2.8007126797829698,102.517991826014,2.5963099687942299e-06,1,1,0,104.839935807651,219.10252376265399,105.144860554736,9.1177274002547097,57
26.800000000000001,20.002545382526101,303.380437394968,50.624849188913402,7154.7656925576302,651.639297780829,1372.9026812515101,0,101.81400976614199,2869.66481302692,3734.16999448346,612.534292389862,5157.66869930751,5235.2590027751203,77.590303467608607,1920.9018590757,547.99917782484101,145.08895325303999,79.205863398144103,13.617978196323101,8.4291775610900093,0.239650410588266,0.32134020000038599,5055.8546895412101,2183.3891637619199,0,20,631.380437394968,631.380437394968,0,0,0,0.74734083514908201,5.2325017853198403,20.000000142204001,2897.06977492743,29912.899183037702,2.8007127524601101,102.51501421600901,2.6069064915645901e-06,1,1,0,104.839935807651,219.10252376265399,105.144860554736,9.1177274002547097,57
26.899999999999999,20.002545642044499,303.452725876957,50.624114124934401,7235.5222583925197,660.67201652384006,1372.9026812515101,0,103.19916295577301,2909.6648253160802,3747.9792379775299,614.80991676263397,5229.3955233780398,5306.9858268456401,77.590303467608607,1920.9018590757,547.99917782484101,147.088953267308,80.309863759982704,13.793978162046599,8.5315251874309901,0.24125564631589599,0.322540200000421,5126.19636042211,2213.7308222809802,0,20,631.45272587695695,631.45272587695695,0,0,0,0.74742250246061404,5.2324870829858403,20.000000143340898,2897.76007908166,29927.155973700599,2.8007128251345099,102.512037237375,2.6175239327130801e-06,1,1,0,104.839935807651,219.10252376265399,105.144860554736,9.1177274002547097,57
27,20.0025459013495,303.524997678913,50.623379206165502,7316.2881341181101,669.70681803177899,1372.9026812515101,0,104.58431462992,2949.6648376010698,3761.79506155331,617.08608323646695,5301.1295739430398,5378.71987741064,77.590303467608607,1920.9018590757,547.99917782484101,149.088953281573,81.413864121731507,13.9699781277477,8.63387134401715,0.242860836426738,0.323740200000455,5196.5452593129803,2244.0797088142399,0,20,631.524997678913,631.524997678913,0,0,0,0.74750415476849397,5.2324723836683802,20.000000142204001,2898.4502239532999,29941.412870194799,2.8007128977491602,102.509060890049,2.6281741156708398e-06,1,1,0,104.839935807651,219.10252376265399,105.144860554736,9.1177274002547097,57
27.100000000000001,20.002546160725299,303.59725280468598,50.6226444325629,7397.0633178953904,678.74370213324198,1372.9026812515101,0,105.969464788881,2989.6648498818499,3775.6174652592799,619.36279168627902,5372.8708493350896,5450.4611528026899,77.590303467608607,1920.9018590757,547.99917782484101,151.08895329583601,82.517864483389999,14.145978093426001,8.7362160311389001,0.24446598093045399,0.32494020000049001,5266.9013845460704,2274.4358216939099,0,20,631.59725280468604,631.59725280468604,0,0,0,0.74758578982037904,5.2324576872503199,20.000000143340898,2899.14020957914,29955.6698709296,2.8007129703836302,102.506085173828,2.6390680432086802e-06,1,1,0,104.839935807651,219.10252376265399,105.144860554736,9.1177274002547097,57
27.199999999999999,20.0025464199793,303.669491258123,50.621909804113798,7477.8478078856097,687.78266865675698,1372.9026812515101,0,107.354613432959,3029.66486215845,3789.44644914319,621.64004198700798,5444.61934788698,5522.2096513545803,77.590303467608607,1920.9018590757,547.99917782484101,153.08895331009501,83.621864844957599,14.3219780590818,8.8385592490865807,0.24607107983669901,0.32614020000052402,5337.26473445389,2304.79915925254,0,20,631.669491258123,631.669491258123,0,0,0,0.74766740930807196,5.2324429937023602,20.000000143340898,2899.8300359958798,29969.926974314301,2.8007130429839799,102.50311008863299,2.64973277808167e-06,1,1,0,104.839935807651,219.10252376265399,105.144860554736,9.1177274002547097,57
27.300000000000001,20.002546679101101,303.74171304306998,50.621175320798201,7558.6416022503699,696.82371743078602,1372.9026812515101,0,108.739760562451,3069.66487443083,3803.2820132520401,623.91783401363205,5516.3750679319601,5593.9653713995604,77.590303467608607,1920.9018590757,547.99917782484101,155.088953324351,84.725865206433994,14.497978024715,8.9409009981504894,0.24767613315513301,0.32734020000055902,5407.6353073693799,2335.16971982308,0,20,631.74171304307004,631.74171304307004,0,0,0,0.74774901351997503,5.2324283032295202,20.000000141635599,2900.5197032402698,29984.184178759999,2.8007131155473401,102.500135634359,2.6603556761983799e-06,1,1,0,104.839935807651,219.10252376265399,105.144860554736,9.1177274002547097,57
27.399999999999999,20.002546938114499,303.81391816337401,50.620440982651502,7639.4446991511004,705.86684828362002,1372.9026812515101,0,110.124906177645,3109.6648866986002,3817.1241576321099,626.19616764114596,5588.1380078031198,5665.72831127072,77.590303467608607,1920.9018590757,547.99917782484101,157.08895333860499,85.829865567808,14.6739779903243,9.0432412786204601,0.24928114089540901,0.32854020000059297,5478.0131016253499,2365.5475017387398,0,20,631.81391816337396,631.81391816337396,0,0,0,0.74783059991217005,5.2324136152753402,20.000000143340898,2901.2092113490498,29998.4414826789,2.8007131880803202,102.497161811124,2.6711968530435098e-06,1,1,0,104.839935807651,219.10252376265399,105.144860554736,9.1177274002547097,57
27.5,20.0025471971319,303.88610662287999,50.619706789523399,7720.2570967498496,714.91206104352398,1372.9026812515101,0,111.510050278848,3149.6648989619898,3830.9728823289602,628.47504274458197,5659.9081658348196,5737.4984693024198,77.590303467608607,1920.9018590757,547.99917782484101,159.08895335285601,86.933865929085201,14.8499779559106,9.1455800907870106,0.25088610306718201,0.32974020000062798,5548.3981155558404,2395.9325033332998,0,20,631.88610662287999,631.88610662287999,0,0,0,0.74791217188056103,5.2323989304255596,20.000000141635599,2901.8985603589299,30012.6988844841,2.8007132606144398,102.49418861829299,2.6821471692528601e-06,1,1,0,104.839935807651,219.10252376265399,105.144860554736,9.1177274002547097,57
27.600000000000001,20.002547456275799,303.95827842543503,50.6189727414354,7801.07879320952,723.95935553882305,1372.9026812515101,0,112.895192866361,3189.6649112210198,3844.8281873873698,630.75445919899698,5731.68554036156,5809.2758438291603,77.590303467608607,1920.9018590757,547.99917782484101,161.08895336710501,88.037866290268795,15.025977921473901,9.2479174349403106,0.25249101968010002,0.33094020000066199,5618.7903474950499,2426.3247229409199,0,20,631.95827842543497,631.95827842543497,0,0,0,0.74799372604451597,5.2323842485337497,20.000000143340898,2902.5877503066299,30026.956382590099,2.8007133331839702,102.491216055927,2.69331940216944e-06,1,1,0,104.839935807651,219.10252376265399,105.144860554736,9.1177274002547097,57
27.699999999999999,20.002547715140601,304.030433574879,50.618238838374403,7881.9097866931097,733.00873159772698,1372.9026812515101,0,114.28033394048801,3229.6649234758602,3858.6900728514502,633.03441687948202,5803.4701297182201,5881.0604331858203,77.590303467608607,1920.9018590757,547.99917782484101,163.08895338135,89.141866651361397,15.201977887014801,9.3502533113706097,0.254095890743811,0.33214020000069699,5689.1897957776,2456.7241588961501,0,20,632.030433574879,632.030433574879,0,0,0,0.74807526522258605,5.2323695695706203,20.0000001427725,2903.2767812288398,30041.2139754118,2.8007134056753298,102.488244123949,2.7044261514674902e-06,1,1,0,104.839935807651,219.10252376265399,105.144860554736,9.1177274002547097,57
27.800000000000001,20.002547974062701,304.10257207505498,50.617505080304703,7962.7500753638997,742.06018904835901,1372.9026812515101,0,115.66547350153,3269.6649357265001,3872.5585387645401,635.31491566114903,5875.2619322401297,5952.85223570773,77.590303467608607,1920.9018590757,547.99917782484101,165.088953395592,90.245867012363604,15.377977852533,9.45258772036801,0.25570071626796098,0.333340200000731,5759.5964587384697,2487.13080953385,0,20,632.10257207505504,632.10257207505504,0,0,0,0.74815678857157197,5.2323548934775896,20.000000141635599,2903.96565316226,30055.471661365798,2.8007134781827498,102.485272822187,2.71549106400926e-06,1,1,0,104.839935807651,219.10252376265399,105.144860554736,9.1177274002547097,57
27.899999999999999,20.0025482329585,304.17469392980797,50.616771467208302,8043.5996573853499,751.11372771875006,1372.9026812515101,0,117.050611549786,3309.6649479729799,3886.4335851692499,637.59595541914598,5947.0609462628299,6024.6512497304402,77.590303467608607,1920.9018590757,547.99917782484101,167.08895340983199,91.349867373275401,15.553977818028899,9.5549206622224894,0.25730549626219301,0.33454020000076601,5830.0103347129298,2517.5446731893098,0,20,632.17469392980797,632.17469392980797,0,0,0,0.74823829468636904,5.2323402202839597,20.0000001427725,2904.6543661435999,30069.729438869999,2.8007135506828198,102.482302150544,2.72690704150591e-06,1,1,0,104.839935807651,219.10252376265399,105.144860554736,9.1177274002547097,57
28,20.002548491726198,304.246799142974,50.616037999070798,8124.4585309212598,760.16934743685204,1372.9026812515101,0,118.43574808555699,3349.6649602152602,3900.31521210749,639.87753602864495,6018.8671701222402,6096.4574735898505,77.590303467608607,1920.9018590757,547.99917782484101,169.08895342406899,92.453867734096605,15.729977783502401,9.6572521372240701,0.25891023073615299,0.33574020000080002,5900.4314220365504,2547.9657481981699,0,20,632.24679914297406,632.24679914297406,0,0,0,0.74831978582234104,5.2323255499604304,20.000000141635599,2905.3429202094799,30083.987306342198,2.8007136231470202,102.479332108935,2.7379337552702101e-06,1,1,0,104.839935807651,219.10252376265399,105.144860554736,9.1177274002547097,57
28.100000000000001,20.0025487504798,304.31888771839499,50.615304675857097,8205.3266941356906,769.22704803054705,1372.9026812515101,0,119.82088310914099,3389.66497245338,3914.2034196203899,642.15965736484895,6090.68060215471,6168.2709056223102,77.590303467608607,1920.9018590757,547.99917782484101,171.08895343830301,93.557868094827498,15.905977748953401,9.7595821456626499,0.26051491969947899,0.33694020000083502,5970.8597190454302,2578.39403289647,0,20,632.31888771839499,632.31888771839499,0,0,0,0.74840125972900695,5.2323108825070097,20.0000001427725,2906.0313153965999,30098.245262202399,2.8007136956072398,102.47636269719401,2.7488767955219399e-06,1,1,0,104.839935807651,219.10252376265399,105.144860554736,9.1177274002547097,57
28.199999999999999,20.002549009086099,304.39095965990998,50.614571497551999,8286.2041451930509,778.286829327649,1372.9026812515101,0,121.206016620838,3429.6649846873302,3928.09820774841,644.44231930298702,6162.5012406969399,6240.0915441645502,77.590303467608607,1920.9018590757,547.99917782484101,173.08895345253501,94.661868455468905,16.081977714382202,9.8619106878280807,0.26211956316181101,0.33814020000086897,6041.2952240759696,2608.8295256206402,0,20,632.39095965990998,632.39095965990998,0,0,0,0.74848271809960598,5.2322962179529799,20.0000001427725,2906.7195517416299,30112.503304871399,2.8007137680262302,102.47339391523199,2.7598944143392099e-06,1,1,0,104.839935807651,219.10252376265399,105.144860554736,9.1177274002547097,57
28.300000000000001,20.002549267699099,304.46301497135897,50.613838464123397,8367.0908822580805,787.34869115589299,1372.9026812515101,0,122.591148620948,3469.6649969170799,3941.9995765312301,646.72552171832399,6234.32908408606,6311.9193875536603,77.590303467608607,1920.9018590757,547.99917782484101,175.088953466763,95.765868816020102,16.257977679788301,9.9642377640101998,0.26372416113278502,0.33934020000090398,6111.7379354649702,2639.2722247074598,0,20,632.46301497135903,632.46301497135903,0,0,0,0.74856416093991196,5.2322815564447698,20.000000141635599,2907.4076292812101,30126.7614327712,2.8007138404471101,102.470425762895,2.7710339054465298e-06,1,1,0,104.839935807651,219.10252376265399,105.144860554736,9.1177274002547097,57
28.399999999999999,20.002549526338999,304.53505365657702,50.613105575556602,8447.9869034956591,796.41263334292398,1372.9026812515101,0,123.97627910976701,3509.6650091425799,3955.9075260078298,649.009264486147,6306.1641306594202,6383.7544341270304,77.590303467608607,1920.9018590757,547.99917782484101,177.08895348098901,96.869869176477394,16.433977645171801,10.066563374498701,0.26532871362203803,0.34054020000093799,6182.18785154952,2669.7221284940802,0,20,632.53505365657702,632.53505365657702,0,0,0,0.74864558655430402,5.2322668975723801,20.0000001427725,2908.0955480519901,30141.019644324599,2.8007139128755201,102.467458240097,2.7822825359180599e-06,1,1,0,104.839935807651,219.10252376265399,105.144860554736,9.1177274002547097,57
28.5,20.002549784581699,304.607075719401,50.6123728319035,8528.8922070704502,805.47865571617695,1372.9026812515101,0,125.361408087578,3549.6650213632502,3969.8220562164602,651.29354748177002,6378.0063787540203,6455.5966822216296,77.590303467608607,1920.9018590757,547.99917782484101,179.088953495212,97.973869536827806,16.6099776105312,10.168887519582601,0.26693322063920499,0.34174020000097299,6252.6449706663198,2700.1792353178798,0,20,632.607075719401,632.607075719401,0,0,0,0.74872699720603797,5.2322522417458597,20.000000141635599,2908.7833080905998,30155.277937955601,2.8007139851926999,102.46449134702399,2.7937530830968201e-06,1,1,0,104.839935807651,219.10252376265399,105.144860554736,9.1177274002547097,57
28.600000000000001,20.0025500430691,304.67908116366698,50.611640232970899,8609.8067911483995,814.54675810324898,1372.9026812515101,0,126.746535554696,3589.6650335796498,3983.7431671946401,653.57837058054201,6449.8558267090502,6527.4461301766596,77.590303467608607,1920.9018590757,547.99917782484101,181.088953509432,99.077869897084099,16.785977575868099,10.271210199552399,0.26853768219391799,0.342940200001007,6323.10929115423,2730.6435435170001,0,20,632.67908116366698,632.67908116366698,0,0,0,0.748808390642697,5.2322375887602401,20.0000001427725,2909.4709094336599,30169.536312089302,2.80071405757838,102.461525082867,2.80520362139214e-06,1,1,0,104.839935807651,219.10252376265399,105.144860554736,9.1177274002547097,57
28.699999999999999,20.002550301432699,304.75106999320798,50.610907778812297,8690.7306538959201,823.61694033168499,1372.9026812515101,0,128.131661511424,3629.6650457918699,3997.6708589791501,655.86373365784004,6521.7124728631497,6599.30277633076,77.590303467608607,1920.9018590757,547.99917782484101,183.088953523649,100.18187025725,16.961977541182499,10.373531414697601,0.27014209829580199,0.34414020000104201,6393.5808113515996,2761.1150514298201,0,20,632.75106999320803,632.75106999320803,0,0,0,0.74888976855838296,5.2322229387326704,20.0000001427725,2910.1583521177899,30183.794765151699,2.80071412992943,102.458559447818,2.8165704861749002e-06,1,1,0,104.839935807651,219.10252376265399,105.144860554736,9.1177274002547097,57
28.800000000000001,20.0025505597117,304.82304221186001,50.610175469409803,8771.6637934793307,832.68920222888198,1372.9026812515101,0,129.51678595806001,3669.66505799989,4011.6051316060698,658.14963658906004,6593.5763155553796,6671.1666190229898,77.590303467608607,1920.9018590757,547.99917782484101,185.08895353786301,101.285870617326,17.137977506474499,10.475851165307899,0.27174646895448501,0.34534020000107601,6464.0595295971898,2791.59375739507,0,20,632.82304221185996,632.82304221185996,0,0,0,0.74897113095461498,5.2322082916045902,20.000000141635599,2910.8456361796202,30198.053295570298,2.8007142022567599,102.455594441778,2.8280592232476899e-06,1,1,0,104.839935807651,219.10252376265399,105.144860554736,9.1177274002547097,57
28.899999999999999,20.002550818018701,304.89499782345399,50.609443304730497,8852.60620806519,841.76354362215204,1372.9026812515101,0,130.90190889490501,3709.66507020377,4025.5459851107198,660.43607924964601,6665.4473531251997,6743.0376565928,77.590303467608607,1920.9018590757,547.99917782484101,187.088953552075,102.38987097731101,17.313977471744199,10.5781694516727,0.27335079417959302,0.34654020000111102,6534.5454442301398,2822.0796597518301,0,20,632.89499782345399,632.89499782345399,0,0,0,0.74905247614285397,5.23219364731741,20.0000001427725,2911.5327616557202,30212.311901773301,2.80071427459194,102.452630064589,2.8395697881933302e-06,1,1,0,104.839935807651,219.10252376265399,105.144860554736,9.1177274002547097,57
29,20.002551076170199,304.96693683182298,50.608711284765199,8933.5578958204696,850.83996433873801,1372.9026812515101,0,132.287030322258,3749.66508240344,4039.4934195277401,662.72306151505495,6737.3255839122903,6814.9158873798897,77.590303467608607,1920.9018590757,547.99917782484101,189.088953566284,103.493871337207,17.489977436991701,10.680486274081501,0.27495507398074898,0.34774020000114497,6605.0385535898804,2852.5727568395901,0,20,632.96693683182298,632.96693683182298,0,0,0,0.74913380666622198,5.2321790061347304,20.000000141067201,2912.2197285827001,30226.570582190099,2.8007143468835798,102.449666316189,2.85101668850984e-06,1,1,0,104.839935807651,219.10252376265399,105.144860554736,9.1177274002547097,57
29.100000000000001,20.002551334376498,305.03885924080402,50.607979409473799,9014.5188549123304,859.918464205801,1372.9026812515101,0,133.67215024041701,3789.66509459895,4053.4474348909998,665.01058326077703,6809.21100625691,6886.8013097245102,77.590303467608607,1920.9018590757,547.99917782484101,191.08895358049,104.597871697011,17.665977402216999,10.7828016328238,0.27655930836757497,0.34894020000117998,6675.5388560163401,2883.07304699823,0,20,633.03885924080396,633.03885924080396,0,0,0,0.74921511942074004,5.2321643676465097,20.0000001427725,2912.90653699721,30240.829335252602,2.80071441919057,102.446703196389,2.8638587536988801e-06,1,1,0,104.839935807651,219.10252376265399,105.144860554736,9.1177274002547097,57
29.199999999999999,20.002551592409699,305.11076505421499,50.607247678850499,9095.4890835083006,868.99904305043401,1372.9026812515101,0,135.05726864968099,3829.6651067902499,4067.40803123368,667.29864436233004,6881.10361849948,6958.6939219670903,77.590303467608607,1920.9018590757,547.99917782484101,193.08895359469301,105.701872056724,17.84197736742,10.885115528189001,0.27816349734969098,0.35014020000121399,6746.0463498496601,2913.5805285679999,0,20,633.11076505421499,633.11076505421499,0,0,0,0.74929641694661797,5.2321497319699199,20.0000001427725,2913.59318693569,30255.088159389699,2.80071449144907,102.443740705141,2.8754257073160299e-06,1,1,0,104.839935807651,219.10252376265399,105.144860554736,9.1177274002547097,57
29.300000000000001,20.002551850428301,305.18265427589103,50.606516092863899,9176.4685797760394,878.08170069961398,1372.9026812515101,0,136.44238555034499,3869.6651189772401,4081.3752085882102,669.58724469526203,6953.0034189808603,7030.5937224484596,77.590303467608607,1920.9018590757,547.99917782484101,195.08895360889301,106.805872416342,18.017977332600399,10.9874279604661,0.27976764093671402,0.35134020000124899,6816.5610334303801,2944.0951998894702,0,20,633.18265427589097,633.18265427589097,0,0,0,0.74937769925368702,5.2321350994563796,20.000000141067201,2914.2796784347802,30269.347053035301,2.8007145637035098,102.440778842292,2.8869835659861599e-06,1,1,0,104.839935807651,219.10252376265399,105.144860554736,9.1177274002547097,57
29.399999999999999,20.002552108256602,305.25452690966,50.605784651528097,9257.4573418837208,887.16643698031999,1372.9026812515101,0,137.82750094270699,3909.6651311598798,4095.3489669863202,671.87638413515003,7024.9104060422396,7102.5007095098499,77.590303467608607,1920.9018590757,547.99917782484101,197.08895362309099,107.90987277586601,18.193977297757801,11.089738929944501,0.28137173913826202,0.352540200001283,6887.0829050994098,2974.61705930365,0,20,633.25452690965994,633.25452690965994,0,0,0,0.74945896379469401,5.2321204694030197,20.0000001427725,2914.9660115310198,30283.606014623099,2.80071463590463,102.437817607873,2.8986596589675199e-06,1,1,0,104.839935807651,219.10252376265399,105.144860554736,9.1177274002547097,57
29.5,20.002552366078699,305.32638295935101,50.605053354768501,9338.4553679989695,896.25325171926102,1372.9026812515101,0,139.212614827056,3949.6651433378502,4109.3293064589298,674.16606255759905,7096.8245780249499,7174.4148814925602,77.590303467608607,1920.9018590757,547.99917782484101,199.08895363728601,109.013873135286,18.369977262891702,11.192048436913099,0.28297579196395101,0.35374020000131801,6957.6119631977799,3005.1461051518399,0,20,633.32638295935101,633.32638295935101,0,0,0,0.74954021396716697,5.2321058424833504,20.000000141067201,2915.6521862609902,30297.865042588201,2.8007147081040502,102.434857001559,2.9106395231792699e-06,1,1,0,104.839935807651,219.10252376265399,105.144860554736,9.1177274002547097,57
29.600000000000001,20.002552623982201,305.39822242879001,50.604322202525601,9419.46265629136,905.34214474337898,1372.9026812515101,0,140.59772720370401,3989.66515551162,4123.3162270364401,676.45627983824204,7168.7459332716899,7246.3362367392901,77.590303467608607,1920.9018590757,547.99917782484101,201.08895365147799,110.117873494615,18.545977228003402,11.294356481661501,0.28457979942339201,0.35494020000135301,7028.14820606787,3035.6823357759599,0,20,633.39822242878995,633.39822242878995,0,0,0,0.74962144639007799,5.2320912185216502,20.0000001427725,2916.3382026612098,30312.124135366099,2.80071478032623,102.43189702308101,2.9225884645711601e-06,1,1,0,104.839935807651,219.10252376265399,105.144860554736,9.1177274002547097,57
29.699999999999999,20.002552881733202,305.47004532180301,50.603591194816701,9500.4792049300704,914.43311587947301,1372.9026812515101,0,141.98283807295101,4029.6651676811798,4137.3097287483697,678.74703585274403,7240.6744701249199,7318.2647735925202,77.590303467608607,1920.9018590757,547.99917782484101,203.08895366566699,111.221873853853,18.721977193092901,11.396663064478901,0.28618376152619202,0.35614020000138702,7098.6916320518703,3066.2257495181998,0,20,633.47004532180301,633.47004532180301,0,0,0,0.74970266388408502,5.23207659757648,20.000000142204001,2917.0240607682099,30326.3832913939,2.8007148525057199,102.42893767248501,2.9346356313908498e-06,1,1,0,104.839935807651,219.10252376265399,105.144860554736,9.1177274002547097,57
29.800000000000001,20.002553139459401,305.541851642214,50.602860331612703,9581.5050120845699,923.52616495421501,1372.9026812515101,0,143.367947435096,4069.66517984655,4151.3098116235296,681.038330476792,7312.6101869275499,7390.2004903951502,77.590303467608607,1920.9018590757,547.99917782484101,205.08895367985301,112.325874212999,18.897977158160199,11.4989681856543,0.287787678281961,0.35734020000142203,7169.2422394923497,3096.7763447211501,0,20,633.54185164221406,633.54185164221406,0,0,0,0.74978386559985699,5.2320619792964198,20.000000141067201,2917.7097606185298,30340.642509109599,2.8007149246782901,102.425978949628,2.9466118576237898e-06,1,1,0,104.839935807651,219.10252376265399,105.144860554736,9.1177274002547097,57
29.899999999999999,20.002553397210001,305.61364139384699,50.6021296128866,9662.5400759246204,932.62129179421197,1372.9026812515101,0,144.75305529043899,4109.6651920077402,4165.3164756900296,683.33016358610496,7384.5530820228196,7462.1433854904199,77.590303467608607,1920.9018590757,547.99917782484101,207.088953694037,113.429874572055,19.073977123205299,11.6012718454769,0.28939154970030501,0.35854020000145598,7239.8000267322795,3127.3341197277,0,20,633.61364139384796,633.61364139384796,0,0,0,0.74986504985429903,5.2320473639157496,20.0000001427725,2918.3953022486799,30354.901786952301,2.8007149968576601,102.423020854375,2.9585680749733001e-06,1,1,0,104.839935807651,219.10252376265399,105.144860554736,9.1177274002547097,57
29.969999999999999,20.0025535775431,305.66388436361598,50.601618195737998,9719.2701273605308,938.98911675964303,1372.9026812515101,0,145.72262989279099,4137.6652005181204,4175.1250563601297,684.93476709482297,7434.9173787865802,7512.5076822541896,77.590303467608607,1920.9018590757,547.99917782484101,208.48895370396301,114.202674823341,19.1971770987235,11.672883538002401,0.29051423272252003,0.35938020000148002,7289.1947488937103,3148.7288333282499,0,20,633.66388436361603,633.66388436361603,0,0,0,0.74992187015797396,5.2320371349797101,20.000000142204001,2918.8750872683399,30364.8833163825,2.8007150473573801,102.42095056109,2.9670172807527702e-06,1,1,0,104.839935807651,219.10252376265399,105.144860554736,9.1177274002547097,57
29.98,20.002553603222701,305.67106126820403,50.601545141929002,9727.3747905804303,939.89888914061896,1372.9026812515101,0,145.861140490015,4141.6652017337101,4176.5265454194296,685.16401769945298,7442.1125653565696,7519.7028688241699,77.590303467608607,1920.9018590757,547.99917782484101,208.68895370538101,114.313074859236,19.214777095225099,11.683113721354999,0.290674614198488,0.35950020000148403,7296.2514248664602,3151.7855080782101,0,20,633.67106126820397,633.67106126820397,0,0,0,0.74992998722464299,5.2320356737784399,20.000000141067201,2918.9436216588101,30366.309251469698,2.8007150545485899,102.420654830027,2.96819234790746e-06,1,1,0,104.839935807651,219.10252376265399,105.144860554736,9.1177274002547097,57
29.989999999999998,20.002553629079401,305.67823800717298,50.601472089551798,9735.4795463342507,940.80868229612497,1372.9026812515101,0,145.99965107217699,4145.6652029492598,4177.9281002911302,685.39327368669899,7449.3078236797201,7526.8981271473203,77.590303467608607,1920.9018590757,547.99917782484101,208.88895370679899,114.423474895129,19.2323770917268,11.6933438900993,0.290834995221253,0.35962020000148698,7303.3081726074497,3154.8422545963999,0,20,633.67823800717304,633.67823800717304,0,0,0,0.74993810272282602,5.2320342126357398,20.0000001427725,2919.0121544677399,30367.735187130202,2.8007150617893899,102.420359105187,2.96937651000917e-06,1,1,0,104.839935807651,219.10252376265399,105.144860554736,9.1177274002547097,57
30,20.0025536547694,305.68541458052698,50.6013990386313,9743.5843946201603,941.718496225987,1372.9026812515101,0,146.138161639277,4149.6652041648003,4179.32972097527,685.62253505643696,7456.50315375428,7534.0934572218803,77.590303467608607,1920.9018590757,547.99917782484101,209.08895370821699,114.533874931021,19.2499770882281,11.7035740442355,0.29099537579082702,0.35974020000149098,7310.3649921148999,3157.89907288115,0,20,633.68541458052698,633.68541458052698,0,0,0,0.749946219752053,5.2320327515809097,20.000000141067201,2919.0806856951699,30369.161123362199,2.8007150689835001,102.420063386672,2.9705934139201401e-06,1,1,0,104.839935807651,219.10252376265399,105.144860554736,9.1177274002547097,57
30.010000000000002,20.002553680571101,305.69259098826899,50.601325989145899,9751.6893354363201,942.62833093003098,1372.9026812515101,0,146.27667219131399,4153.66520538026,4180.7314074718497,685.85180180854297,7463.6985555786696,7541.2888590462699,77.590303467608607,1920.9018590757,547.99917782484101,209.288953709635,114.644274966914,19.267577084729002,11.713804183763999,0.29115575590721898,0.35986020000149399,7317.4218833872701,3160.9559629308101,0,20,633.69259098826899,633.69259098826899,0,0,0,0.74995433521042998,5.2320312904674999,20.000000142204001,2919.14921534112,30370.587060164398,2.8007150762088902,102.419767674393,2.9717648430960299e-06,1,1,0,104.839935807651,219.10252376265399,105.144860554736,9.1177274002547097,57
30.02,20.002553706303701,305.69976723040401,50.601252941109998,9759.7943687809093,943.53818640808402,1372.9026812515101,0,146.41518272829001,4157.6652065956996,4182.1331597809203,686.081073942893,7470.8940291511899,7548.4843326187902,77.590303467608607,1920.9018590757,547.99917782484101,209.488953711053,114.75467500280401,19.2851770812299,11.724034308685001,0.29131613557043801,0.359980200001497,7324.4788464228104,3164.0129247437098,0,20,633.69976723040395,633.69976723040395,0,0,0,0.74996245078944701,5.2320298293540901,20.0000001427725,2919.2177434056398,30372.012997535101,2.8007150834149601,102.419471968408,2.9729835659964002e-06,1,1,0,104.839935807651,219.10252376265399,105.144860554736,9.1177274002547097,57
30.030000000000001,20.002553731957001,305.70694330693601,50.6011798945244,9767.8994946520997,944.44806265997204,1372.9026812515101,0,146.55369325020399,4161.6652078110701,4183.5349779025,686.31035145936301,7478.0895744701802,7555.6798779377796,77.590303467608607,1920.9018590757,547.99917782484101,209.688953712471,114.865075038694,19.302777077730799,11.7342644189988,0.29147651478049502,0.360100200001501,7331.5358812198901,3167.06995831821,0,20,633.70694330693595,633.70694330693595,0,0,0,0.74997056733725997,5.2320283683871196,20.000000141067201,2919.2862698887602,30373.438935472699,2.8007150905987799,102.419176268721,2.9741659091087101e-06,1,1,0,104.839935807651,219.10252376265399,105.144860554736,9.1177274002547097,57
30.100000000000001,20.002553912375099,305.75717120607402,50.600668608802501,9824.63796634153,950.81777807599894,1372.9026812515101,0,147.52326648190899,4189.6652163176504,4193.3495475059099,687.91544476356205,7528.4604004659996,7606.0507039336098,77.590303467608607,1920.9018590757,547.99917782484101,211.08895372239499,115.63787528989801,19.425977053228799,11.805874782219099,0.29259915656313201,0.36094020000152499,7380.937133984,3188.4712025252302,0,20,633.75717120607396,633.75717120607396,0,0,0,0.75002737219106597,5.2320181419990197,20.000000142204001,2919.7659109944898,30383.420516780599,2.8007151411223199,102.417106546314,2.9826151148881801e-06,1,1,0,104.839935807651,219.10252376265399,105.144860554736,9.1177274002547097,57
30.199999999999999,20.002554169834799,305.82891127430997,50.599938323390901,9905.7007892593792,959.91913717063301,1372.9026812515101,0,148.90836981863399,4229.6652284663296,4207.3759553078999,690.208892583286,7600.4248205023096,7678.0151239699098,77.590303467608607,1920.9018590757,547.99917782484101,213.08895373657001,116.74187564868301,19.601977018207599,11.9081740597167,0.29420289202681799,0.36214020000156,7451.5164506835899,3219.0505070040299,0,20,633.82891127431003,633.82891127431003,0,0,0,0.750108509150199,5.2320035353751004,20.000000142204001,2920.4509781831498,30397.679965649801,2.80071521322024,102.41415033323899,2.9947277653263899e-06,1,1,0,104.839935807651,219.10252376265399,105.144860554736,9.1177274002547097,57
30.300000000000001,20.002554427241499,305.900634789055,50.599208182366198,9986.7728615447304,969.02257333620696,1372.9026812515101,0,150.29347164975101,4269.6652406108797,4221.4089444064903,692.50287839144301,7672.3964122079997,7749.9867156756,77.590303467608607,1920.9018590757,547.99917782484101,215.088953750743,117.845876007378,19.777976983164201,12.010471877016901,0.29580658219149197,0.363340200001594,7522.1029405581503,3249.63698466197,0,20,633.90063478905495,633.90063478905495,0,0,0,0.75018963062998301,5.2319889315920003,20.000000141067201,2921.1358872976002,30411.9394684127,2.8007152853032999,102.411194747298,3.00647661788389e-06,1,1,0,104.839935807651,219.10252376265399,105.144860554736,9.1177274002547097,57
30.399999999999999,20.0025546847016,305.97234175413098,50.598478185695299,10067.854181368701,978.128086398959,1372.9026812515101,0,151.67857197555699,4309.6652527512397,4235.4485148261901,694.79740206389795,7744.3751739282097,7821.96547739581,77.590303467608607,1920.9018590757,547.99917782484101,217.08895376491199,118.94987636598201,19.953976948098799,12.1127682344087,0.29741022706673798,0.36454020000162901,7592.6966019525498,3280.2306338439198,0,20,633.97234175413098,633.97234175413098,0,0,0,0.75027073494441099,5.2319743307375797,20.000000142204001,2921.82063837436,30426.1990235146,2.8007153574013501,102.408239788331,3.01855106954463e-06,1,1,0,104.839935807651,219.10252376265399,105.144860554736,9.1177274002547097,57
30.5,20.002554941778602,306.04403217335403,50.597748333457602,10148.9447469026,987.23567618497202,1372.9026812515101,0,153.06367079633699,4349.6652648869904,4249.4946665907901,697.092463476543,7816.3611040077203,7893.9514074753197,77.590303467608607,1920.9018590757,547.99917782484101,219.08895377907899,120.05387672448499,20.129976913010299,12.2150631321802,0.29901382666215998,0.36574020000166302,7663.2974332112899,3310.8314528949199,0,20,634.04403217335403,634.04403217335403,0,0,0,0.75035182434483105,5.2319597326068301,20.000000141067201,2922.5052314498598,30440.4586294006,2.8007154293920902,102.40528545663599,3.0307819542940702e-06,1,1,0,104.839935807651,219.10252376265399,105.144860554736,9.1177274002547097,57
30.600000000000001,20.002555199050999,306.11570605054402,50.597018625472003,10230.0445563176,996.34534252023798,1372.9026812515101,0,154.44876811239101,4389.6652770181699,4263.5473997233703,699.38806250529296,7888.3542007927099,7965.9445042603102,77.590303467608607,1920.9018590757,547.99917782484101,221.08895379324301,121.15787708288499,20.305976877898399,12.3173565706203,0.30061738098735202,0.36694020000169802,7733.9054326802097,3341.4394401606201,0,20,634.11570605054396,634.11570605054396,0,0,0,0.75043289658841394,5.2319451375219099,20.000000142204001,2923.18966656058,30454.718284517501,2.80071550143757,102.402331751454,3.0433566280407801e-06,1,1,0,104.839935807651,219.10252376265399,105.144860554736,9.1177274002547097,57
30.699999999999999,20.002555456265501,306.18736338951697,50.596289061748998,10311.1536077868,1005.45708523095,1372.9026812515101,0,155.833863924029,4429.6652891451504,4277.6067142463098,701.68419902610503,7960.3544626298699,8037.9447660974702,77.590303467608607,1920.9018590757,547.99917782484101,223.08895380740401,122.261877441195,20.4819768427644,12.419648550018,0.302220890051903,0.36814020000173198,7804.5205987057398,3372.0545939871199,0,20,634.18736338951703,634.18736338951703,0,0,0,0.75051395336457905,5.2319305453071001,20.000000142204001,2923.8739437429599,30468.977987312799,2.8007155734668499,102.399378672802,3.0558458092855298e-06,1,1,0,104.839935807651,219.10252376265399,105.144860554736,9.1177274002547097,57
30.800000000000001,20.002555713366299,306.25900419408799,50.5955596422911,10392.271899482899,1014.5709041431101,1372.9026812515101,0,157.21895823154901,4469.6653012679599,4291.6726101812301,703.98087291495301,8032.3618878658599,8109.9521913334702,77.590303467608607,1920.9018590757,547.99917782484101,225.088953821562,123.36587779941399,20.6579768076083,12.5219390706618,0.30382435386540002,0.36934020000176698,7875.1429296342403,3402.6769127207899,0,20,634.25900419408799,634.25900419408799,0,0,0,0.75059499467569801,5.23191595596239,20.000000141067201,2924.5580630334298,30483.2377362351,2.8007156454642499,102.39642622066501,3.06827314489055e-06,1,1,0,104.839935807651,219.10252376265399,105.144860554736,9.1177274002547097,57
30.899999999999999,20.002555970521101,306.330628468074,50.594830367063203,10473.3994295785,1023.68679908261,1372.9026812515101,0,158.60405103525,4509.6653133866203,4305.7450875490804,706.27808404784196,8104.3764748478397,8181.96677831545,77.590303467608607,1920.9018590757,547.99917782484101,227.088953835718,124.46987815754299,20.833976772430201,12.624228132840299,0.30542777243743102,0.37054020000180099,7945.7724238125002,3433.3063947084001,0,20,634.330628468074,634.330628468074,0,0,0,0.750676018833352,5.2319013694584999,20.000000142204001,2925.2420244684499,30497.497529734599,2.8007157174768,102.39347439487599,3.0809187592240101e-06,1,1,0,104.839935807651,219.10252376265399,105.144860554736,9.1177274002547097,57
31,20.002556227471501,306.40223621528799,50.594101236061498,10554.536196247,1032.80476987527,1372.9026812515101,0,159.98914233542999,4549.6653255010797,4319.8241463700697,708.57583230081002,8176.3982219231102,8253.9885253906996,77.590303467608607,1920.9018590757,547.99917782484101,229.08895384986999,125.57387851558001,21.0099767372302,12.726515736842,0.307031145777583,0.371740200001836,8016.40907958759,3463.94303829708,0,20,634.40223621528799,634.40223621528799,0,0,0,0.75075702838709901,5.2318867863518701,20.000000140498699,2925.9258280844201,30511.7573662619,2.8007157894321,102.390523195394,3.0935134418541599e-06,1,1,0,104.839935807651,219.10252376265399,105.144860554736,9.1177274002547097,57
31.100000000000001,20.002556484530999,306.47382743954103,50.593372249236097,10635.682197661599,1041.9248163468301,1372.9026812515101,0,161.37423213238699,4589.66533761134,4333.9097866637103,710.87411754991797,8248.4271274396106,8326.0174309072099,77.590303467608607,1920.9018590757,547.99917782484101,231.08895386402099,126.67787887352701,21.185976702008201,12.8288018829553,0.30863447389543802,0.37294020000187,8087.0528953071198,3494.5868418343398,0,20,634.47382743954097,634.47382743954097,0,0,0,0.75083802021250801,5.2318722052367503,20.000000142204001,2926.6094739177302,30526.0172442685,2.8007158614179701,102.387572621991,3.10561881633475e-06,1,1,0,104.839935807651,219.10252376265399,105.144860554736,9.1177274002547097,57
31.199999999999999,20.002556741390599,306.54540214465101,50.592643406586802,10716.8374319962,1051.0469383229999,1372.9026812515101,0,162.75932042641699,4629.6653497174802,4348.0020084487896,713.17293967126,8320.4631897454001,8398.0534932130104,77.590303467608607,1920.9018590757,547.99917782484101,233.08895387816801,127.781879231383,21.3619766667642,12.9310865714687,0.31023775680057702,0.37414020000190501,8157.7038693188897,3525.2378036680698,0,20,634.54540214465101,634.54540214465101,0,0,0,0.75091899687534602,5.2318576274896103,20.000000142204001,2927.2929620048499,30540.2771622084,2.8007159333478602,102.384622674642,3.11825715471059e-06,1,1,0,104.839935807651,219.10252376265399,105.144860554736,9.1177274002547097,57
31.300000000000001,20.0025569982039,306.61696033442701,50.591914708078598,10798.0018974248,1060.1711356293699,1372.9026812515101,0,164.14440721782,4669.6653618193805,4362.1008117433703,715.47229854095303,8392.5064071891393,8470.0967106567496,77.590303467608607,1920.9018590757,547.99917782484101,235.08895389231199,128.885879589148,21.5379766314982,13.0333698026704,0.31184099450258201,0.37534020000193902,8228.3619999711991,3555.8959221465698,0,20,634.61696033442797,634.61696033442797,0,0,0,0.75099995836811595,5.2318430525833,20.000000140498699,2927.9762923821399,30554.537118535201,2.8007160052647699,102.38167335318001,3.1308409234043198e-06,1,1,0,104.839935807651,219.10252376265399,105.144860554736,9.1177274002547097,57
31.399999999999999,20.0025572549313,306.68850201267998,50.591186153701301,10879.175592121799,1069.2974080914701,1372.9026812515101,0,165.52949250689201,4709.6653739170697,4376.2061965648199,717.772194035148,8464.5567781196496,8542.1470815872508,77.590303467608607,1920.9018590757,547.99917782484101,237.08895390645401,129.98987994682199,21.713976596210198,13.1356515768486,0.31344418701103099,0.37654020000197402,8299.0272856125794,3586.5611956184398,0,20,634.68850201268003,634.68850201268003,0,0,0,0.75108090215475198,5.2318284804006501,20.000000142204001,2928.6594650860002,30568.797111704102,2.80071607715763,102.378724657538,3.1434301490662598e-06,1,1,0,104.839935807651,219.10252376265399,105.144860554736,9.1177274002547097,57
31.5,20.002557511542101,306.76002718322002,50.590457743481501,10960.358514261001,1078.42575553458,1372.9026812515101,0,166.91457629391101,4749.6653860099304,4390.3181629297696,720.07262603002596,8536.6143008854306,8614.2046043530408,77.590303467608607,1920.9018590757,547.99917782484101,239.08895392059199,131.093880304386,21.889976560897999,13.237931894291,0.31504733433549997,0.37774020000200798,8369.6997245913608,3617.2336224324999,0,20,634.76002718322002,634.76002718322002,0,0,0,0.75116183162477401,5.2318139112345401,20.000000140498699,2929.3424801528199,30583.057140171299,2.8007161490178301,102.375776587799,3.1563940865453299e-06,1,1,0,104.839935807651,219.10252376265399,105.144860554736,9.1177274002547097,57
31.600000000000001,20.002557768288501,306.83153584985598,50.589729477254203,11041.5506620177,1087.5561777841999,1372.9026812515101,0,168.29965857919299,4789.6653980984802,4404.4367108541801,722.37359440178898,8608.6789738370808,8686.2692773046801,77.590303467608607,1920.9018590757,547.99917782484101,241.08895393472801,132.197880661856,22.065976525563901,13.340210755286501,0.31665043648556501,0.37894020000204298,8440.37931525772,3647.9132009383902,0,20,634.83153584985598,634.83153584985598,0,0,0,0.75124274339827002,5.2317993449385396,20.000000142204001,2930.0253376189598,30597.317202393999,2.8007162209160299,102.37282914327,3.16944351652637e-06,1,1,0,104.839935807651,219.10252376265399,105.144860554736,9.1177274002547097,57
31.699999999999999,20.0025580247984,306.90302801639598,50.589001355070103,11122.7520335677,1096.6886746657301,1372.9026812515101,0,169.68473936303801,4829.6654101828799,4418.5618403532599,724.67509902667496,8680.7507953246895,8758.3410987922907,77.590303467608607,1920.9018590757,547.99917782484101,243.08895394886201,133.30188101923599,22.241976490207801,13.4424881601233,0.31825349347079501,0.38014020000207699,8511.0660559614807,3678.5999294859298,0,20,634.90302801639598,634.90302801639598,0,0,0,0.75132364029448895,5.2317847814833502,20.000000141635599,2930.7080375207902,30611.577296830601,2.8007162927479898,102.369882324131,3.1824165489524599e-06,1,1,0,104.839935807651,219.10252376265399,105.144860554736,9.1177274002547097,57
31.800000000000001,20.002558281394201,306.97450368664602,50.5882733768929,11203.962627086699,1105.8232460044701,1372.9026812515101,0,171.06981864574499,4869.6654222630696,4432.69355144153,726.97713978094703,8752.82976369883,8830.4200671664294,77.590303467608607,1920.9018590757,547.99917782484101,245.08895396299201,134.405881376525,22.417976454829901,13.5447641090893,0.31985650530075999,0.381340200002112,8581.7599450529506,3709.2938064253199,0,20,634.97450368664602,634.97450368664602,0,0,0,0.75140452147553005,5.2317702211032904,20.000000140498699,2931.3905798946598,30625.8374219404,2.8007163646040101,102.36693613020999,3.1953713914845101e-06,1,1,0,104.839935807651,219.10252376265399,105.144860554736,9.1177274002547097,57
31.899999999999999,20.0025585379746,307.045962864415,50.587545542704,11285.182440750499,1114.9598916256,1372.9026812515101,0,172.45489642761001,4909.6654343391001,4446.8318441327801,729.27971654089504,8824.9158773103809,8902.5061807779803,77.590303467608607,1920.9018590757,547.99917782484101,247.08895397711899,135.50988173372201,22.593976419430099,13.647038602472801,0.321459471985029,0.382540200002146,8652.4609808826299,3739.9948301071199,0,20,635.04596286441495,635.04596286441495,0,0,0,0.75148538524553099,5.2317556634175997,20.000000142204001,2932.0729647769299,30640.097576184002,2.8007164364557,102.363990561406,3.2084644772112399e-06,1,1,0,104.839935807651,219.10252376265399,105.144860554736,9.1177274002547097,57
32,20.0025587943658,307.11740555350599,50.586817852493198,11366.411472735599,1124.0986113542499,1372.9026812515101,0,173.839972708933,4949.6654464109597,4460.9767184401098,731.58282918284203,8897.0091345105393,8974.5994379781405,77.590303467608607,1920.9018590757,547.99917782484101,249.08895399124401,136.61388209082901,22.769976384008501,13.749311640561601,0.32306239353316801,0.38374020000218101,8723.1691618014502,3770.7029988822801,0,20,635.11740555350605,635.11740555350605,0,0,0,0.75156623471411299,5.2317411087777401,20.000000140498699,2932.7551922039302,30654.357758022899,2.8007165082544101,102.36104561765301,3.22139021591283e-06,1,1,0,104.839935807651,219.10252376265399,105.144860554736,9.1177274002547097,57
32.100000000000001,20.002559050852302,307.18883175772697,50.586090306204198,11447.6497212184,1133.2394050154901,1372.9026812515101,0,175.22504749015101,4989.6654584786402,4475.1281743759,733.88647758314005,8969.1095336511098,9046.6998371187092,77.590303467608607,1920.9018590757,547.99917782484101,251.08895400536201,137.717882447677,22.9459763488777,13.851583223643701,0.32466526995474099,0.38494020000221502,8793.8844861607704,3801.4183111021098,0,20,635.18883175772703,635.18883175772703,0,0,0,0.75164706657075897,5.2317265606391397,20.000000142204001,2933.43726221201,30668.617965919999,2.8007165800798299,102.358101298698,3.2347634260077e-06,1,1,0,104.839935807651,219.10252376265399,105.144860554736,9.1177274002547097,57
32.200000000000003,20.002559307138402,307.26024148087799,50.585362903854502,11528.897184375901,1142.3822724343099,1372.9026812515101,0,176.610120771423,5029.6654705421497,4489.2862119518304,736.19066161816102,9041.2170730839298,9118.8073765515401,77.590303467608607,1920.9018590757,547.99917782484101,253.088954019482,138.821882804431,23.121976313725199,13.9538533520071,0.326268101259309,0.38614020000225002,8864.6069523122896,3832.1407651183299,0,20,635.26024148087799,635.26024148087799,0,0,0,0.75172788320592498,5.2317120115047899,20.000000142204001,2934.1191748374699,30682.8781983384,2.80071665184912,102.355157604586,3.2478237699251601e-06,1,1,0,104.839935807651,219.10252376265399,105.144860554736,9.1177274002547097,57
32.299999999999997,20.002559563310498,307.33163472676301,50.5846356454092,11610.1538603852,1151.5272134355901,1372.9026812515101,0,177.99519255304301,5069.6654826015301,4503.4508311788404,738.49538116431404,9113.3317511613095,9190.9220546289107,77.590303467608607,1920.9018590757,547.99917782484101,255.08895403359799,139.92588316109899,23.297976278550799,14.056122025939599,0.327870887456436,0.38734020000228397,8935.3365586080708,3862.8703592830002,0,20,635.33163472676301,635.33163472676301,0,0,0,0.75180868413873003,5.2316974654162598,20.000000141635599,2934.8009301166298,30697.138453742999,2.8007167235864898,102.352214535152,3.2609332265565201e-06,1,1,0,104.839935807651,219.10252376265399,105.144860554736,9.1177274002547097,57
32.399999999999999,20.0025598197088,307.40301149918503,50.583908530742399,11691.419747424001,1160.67422784425,1372.9026812515101,0,179.38026283532301,5109.6654946571398,4517.6220320672201,740.80063609803199,9185.4535662367598,9263.0438697043592,77.590303467608607,1920.9018590757,547.99917782484101,257.08895404771101,141.02988351768499,23.473976243355398,14.158389245729399,0.32947362855567802,0.38854020000231898,9006.0733034012101,3893.6070919487602,0,20,635.40301149918503,635.40301149918503,0,0,0,0.75188946993767103,5.2316829224028396,20.000000139361902,2935.4825280857999,30711.398730599602,2.8007167953872001,102.349272089861,3.2738571462687101e-06,1,1,0,104.839935807651,219.10252376265399,105.144860554736,9.1177274002547097,57
32.5,20.002560075760201,307.47437180194402,50.583181560066002,11772.694843670501,1169.82331548513,1372.9026812515101,0,180.76533161854701,5149.6655067086103,4531.7998146264899,743.10642629578194,9257.58251666262,9335.1728201302194,77.590303467608607,1920.9018590757,547.99917782484101,259.08895406182199,142.133883874182,23.649976208138501,14.2606550116638,0.33107632456658997,0.38974020000235299,9076.8171850438594,3924.3509614682698,0,20,635.47437180194402,635.47437180194402,0,0,0,0.75197023749182101,5.2316683819666698,20.000000141635599,2936.1639687812799,30725.659027375001,2.8007168670907698,102.346330269544,3.2868010748643398e-06,1,1,0,104.839935807651,219.10252376265399,105.144860554736,9.1177274002547097,57
32.600000000000001,20.002560331789901,307.54571563884201,50.582454733223102,11853.979147300601,1178.97447618247,1372.9026812515101,0,182.15039890298601,5189.6655187550796,4545.9841788654903,745.41275163405203,9329.7186007914097,9407.30890425902,77.590303467608607,1920.9018590757,547.99917782484101,261.08895407593099,143.237884230567,23.825976172897601,14.362919324029701,0.33267897549873598,0.39094020000238799,9147.5682018882108,3955.1019661944601,0,20,635.54571563884201,635.54571563884201,0,0,0,0.75205099019154797,5.2316538442834499,20.000000141635599,2936.84525223936,30739.919342537301,2.80071693878826,102.343389073542,3.30023976857774e-06,1,1,0,104.839935807651,219.10252376265399,105.144860554736,9.1177274002547097,57
32.700000000000003,20.0025605878471,307.61704301367502,50.5817280501062,11935.2726564939,1188.1277097611401,1372.9026812515101,0,183.535464688963,5229.6655307973897,4560.1751247923703,747.71961198936106,9401.8618169781603,9479.4521204457706,77.590303467608607,1920.9018590757,547.99917782484101,263.088954090036,144.341884586856,24.001976137635001,14.4651821831156,0.33428158136166702,0.392140200002422,9218.3263522890193,3985.8601044812499,0,20,635.61704301367502,635.61704301367502,0,0,0,0.75213172692031405,5.2316393097046303,20.000000141635599,2937.5263784963099,30754.1796745551,2.8007170104934498,102.340448501396,3.3133510441984998e-06,1,1,0,104.839935807651,219.10252376265399,105.144860554736,9.1177274002547097,57
32.799999999999997,20.002560843637401,307.688353930245,50.581001510755897,12016.5753694297,1197.28301604585,1372.9026812515101,0,184.920528976783,5269.6655428356999,4574.3726524145404,750.02700723826194,9474.0121635774103,9551.6024670450206,77.590303467608607,1920.9018590757,547.99917782484101,265.088954104138,145.44588494306399,24.177976102351401,14.5674435892094,0.33588414216493101,0.39334020000245701,9289.0916346004396,4016.6253746827101,0,20,635.68835393024494,635.68835393024494,0,0,0,0.75221244767875595,5.2316247781716401,20.000000141635599,2938.2073475884199,30768.440021898601,2.80071708212391,102.33750855324401,3.3265114325331499e-06,1,1,0,104.839935807651,219.10252376265399,105.144860554736,9.1177274002547097,57
32.899999999999999,20.0025610995786,307.759648392347,50.580275115195803,12097.8872842864,1206.4403948609499,1372.9026812515101,0,186.305591766726,5309.6655548695499,4588.5767617387201,752.33493725733001,9546.1696389431399,9623.7599424107393,77.590303467608607,1920.9018590757,547.99917782484101,267.08895411823801,146.54988529917199,24.353976067044901,14.669703542598,0.33748665791807902,0.39454020000249101,9359.8640471762192,4047.3977751529901,0,20,635.759648392347,635.759648392347,0,0,0,0.75229315358598203,5.2316102491573098,20.000000139361902,2938.8881595519401,30782.7003830389,2.8007171537966098,102.334569229156,3.3397554943803702e-06,1,1,0,104.839935807651,219.10252376265399,105.144860554736,9.1177274002547097,57
33,20.002561355576599,307.83092640377998,50.579548863324298,12179.2083992435,1215.5998460308899,1372.9026812515101,0,187.690653059097,5349.6655668991698,4602.78745277093,754.64340192317297,9618.3342414307299,9695.9245448983402,77.590303467608607,1920.9018590757,547.99917782484101,269.088954132335,147.65388565518299,24.5299760317167,14.7719620435692,0.33908912863065899,0.39574020000252602,9430.6435883714294,4078.1773042469199,0,20,635.83092640378004,635.83092640378004,0,0,0,0.75237384127145801,5.2315957230716696,20.000000141635599,2939.5688144231399,30796.960756448101,2.8007172254852599,102.331630528697,3.3531287044752402e-06,1,1,0,104.839935807651,219.10252376265399,105.144860554736,9.1177274002547097,57
33.100000000000001,20.002561611310899,307.90218796834,50.578822755161703,12260.5387124807,1224.7613693800499,1372.9026812515101,0,189.07571285419201,5389.6655789245497,4617.00472551649,756.95240111242299,9690.5059693955609,9768.0962728631694,77.590303467608607,1920.9018590757,547.99917782484101,271.08895414642899,148.75788601110801,24.7059759963667,14.874219092410501,0.34069155431221398,0.39694020000255997,9501.4302565411999,4108.9639603196301,0,20,635.90218796833994,635.90218796833994,0,0,0,0.75245451412091402,5.2315811999732702,20.000000141635599,2940.2493122382698,30811.2211405995,2.8007172971000198,102.328692451923,3.3666019589873001e-06,1,1,0,104.839935807651,219.10252376265399,105.144860554736,9.1177274002547097,57
33.200000000000003,20.002561867053799,307.97343308981903,50.578096790664198,12341.8782221781,1233.9249647327399,1372.9026812515101,0,190.46077115231199,5429.6655909458004,4631.2285799800002,759.26193470174496,9762.6848211935794,9840.2751246611806,77.590303467608607,1920.9018590757,547.99917782484101,273.08895416052002,149.86188636693899,24.881975960995,14.9764746894094,0.34229393497228899,0.39814020000259498,9572.2240500410899,4139.7577417266702,0,20,635.97343308981897,635.97343308981897,0,0,0,0.75253517101102296,5.2315666799207001,20.000000141635599,2940.92965303355,30825.481533966999,2.8007173687172102,102.32575499863199,3.3799788070609802e-06,1,1,0,104.839935807651,219.10252376265399,105.144860554736,9.1177274002547097,57
33.299999999999997,20.0025621227052,308.04466177201402,50.5773709698245,12423.226926515999,1243.09063191317,1372.9026812515101,0,191.84582795375101,5469.6656029628502,4645.4590161653596,761.57200256782801,9834.8707951808501,9912.4610986484495,77.590303467608607,1920.9018590757,547.99917782484101,275.08895417460798,150.96588672268001,25.057975925601699,15.0787288348531,0.34389627062042499,0.39934020000262899,9643.0249672269401,4170.5586468238998,0,20,636.04466177201402,636.04466177201402,0,0,0,0.75261581193500005,5.2315521624453796,20.000000141635599,2941.6098368452199,30839.741935026301,2.8007174403087798,102.32281816877,3.3934375096578202e-06,1,1,0,104.839935807651,219.10252376265399,105.144860554736,9.1177274002547097,57
33.399999999999999,20.002562378157599,308.11587401871799,50.576645292622999,12504.584823674801,1252.2583707454801,1372.9026812515101,0,193.23088325880499,5509.66561497564,4659.6960340757596,763.88260458739103,9907.0638897139306,9984.65419318153,77.590303467608607,1920.9018590757,547.99917782484101,277.088954188694,152.06988707833,25.2339758901865,15.180981529029101,0.34549856126616202,0.40054020000266399,9713.83300645495,4201.36667396756,0,20,636.11587401871805,636.11587401871805,0,0,0,0.752696438592661,5.2315376478401499,20.000000138225001,2942.28986370952,30854.002342253501,2.8007175118446002,102.319881962232,3.40696351486258e-06,1,1,0,104.839935807651,219.10252376265399,105.144860554736,9.1177274002547097,57
33.5,20.002562633578101,308.18706983372198,50.575919759212702,12585.9519118342,1261.4281810534301,1372.9026812515101,0,194.61593706773101,5549.66562698298,4673.9396337137096,766.19374063718203,9979.2641031479106,10056.854406615499,77.590303467608607,1920.9018590757,547.99917782484101,279.08895420277702,153.17388743384799,25.4099758547455,15.283232772222901,0.34710080691904699,0.401740200002698,9784.6481660800091,4232.18182151375,0,20,636.18706983372203,636.18706983372203,0,0,0,0.75277704590543904,5.2315231358707504,20.000000141635599,2942.96973366264,30868.262754126001,2.8007175833715099,102.316946379613,3.4209424484288299e-06,1,1,0,104.839935807651,219.10252376265399,105.144860554736,9.1177274002547097,57
33.600000000000001,20.002562888880501,308.25824922081802,50.575194369236101,12667.328189174699,1270.60006266094,1372.9026812515101,0,196.00098938085,5589.6656389855098,4688.1898150809902,768.50541059398199,10051.471433841099,10129.061737308701,77.590303467608607,1920.9018590757,547.99917782484101,281.08895421685799,154.27788778926299,25.5859758192816,15.385482564723,0.348703007588616,0.40294020000273301,9855.4704444600902,4263.0040878198597,0,20,636.25824922081802,636.25824922081802,0,0,0,0.75285763896077196,5.2315086268300703,20.000000141635599,2943.6494467407902,30882.5231691222,2.8007176548653301,102.314011419441,3.4351596696069498e-06,1,1,0,104.839935807651,219.10252376265399,105.144860554736,9.1177274002547097,57
33.700000000000003,20.002563144353601,308.32941218379602,50.5744691227519,12748.7136538797,1279.7740153923201,1372.9026812515101,0,197.386040198475,5629.6656509838203,4702.4465781787103,770.81761433459098,10123.685880152199,10201.276183619801,77.590303467608607,1920.9018590757,547.99917782484101,283.08895423093497,155.381888144583,25.761975783796,15.4877309068169,0.35030516328439498,0.40414020000276701,9926.2998399535609,4293.8334712434698,0,20,636.32941218379597,636.32941218379597,0,0,0,0.75293821607693001,5.2314941211281401,20.000000141635599,2944.3290029801801,30896.783585721802,2.80071772640698,102.311077081927,3.4494387364247801e-06,1,1,0,104.839935807651,219.10252376265399,105.144860554736,9.1177274002547097,57
33.799999999999997,20.002563399755701,308.40055872644803,50.573744019794098,12830.108304130999,1288.95003907149,1372.9026812515101,0,198.77108952090401,5669.66566297795,4716.7099230072399,773.13035173584205,10195.907440439199,10273.497743906801,77.590303467608607,1920.9018590757,547.99917782484101,285.08895424500901,156.485888499813,25.9379757482888,15.589977798791899,0.35190727401591598,0.40534020000280202,9997.1363509180901,4324.6699701423404,0,20,636.40055872644803,636.40055872644803,0,0,0,0.75301877724421096,5.2314796181792103,20.000000141635599,2945.0084024169901,30911.0440024052,2.8007177979287099,102.30814336718601,3.4638014767551799e-06,1,1,0,104.839935807651,219.10252376265399,105.144860554736,9.1177274002547097,57
33.899999999999999,20.002563655001801,308.47168885256099,50.573019060345999,12911.512138111,1298.12813352225,1372.9026812515101,0,200.15613734843299,5709.6656749679396,4730.9798495662699,775.44362267459906,10268.1361130605,10345.726416528099,77.590303467608607,1920.9018590757,547.99917782484101,287.08895425908099,157.58988885495299,26.113975712759899,15.692223240934799,0.35350933979270999,0.40654020000283603,10067.9799757118,4355.5135828746497,0,20,636.47168885256099,636.47168885256099,0,0,0,0.75309932416250802,5.2314651182761498,20.000000138225001,2945.6876450874101,30925.304417654101,2.8007178694068,102.30521027512501,3.4781969588948401e-06,1,1,0,104.839935807651,219.10252376265399,105.144860554736,9.1177274002547097,57
34,20.0025639105002,308.54280256592301,50.572294244351397,12992.925154002,1307.30829856834,1372.9026812515101,0,201.54118368136099,5749.6656869537501,4745.2563578547997,777.75742702775301,10340.3718963751,10417.962199842699,77.590303467608607,1920.9018590757,547.99917782484101,289.08895427315002,158.69388920999799,26.289975677209501,15.794467233532901,0.35511136062430598,0.40774020000287098,10138.8307126935,4386.36430779897,0,20,636.54280256592301,636.54280256592301,0,0,0,0.75317985175013002,5.2314506208917901,20.000000141635599,2946.3667310276001,30939.564829951101,2.8007179409555101,102.30227780548999,3.4925888030557e-06,1,1,0,104.839935807651,219.10252376265399,105.144860554736,9.1177274002547097,57
34.100000000000001,20.0025641656493,308.61389987032197,50.571569571832399,13074.3473499869,1316.4905340334301,1372.9026812515101,0,202.926228519982,5789.6656989353596,4759.5394478711096,780.07176467221905,10412.614788741999,10490.2050922096,77.590303467608607,1920.9018590757,547.99917782484101,291.08895428721598,159.79788956495801,26.465975641637598,15.8967097768729,0.35671333652022902,0.40894020000290499,10209.688560221801,4417.2221432741699,0,20,636.61389987032203,636.61389987032203,0,0,0,0.75326036509285199,5.2314361264947404,20.000000141635599,2947.0456602737299,30953.8252377799,2.8007180124064299,102.299345958347,3.5069224395556401e-06,1,1,0,104.839935807651,219.10252376265399,105.144860554736,9.1177274002547097,57
34.200000000000003,20.0025644208107,308.68498076954302,50.570845042739002,13155.778724248699,1325.67483974113,1372.9026812515101,0,204.311271864594,5829.66571091284,4773.8291196127802,782.38663548494799,10484.864788520899,10562.4550919885,77.590303467608607,1920.9018590757,547.99917782484101,293.08895430128001,160.90188991982299,26.641975606044198,15.998950871241901,0.35831526749000397,0.41014020000293999,10280.5535166561,4448.08708765958,0,20,636.68498076954302,636.68498076954302,0,0,0,0.75334086249997101,5.2314216349678304,20.000000141635599,2947.7244328619699,30968.0856396253,2.8007180838607799,102.29641473346901,3.5213615774409799e-06,1,1,0,104.839935807651,219.10252376265399,105.144860554736,9.1177274002547097,57
34.299999999999997,20.002564675871898,308.756045267373,50.570120657053401,13237.219274970699,1334.8612155149401,1372.9026812515101,0,205.69631371549301,5869.6657228861804,4788.1253730767103,784.70203934291601,10557.121894071801,10634.7121975394,77.590303467608607,1920.9018590757,547.99917782484101,295.08895431534,162.00589027459901,26.817975570429201,16.1011905169267,0.35991715354315401,0.411340200002974,10351.425580356101,4478.9591393148503,0,20,636.756045267373,636.756045267373,0,0,0,0.75342134397411598,5.2314071463110698,20.000000141635599,2948.4030488284502,30982.346033973099,2.8007181552870799,102.29348413075699,3.5357898013899099e-06,1,1,0,104.839935807651,219.10252376265399,105.144860554736,9.1177274002547097,57
34.399999999999999,20.002564930762599,308.82709336759501,50.569396414758799,13318.6690003367,1344.0496611783501,1372.9026812515101,0,207.08135407297499,5909.6657348553099,4802.4282082590898,787.017976123121,10629.386103755,10706.976407222601,77.590303467608607,1920.9018590757,547.99917782484101,297.08895432939801,163.10989062928601,26.993975534792799,16.203428714214201,0.36151899468920101,0.41254020000300901,10422.3047496818,4509.8382965999999,0,20,636.82709336759501,636.82709336759501,0,0,0,0.75350181121182702,5.2313926606416103,20.000000138225001,2949.0815082093,30996.606419310101,2.8007182266656301,102.290554150121,3.5501325328368702e-06,1,1,0,104.839935807651,219.10252376265399,105.144860554736,9.1177274002547097,57
34.5,20.002565186052301,308.89812507399301,50.568672315787801,13400.1278985306,1353.2401765547399,1372.9026812515101,0,208.46639293733699,5949.6657468202902,4816.7376251554197,789.33444570259701,10701.6574159314,10779.247719399,77.590303467608607,1920.9018590757,547.99917782484101,299.088954343453,164.213890983878,27.1699754991349,16.305665463391101,0.36312079093766297,0.41374020000304301,10493.1910229938,4540.7245578755101,0,20,636.89812507399301,636.89812507399301,0,0,0,0.75358225913816002,5.2313781777837196,20.000000141635599,2949.7598110406698,31010.866794124198,2.8007182981558998,102.287624791261,3.5645316529553401e-06,1,1,0,104.839935807651,219.10252376265399,105.144860554736,9.1177274002547097,57
34.600000000000001,20.002565440938099,308.96914039035101,50.567948360172899,13481.595967736699,1362.4327614674301,1372.9026812515101,0,209.851430308875,5989.6657587811696,4831.0536237604701,791.65144795840899,10773.935828961799,10851.526132429401,77.590303467608607,1920.9018590757,547.99917782484101,301.08895435750497,165.31789133838399,27.345975463455598,16.407900764744099,0.36472254229805701,0.41494020000307802,10564.0843986527,4571.6179215021803,0,20,636.96914039035096,636.96914039035096,0,0,0,0.75366269339603698,5.2313636978545599,20.000000140498699,2950.4379573586898,31025.127156904498,2.8007183695330702,102.28469605428501,3.5790508263744401e-06,1,1,0,104.839935807651,219.10252376265399,105.144860554736,9.1177274002547097,57
34.700000000000003,20.002565695806499,309.04013932044899,50.567224547863802,13563.073206139599,1371.6274157396699,1372.9026812515101,0,211.23646618788499,6029.6657707378499,4845.3762040683496,793.96898276763704,10846.2213412079,10923.811644675499,77.590303467608607,1920.9018590757,547.99917782484101,303.08895437155502,166.42189169279499,27.521975427754899,16.510134618559999,0.3663242487799,0.41614020000311203,10634.9848750197,4602.5183858411701,0,20,637.04013932044904,637.04013932044904,0,0,0,0.75374311059950705,5.23134922056125,20.000000141635599,2951.1159471994501,31039.387506140902,2.8007184409053898,102.281767938963,3.5935827327193701e-06,1,1,0,104.839935807651,219.10252376265399,105.144860554736,9.1177274002547097,57
34.799999999999997,20.002565950463602,309.11112186806901,50.566500878848302,13644.5596119244,1380.8241391946401,1372.9026812515101,0,212.621500574663,6069.6657826903502,4859.7053660724596,796.28705000740899,10918.5139510313,10996.1042544989,77.590303467608607,1920.9018590757,547.99917782484101,305.08895438560199,167.52589204711799,27.697975392032699,16.612367025125302,0.367925910392704,0.41734020000314698,10705.8924504565,4633.4259492540496,0,20,637.11112186806895,637.11112186806895,0,0,0,0.75382351301130401,5.2313347461380904,20.000000140498699,2951.79378059907,31053.647840324302,2.8007185122185101,102.278840445223,3.6079982237424701e-06,1,1,0,104.839935807651,219.10252376265399,105.144860554736,9.1177274002547097,57
34.899999999999999,20.0025662051609,309.18208803699099,50.565777353085203,13726.055183276099,1390.0229316554801,1372.9026812515101,0,214.006533469506,6109.6657946387404,4874.0411097655096,798.60564955486598,10990.8136567946,11068.4039602622,77.590303467608607,1920.9018590757,547.99917782484101,307.08895439964499,168.62989240135099,27.873975356289101,16.714597984726598,0.36952752714598103,0.41854020000318098,10776.807123324899,4664.3406101027604,0,20,637.18208803699099,637.18208803699099,0,0,0,0.75390390007285502,5.23132027470223,20.000000138225001,2952.47145759364,31067.908157947,2.8007185835429098,102.275913572871,3.6224719224264799e-06,1,1,0,104.839935807651,219.10252376265399,105.144860554736,9.1177274002547097,57
35,20.002566460063701,309.25303783099901,50.565053970538401,13807.559918380401,1399.2237929452201,1372.9026812515101,0,215.39156487270901,6149.6658065829597,4888.3834351394999,800.92478128718096,11063.120456860201,11140.7107603278,77.590303467608607,1920.9018590757,547.99917782484101,309.088954413686,169.73389275548999,28.049975320524201,16.8168274976505,0.37112909904924002,0.41974020000321599,10847.728891987401,4695.26236674964,0,20,637.25303783099901,637.25303783099901,0,0,0,0.75398426896749704,5.2313058062536602,20.000000140498699,2953.1489782192998,31082.168457502899,2.8007186549248502,102.272987321739,3.6378187360242001e-06,1,1,0,104.839935807651,219.10252376265399,105.144860554736,9.1177274002547097,57
35.100000000000001,20.002566714671499,309.32397125386098,50.564330731218298,13889.0738154231,1408.42672288685,1372.9026812515101,0,216.77659478456701,6189.6658185229899,4902.73234218575,803.24444508155898,11135.4343495912,11213.024653058799,77.590303467608607,1920.9018590757,547.99917782484101,311.08895442772501,170.83789310954299,28.225975284737899,16.919055564183399,0.37273062611198898,0.42094020000325,10918.6577548064,4726.1912175573898,0,20,637.32397125386103,637.32397125386103,0,0,0,0.75406462307394595,5.2312913404409498,20.000000140498699,2953.8263425120399,31096.428737484399,2.8007187262242002,102.27006169184099,3.6521651054499701e-06,1,1,0,104.839935807651,219.10252376265399,105.144860554736,9.1177274002547097,57
35.200000000000003,20.002566969271001,309.39488830936199,50.5636076350794,13970.5968725903,1417.6317213032901,1372.9026812515101,0,218.16162320537899,6229.66583045888,4917.0878308948804,805.56464081522802,11207.7553333509,11285.3456368185,77.590303467608607,1920.9018590757,547.99917782484101,313.08895444176,171.94189346350001,28.401975248930299,17.021282184611799,0.37433210834373398,0.422140200003285,10989.5937101453,4757.1271608890402,0,20,637.39488830936205,637.39488830936205,0,0,0,0.75414496071043402,5.2312768776155396,20.000000141635599,2954.50355050799,31110.688996387798,2.8007187975212,102.267136682971,3.6666751839220498e-06,1,1,0,104.839935807651,219.10252376265399,105.144860554736,9.1177274002547097,57
35.299999999999997,20.0025672236589,309.46578900127599,50.562884682111999,14052.129088068599,1426.83878801737,1372.9026812515101,0,219.54665013544101,6269.6658423906501,4931.4499012568103,807.88536836544597,11280.083406502899,11357.673709970501,77.590303467608607,1920.9018590757,547.99917782484101,315.08895445579299,173.045893817371,28.577975213101301,17.123507359222,0.37593354575397903,0.42334020000331901,11060.536756367301,4788.07019510809,0,20,637.46578900127599,637.46578900127599,0,0,0,0.75422528356779905,5.2312624176017,20.000000140498699,2955.1806022431902,31124.949232709201,2.8007188687589499,102.26421229506199,3.6811707104789102e-06,1,1,0,104.839935807651,219.10252376265399,105.144860554736,9.1177274002547097,57
35.399999999999999,20.002567478128501,309.53667333337899,50.562161872274103,14133.670460044699,1436.04792285186,1372.9026812515101,0,220.931675575046,6309.6658543182502,4945.8185532607804,810.20662760950302,11352.4185674117,11430.008870879299,77.590303467608607,1920.9018590757,547.99917782484101,317.08895446982302,174.14989417115001,28.753975177251,17.2257310883004,0.37753493835222701,0.42454020000335402,11131.486891836401,4819.0203185783303,0,20,637.53667333337899,637.53667333337899,0,0,0,0.75430559108858997,5.2312479605751596,20.000000138225001,2955.8574977537201,31139.2094449459,2.8007189400195802,102.26128852792201,3.6957353586331001e-06,1,1,0,104.839935807651,219.10252376265399,105.144860554736,9.1177274002547097,57
35.5,20.002567732724401,309.60754130944798,50.561439205534803,14215.220986705701,1445.25912562949,1372.9026812515101,0,222.31669952449101,6349.6658662416603,4960.19378689531,812.52841842471298,11424.760814441501,11502.3511179091,77.590303467608607,1920.9018590757,547.99917782484101,319.08895448384999,175.253894524836,28.929975141379298,17.327953372133202,0.37913628614797701,0.42574020000338803,11202.4441149168,4849.97752966402,0,20,637.60754130944804,637.60754130944804,0,0,0,0.75438588045354804,5.2312335064187598,20.000000140498699,2956.5342370756098,31153.469631596399,2.8007190113155902,102.2583653814,3.7102472560945898e-06,1,1,0,104.839935807651,219.10252376265399,105.144860554736,9.1177274002547097,57
35.600000000000001,20.002567987048401,309.67839293325397,50.560716681897603,14296.780666238899,1454.4723961728801,1372.9026812515101,0,223.701721984073,6389.6658781609704,4974.5756021482603,814.85074068841902,11497.1101459573,11574.700449424899,77.590303467608607,1920.9018590757,547.99917782484101,321.08895449787502,176.35789487843601,29.105975105486401,17.430174211006701,0.38073758915072697,0.42694020000342298,11273.408423973,4880.9418267297297,0,20,637.67839293325403,637.67839293325403,0,0,0,0.75446615504173598,5.2312190547810804,20.000000140498699,2957.2108202448999,31167.72979116,2.80071908253547,102.255442855485,3.7248100852593801e-06,1,1,0,104.839935807651,219.10252376265399,105.144860554736,9.1177274002547097,57
35.700000000000003,20.0025682413902,309.74922820857302,50.559994301319001,14378.349496832199,1463.6877343046001,1372.9026812515101,0,225.086742954085,6429.6658900761304,4988.9639990067799,817.17359427799499,11569.466560324299,11647.056863792001,77.590303467608607,1920.9018590757,547.99917782484101,323.08895451189699,177.46189523193999,29.281975069572301,17.532393605207101,0.38233884736997398,0.42814020000345698,11344.3798173701,4911.9132081403804,0,20,637.74922820857398,637.74922820857398,0,0,0,0.75454641317470805,5.2312046061892596,20.000000141635599,2957.88724729764,31181.9899221372,2.8007191537602898,102.252520949976,3.7394838727777798e-06,1,1,0,104.839935807651,219.10252376265399,105.144860554736,9.1177274002547097,57
35.799999999999997,20.0025684954641,309.82004713917598,50.559272063795497,14459.9274766735,1472.90513984718,1372.9026812515101,0,226.471762434824,6469.6659019870704,5003.3589774573402,819.49697907084305,11641.8300559082,11719.420359375799,77.590303467608607,1920.9018590757,547.99917782484101,325.08895452591503,178.565895585357,29.457975033636799,17.634611555020498,0.38394006081521298,0.42934020000349199,11415.3582934731,4942.8916722613603,0,20,637.82004713917604,637.82004713917604,0,0,0,0.75462665654796102,5.2311901607018898,20.000000140498699,2958.5635182698402,31196.250023029399,2.8007192249101198,102.249599664836,3.7540739867836199e-06,1,1,0,104.839935807651,219.10252376265399,105.144860554736,9.1177274002547097,57
35.899999999999999,20.002568749634001,309.89084972883501,50.558549969276299,14541.5146039511,1482.1246126230201,1372.9026812515101,0,227.856780426585,6509.6659138938903,5017.7605374856803,821.82089494438799,11714.200631075,11791.7909345426,77.590303467608607,1920.9018590757,547.99917782484101,327.08895453993199,179.669895938683,29.633974997679999,17.736828060733099,0.385541229495936,0.430540200003526,11486.3438506481,4973.8772174583601,0,20,637.89084972883495,637.89084972883495,0,0,0,0.75470688459254998,5.2311757179089504,20.000000138225001,2959.2396331975101,31210.510092339198,2.8007192960868301,102.246678999832,3.76874959329143e-06,1,1,0,104.839935807651,219.10252376265399,105.144860554736,9.1177274002547097,57
36,20.002569003916602,309.96163598131898,50.557828017736199,14623.1108768536,1491.34615245451,1372.9026812515101,0,229.24179692966501,6549.6659257965603,5032.1686790768999,824.14534177608903,11786.578284191,11864.1685876586,77.590303467608607,1920.9018590757,547.99917782484101,329.08895455394497,180.77389629191501,29.809974961702,17.839043122630802,0.387142353421635,0.431740200003561,11557.3364872611,5004.8698420974497,0,20,637.96163598131898,637.96163598131898,0,0,0,0.75478709449356296,5.2311612779275798,20.000000140498699,2959.9155921166498,31224.7701285701,2.8007193672951201,102.243758954839,3.7834543036297002e-06,1,1,0,104.839935807651,219.10252376265399,105.144860554736,9.1177274002547097,57
36.100000000000001,20.002569257949599,310.032405900399,50.557106209173803,14704.7162935701,1500.56975916393,1372.9026812515101,0,230.626811944358,6589.6659376950702,5046.5834022153904,826.47031944342905,11858.963013623001,11936.5533170906,77.590303467608607,1920.9018590757,547.99917782484101,331.08895456795602,181.87789664506101,29.985974925702799,17.941256740999499,0.388743432601796,0.43294020000359501,11628.336201678399,5035.8695445451403,0,20,638.032405900399,638.032405900399,0,0,0,0.75486728963848104,5.2311468408163604,20.000000140498699,2960.5913950632798,31239.030130226602,2.8007194384334801,102.240839529827,3.7980917113600299e-06,1,1,0,104.839935807651,219.10252376265399,105.144860554736,9.1177274002547097,57
36.200000000000003,20.002569511782902,310.10315948984299,50.556384543565201,14786.3308522896,1509.79543257354,1372.9026812515101,0,232.01182547095999,6629.66594958936,5061.0047068848298,828.79582782392595,11931.3548177381,12008.945121205699,77.590303467608607,1920.9018590757,547.99917782484101,333.08895458196298,182.98189699811101,30.161974889682401,18.043468916125398,0.39034446704590903,0.43414020000363002,11699.3429922669,5066.8763231682597,0,20,638.10315948984305,638.10315948984305,0,0,0,0.75494746889972397,5.2311324064581504,20.000000140498699,2961.2670420733698,31253.2900958145,2.80071950951596,102.237920724673,3.8127345760585702e-06,1,1,0,104.839935807651,219.10252376265399,105.144860554736,9.1177274002547097,57
36.299999999999997,20.002569765679102,310.173896753419,50.555663020873098,14867.954551201799,1519.02317250546,1372.9026812515101,0,233.396837509763,6669.6659614794999,5075.4325930682398,831.12186679511797,12003.7536949039,12081.3439983715,77.590303467608607,1920.9018590757,547.99917782484101,335.08895459596903,184.085897351071,30.3379748536404,18.145679648294099,0.39194545676345999,0.43534020000366402,11770.356857393899,5097.89017633401,0,20,638.17389675341894,638.17389675341894,0,0,0,0.75502763228251601,5.23111797497008,20.000000140498699,2961.9425331829102,31267.550023840198,2.8007195806160201,102.23500253920299,3.8274411053862397e-06,1,1,0,104.839935807651,219.10252376265399,105.144860554736,9.1177274002547097,57
36.399999999999999,20.0025700195308,310.244617694895,50.554941641113899,14949.587388496,1528.25297878169,1372.9026812515101,0,234.78184806105301,6709.6659733649803,5089.8670607479398,833.448436234577,12076.159643487599,12153.7499469552,77.590303467608607,1920.9018590757,547.99917782484101,337.08895460997098,185.18989770392801,30.513974817576301,18.247888937791199,0.39354640176393202,0.43654020000369897,11841.377795426401,5128.9111024098502,0,20,638.24461769489506,638.24461769489506,0,0,0,0.755107780923997,5.2311035467036104,20.000000138225001,2962.6178684278698,31281.809912811801,2.8007196517036301,102.23208497345701,3.8423459045589004e-06,1,1,0,104.839935807651,219.10252376265399,105.144860554736,9.1177274002547097,57
36.5,20.002570273660201,310.31532231803698,50.554220404119903,15031.229362362899,1537.4848512244,1372.9026812515101,0,236.16685712514399,6749.66598524655,5104.3081099055598,835.77553601990303,12148.5726618586,12226.162965326201,77.590303467608607,1920.9018590757,547.99917782484101,339.08895462396998,186.293898056698,30.6899747814915,18.350096784903101,0.39514730205680598,0.43774020000373298,11912.4058047333,5159.9390997640103,0,20,638.31532231803703,638.31532231803703,0,0,0,0.75518791143088904,5.2310891209558399,20.000000140498699,2963.2930478442199,31296.069761237799,2.80071972286899,102.22916802673301,3.8571524783037603e-06,1,1,0,104.839935807651,219.10252376265399,105.144860554736,9.1177274002547097,57
36.600000000000001,20.002570527108801,310.38601062661002,50.553499310116997,15112.880470993099,1546.7187896555099,1372.9026812515101,0,237.55186470231499,6789.6659971236604,5118.7557405220396,838.10316602871796,12220.9927483845,12298.5830518521,77.590303467608607,1920.9018590757,547.99917782484101,341.08895463796699,187.39789840936999,30.8659747453843,18.452303189915,0.39674815765156002,0.43894020000376799,11983.4408836819,5190.9741667646404,0,20,638.38601062660996,638.38601062660996,0,0,0,0.75526802718876895,5.23107469784392,20.000000140498699,2963.9680714679098,31310.3295676282,2.8007197938437298,102.22625169992,3.8721682358300296e-06,1,1,0,104.839935807651,219.10252376265399,105.144860554736,9.1177274002547097,57
36.700000000000003,20.002570780717299,310.456682624378,50.5527783589013,15194.540712575999,1555.95479389664,1372.9026812515101,0,238.93687079284999,6829.6660089958796,5133.2099525776202,840.43132613867897,12293.419901433899,12371.0102049015,77.590303467608607,1920.9018590757,547.99917782484101,343.08895465196099,188.50189876193099,31.041974709254202,18.554508153112302,0.39834896855767699,0.440140200003802,12054.4830306409,5222.0163017803197,0,20,638.456682624378,638.456682624378,0,0,0,0.75534812708533305,5.2310602778950201,20.000000140498699,2964.6429393348899,31324.589330493502,2.8007198648632299,102.223335992168,3.8873040466569398e-06,1,1,0,104.839935807651,219.10252376265399,105.144860554736,9.1177274002547097,57
36.799999999999997,20.002571034360098,310.52733831510602,50.552057550427101,15276.210085303601,1565.19286376982,1372.9026812515101,0,240.321875397062,6869.6660208639196,5147.6707460519001,842.76001622747106,12365.8541193773,12443.444422844899,77.590303467608607,1920.9018590757,547.99917782484101,345.08895466595197,189.60589911440101,31.217974673102798,18.656711674781199,0.39994973478462997,0.441340200003837,12125.53224398,5253.0655031804299,0,20,638.52733831510602,638.52733831510602,0,0,0,0.75542821111666103,5.2310458607576997,20.000000140498699,2965.3176514810998,31338.849048345801,2.80071993589236,102.22042090326801,3.9026617741910698e-06,1,1,0,104.839935807651,219.10252376265399,105.144860554736,9.1177274002547097,57
36.899999999999999,20.002571287813002,310.597977702555,50.551336884729601,15357.888587367701,1574.43299909692,1372.9026812515101,0,241.70687851525,6909.6660327277004,5162.1381209237497,845.08923617280402,12438.2954005842,12515.8857040518,77.590303467608607,1920.9018590757,547.99917782484101,347.08895467994103,190.709899466775,31.393974636930199,18.758913755207502,0.40155045634189102,0.44254020000387201,12196.5885220691,5284.1217693344297,0,20,638.597977702555,638.597977702555,0,0,0,0.75550828097913103,5.2310314465491103,20.000000137088101,2965.99220794248,31353.108719698099,2.80072000686829,102.21750643333699,3.91806861443911e-06,1,1,0,104.839935807651,219.10252376265399,105.144860554736,9.1177274002547097,57
37,20.002571541629901,310.66860079048797,50.550616361745298,15439.5762169601,1583.6751996996099,1372.9026812515101,0,243.09188014770601,6949.6660445872903,5176.6120771713604,847.41898585241699,12510.743743425101,12588.3340468927,77.590303467608607,1920.9018590757,547.99917782484101,349.08895469392598,191.81389981906199,31.569974600736401,18.861114394676498,0.40315113323893098,0.44374020000390602,12267.651863277701,5315.1850986122099,0,20,638.66860079048899,638.66860079048899,0,0,0,0.75558833160056205,5.2310170353278096,20.000000140498699,2966.6666087549402,31367.368343064001,2.8007200779461598,102.214592582094,3.9334117900580202e-06,1,1,0,104.839935807651,219.10252376265399,105.144860554736,9.1177274002547097,57
37.100000000000001,20.002571795039401,310.73920758266598,50.549895981503298,15521.2729722728,1592.91946539952,1372.9026812515101,0,244.476880294729,6989.6660564427802,5191.0926147722403,849.74926514407696,12583.199146270301,12660.7894497379,77.590303467608607,1920.9018590757,547.99917782484101,351.08895470790901,192.91790017125399,31.7459745645216,18.963313593473899,0.40475176548522102,0.44494020000394102,12338.722265975801,5346.2554893839997,0,20,638.73920758266604,638.73920758266604,0,0,0,0.75566836804909399,5.2310026265666396,20.000000140498699,2967.3408539543898,31381.6279169585,2.8007201489099298,102.21167934963201,3.9486985770054204e-06,1,1,0,104.839935807651,219.10252376265399,105.144860554736,9.1177274002547097,57
37.200000000000003,20.0025720483486,310.80979808284798,50.549175743964398,15602.978851498099,1602.1657960182199,1372.9026812515101,0,245.86187895661101,7029.6660682941001,5205.57973370322,852.08007392558204,12655.6616074908,12733.251910958399,77.590303467608607,1920.9018590757,547.99917782484101,353.08895472188999,194.02190052335601,31.921974528285698,19.065511351885,0.40635235309022899,0.44614020000397497,12409.799728534501,5377.3329400203902,0,20,638.80979808284803,638.80979808284803,0,0,0,0.75574838864240501,5.2309882206170402,20.000000140498699,2968.0149435767498,31395.887439897801,2.80072021984564,102.20876673576799,3.9641581679461498e-06,1,1,0,104.839935807651,219.10252376265399,105.144860554736,9.1177274002547097,57
37.299999999999997,20.002572301745701,310.880372294795,50.548455649085199,15684.693852828699,1611.41419137719,1372.9026812515101,0,247.24687613364901,7069.6660801411899,5220.0734339404298,854.411412074753,12728.131125458,12805.721428925601,77.590303467608607,1920.9018590757,547.99917782484101,355.08895473586699,195.12590087536799,32.097974492028598,19.167707670195401,0.407952896063417,0.44734020000400998,12480.884249324599,5408.41744889239,0,20,638.88037229479505,638.88037229479505,0,0,0,0.75582839339275898,5.2309738179476204,20.000000140498699,2968.6888776579199,31410.1469103989,2.8007202908059599,102.20585474030101,3.9796141209080798e-06,1,1,0,104.839935807651,219.10252376265399,105.144860554736,9.1177274002547097,57
37.399999999999999,20.0025725549004,310.95093022226501,50.547735696876202,15766.417974457599,1620.66465129785,1372.9026812515101,0,248.63187182613501,7109.6660919841297,5234.5737154593298,856.74327946944595,12800.607698543299,12878.1980020109,77.590303467608607,1920.9018590757,547.99917782484101,357.08895474984098,196.22990122728399,32.273974455750697,19.269902548690201,0.40955339441425598,0.44854020000404399,12551.9758267173,5439.5090143713596,0,20,638.95093022226501,638.95093022226501,0,0,0,0.755908383986584,5.2309594181483403,20.000000137088101,2969.3626562337899,31424.406326979799,2.80072036169839,102.20294336325,3.9950937207322602e-06,1,1,0,104.839935807651,219.10252376265399,105.144860554736,9.1177274002547097,57
37.5,20.002572808419199,311.02147186901402,50.547015887271897,15848.1512145779,1629.9171756015501,1372.9026812515101,0,250.01686603436301,7149.6661038228103,5249.0805782346897,859.07567598754201,12873.091325118799,12950.681628586401,77.590303467608607,1920.9018590757,547.99917782484101,359.08895476381298,197.333901579111,32.449974419451003,19.372095987654902,0.41115384815220701,0.44974020000407899,12623.074459084701,5470.6076348290098,0,20,639.02147186901402,639.02147186901402,0,0,0,0.75598835534556996,5.2309450209849198,20.000000140498699,2970.0362793402301,31438.665688159501,2.8007204326927702,102.200032604325,4.0107224776875202e-06,1,1,0,104.839935807651,219.10252376265399,105.144860554736,9.1177274002547097,57
37.600000000000001,20.0025730610677,311.09199723879902,50.546296220488699,15929.893571382099,1639.1717641093101,1372.9026812515101,0,251.40185875859399,7189.6661156561404,5263.5940222406098,861.40860150694698,12945.582003555201,13023.1723070228,77.590303467608607,1920.9018590757,547.99917782484101,361.08895477778299,198.43790193081099,32.625974383128103,19.474287987373401,0.41275425728673498,0.450940200004113,12694.180144796799,5501.7133086370404,0,20,639.09199723879897,639.09199723879897,0,0,0,0.75606831254128604,5.2309306262230404,20.000000140498699,2970.7097470131098,31452.9249924582,2.8007205034434501,102.197122464375,4.0266204450745102e-06,1,1,0,104.839935807651,219.10252376265399,105.144860554736,9.1177274002547097,57
37.700000000000003,20.002573314129599,311.16250633537697,50.545576696126503,16011.645043063199,1648.4284166421701,1372.9026812515101,0,252.78684999913401,7229.6661274845501,5278.11404745049,863.74205590559495,13018.079732226,13095.6700356936,77.590303467608607,1920.9018590757,547.99917782484101,363.08895479174902,199.5419022824,32.801974346780597,19.576478548131501,0.41435462182730398,0.45214020000414801,12765.292882227101,5532.8260341681098,0,20,639.162506335378,639.162506335378,0,0,0,0.75614825390696705,5.2309162347412803,20.000000140498699,2971.3830592883101,31467.184238397,2.8007205743099202,102.19421294176,4.0429113141726702e-06,1,1,0,104.839935807651,219.10252376265399,105.144860554736,9.1177274002547097,57
37.799999999999997,20.0025735671218,311.23299916250301,50.544857314266103,16093.405627817199,1657.6871330217,1372.9026812515101,0,254.171839756303,7269.6661393087998,5292.6406538370402,866.07603906145698,13090.584509505499,13168.1748129731,77.590303467608607,1920.9018590757,547.99917782484101,365.08895480571198,200.64590263389999,32.977974310412897,19.678667670215098,0.41595494178336001,0.45334020000418201,12836.412669749399,5563.9458097953402,0,20,639.23299916250301,639.23299916250301,0,0,0,0.75622817943453102,5.2309018460710499,20.000000140498699,2972.0562162016799,31481.443424498098,2.80072064515684,102.19130403678101,4.0592167351860604e-06,1,1,0,104.839935807651,219.10252376265399,105.144860554736,9.1177274002547097,57
37.899999999999999,20.002573820141201,311.30347572392901,50.544138074920802,16175.175323838899,1666.9479130690299,1372.9026812515101,0,255.556828030395,7309.6661511288403,5307.1738413723097,868.41055085252299,13163.0963337672,13240.686637234799,77.590303467608607,1920.9018590757,547.99917782484101,367.08895481967301,201.74990298530301,33.153974274023298,19.780855353909399,0.417555217164359,0.45454020000421702,12907.539505737001,5595.0726338920003,0,20,639.30347572392895,639.30347572392895,0,0,0,0.75630809082786599,5.2308874606809397,20.000000137088101,2972.7292177890699,31495.702549284699,2.8007207160113898,102.188395749466,4.0754166548140296e-06,1,1,0,104.839935807651,219.10252376265399,105.144860554736,9.1177274002547097,57
38,20.002574073274101,311.37393602341098,50.543418978062803,16256.9541293232,1676.21075660521,1372.9026812515101,0,256.94181482170598,7349.6661629447299,5321.7136100277503,870.745591156817,13235.615203384999,13313.205506852601,77.590303467608607,1920.9018590757,547.99917782484101,369.08895483363102,202.85390333661999,33.329974237614003,19.8830415994993,0.41915544797975401,0.45574020000425097,12978.6733885635,5626.2065048317199,0,20,639.37393602341103,639.37393602341103,0,0,0,0.75638798299268395,5.2308730775752101,20.000000140498699,2973.40206408632,31509.961611281102,2.80072078689772,102.18548807968,4.0918112063081901e-06,1,1,0,104.839935807651,219.10252376265399,105.144860554736,9.1177274002547097,57
38.100000000000001,20.002574326228501,311.44438006469898,50.542700023692497,16338.742042465001,1685.47566345118,1372.9026812515101,0,258.32680013052902,7389.6661747564904,5336.2599597738599,873.08115985238396,13308.141116733201,13385.7314202008,77.590303467608607,1920.9018590757,547.99917782484101,371.08895484758602,203.95790368784299,33.505974201182198,19.985226407270002,0.42075563423899498,0.45694020000428598,13049.8143166029,5657.3474209884798,0,20,639.44438006469898,639.44438006469898,0,0,0,0.75646786102491703,5.2308586975738702,20.000000140498699,2974.0747551292702,31524.2206090125,2.8007208577340799,102.182581027399,4.1081239032791902e-06,1,1,0,104.839935807651,219.10252376265399,105.144860554736,9.1177274002547097,57
38.200000000000003,20.002574579002601,311.51480785154502,50.541981211784602,16420.53906146,1694.74263342784,1372.9026812515101,0,259.71178395715901,7429.6661865640999,5350.8128905807498,875.41725681730497,13380.674072186301,13458.2643756539,77.590303467608607,1920.9018590757,547.99917782484101,373.08895486153898,205.061904038975,33.6819741647314,20.087409777506299,0.42235577595153101,0.45814020000431999,13120.962288229501,5688.4953807366701,0,20,639.51480785154502,639.51480785154502,0,0,0,0.75654772323136898,5.2308443205012098,20.000000140498699,2974.74729095372,31538.479541005199,2.8007209285199202,102.179674592495,4.1244802559958796e-06,1,1,0,104.839935807651,219.10252376265399,105.144860554736,9.1177274002547097,57
38.299999999999997,20.002574831720199,311.58521938770099,50.541262542305802,16502.3451845038,1704.011666356,1372.9026812515101,0,261.09676630189102,7469.6661983675303,5365.37240241772,877.75388192968398,13453.2140681196,13530.804371587201,77.590303467608607,1920.9018590757,547.99917782484101,375.08895487548801,206.16590439001999,33.857974128257602,20.1895917104932,0.42395587312681099,0.45934020000435499,13192.117301818,5719.650382451,0,20,639.58521938770104,639.58521938770104,0,0,0,0.75662756961024602,5.2308299461229399,20.000000140498699,2975.41967159552,31552.7384057866,2.80072099928997,102.17676877481099,4.1409111872781102e-06,1,1,0,104.839935807651,219.10252376265399,105.144860554736,9.1177274002547097,57
38.399999999999999,20.002575084325901,311.655614676916,50.540544015236598,16584.160409792399,1713.2827620564301,1372.9026812515101,0,262.48174716501802,7509.6662101668398,5379.9384952534201,880.09103506765405,13525.7611029084,13603.351406375999,77.590303467608607,1920.9018590757,547.99917782484101,377.088954889435,207.269904740968,34.033974091764797,20.2917722065155,0.42555592577427898,0.460540200004389,13263.2793557437,5750.8124245066301,0,20,639.655614676916,639.655614676916,0,0,0,0.75670740186024299,5.2308155746147804,20.000000137088101,2976.09189709046,31566.9972018851,2.8007210700286702,102.173863574243,4.1574676288291803e-06,1,1,0,104.839935807651,219.10252376265399,105.144860554736,9.1177274002547097,57
38.5,20.002575337341302,311.72599372293797,50.539825630515303,16665.984735522299,1722.5559203498201,1372.9026812515101,0,263.86672654683503,7549.6662219620302,5394.5111690557897,882.42871610938198,13598.315174928701,13675.9054783963,77.590303467608607,1920.9018590757,547.99917782484101,379.08895490337898,208.37390509183001,34.209974055249297,20.393951265858099,0.42715593390338003,0.46174020000442401,13334.4484483821,5781.98150527902,0,20,639.72599372293803,639.72599372293803,0,0,0,0.756787214911536,5.2308012062110096,20.000000140498699,2976.76396747432,31581.255927829799,2.8007211408821,102.170958990516,4.1739094740478296e-06,1,1,0,104.839935807651,219.10252376265399,105.144860554736,9.1177274002547097,57
38.600000000000001,20.002575589881499,311.796356529516,50.539107388179197,16747.818159890001,1731.8311410567901,1372.9026812515101,0,265.25170444763597,7589.6662337530297,5409.0904237921304,884.76692493305404,13670.876282556201,13748.4665860238,77.590303467608607,1920.9018590757,547.99917782484101,381.08895491732,209.477905442599,34.385974018714599,20.4961288888057,0.42875589752355597,0.46294020000445801,13405.6245781089,5813.1576231440504,0,20,639.79635652951595,639.79635652951595,0,0,0,0.75686701383438504,5.2307868404430602,20.000000140498699,2977.4358827829201,31595.5145821513,2.80072121160247,102.168055023756,4.1903549572452903e-06,1,1,0,104.839935807651,219.10252376265399,105.144860554736,9.1177274002547097,57
38.700000000000003,20.002575842428499,311.86670310039602,50.538389288171302,16829.660681092701,1741.1084239979,1372.9026812515101,0,266.63668086771702,7629.66624553988,5423.6762594290303,887.10566141689003,13743.444424167799,13821.0347276354,77.590303467608607,1920.9018590757,547.99917782484101,383.08895493125902,210.58190579327601,34.561973982157603,20.598305075643101,0.43035581664424599,0.46414020000449302,13476.8077433003,5844.3407764779704,0,20,639.86670310039597,639.86670310039597,0,0,0,0.75694679694056799,5.2307724773694897,20.000000140498699,2978.1076430520302,31609.773163380902,2.8007212823247301,102.16515167371,4.2067658796440801e-06,1,1,0,104.839935807651,219.10252376265399,105.144860554736,9.1177274002547097,57
38.799999999999997,20.002576094855499,311.93703343932498,50.5376713304749,16911.512297327299,1750.3877689936201,1372.9026812515101,0,268.02165580737102,7669.6662573226204,5438.2686759324297,889.44492543912997,13816.019598140299,13893.609901607901,77.590303467608607,1920.9018590757,547.99917782484101,385.08895494519498,211.685906143865,34.737973945580997,20.700479826654899,0.43195569127488798,0.46534020000452703,13547.997942333201,5875.5309636573902,0,20,639.93703343932498,639.93703343932498,0,0,0,0.75702656423848003,5.2307581172831696,20.000000140498699,2978.7792483174198,31624.031670051001,2.8007213530133899,102.162248940284,4.2233023123117198e-06,1,1,0,104.839935807651,219.10252376265399,105.144860554736,9.1177274002547097,57
38.899999999999999,20.002576347155401,312.007347550048,50.536953515069698,16993.3730067918,1759.6691758643799,1372.9026812515101,0,269.40662926688901,7709.6662691011998,5452.8676732675804,891.78471687805904,13888.601802850901,13966.1921063186,77.590303467608607,1920.9018590757,547.99917782484101,387.08895495912799,212.789906494359,34.913973908982598,20.8026531421262,0.43355552142491999,0.46654020000456198,13619.195173584299,5906.7281830592901,0,20,640.00734755004805,640.00734755004805,0,0,0,0.75710631742231105,5.2307437601255398,20.000000137088101,2979.4506986148699,31638.290100695402,2.8007214236664599,102.159346823373,4.2398496589157696e-06,1,1,0,104.839935807651,219.10252376265399,105.144860554736,9.1177274002547097,57
39,20.002576599807799,312.077645436311,50.536235841892598,17075.242807684001,1768.95264443056,1372.9026812515101,0,270.79160124656897,7749.66628087558,5467.4732513990402,894.125035611974,13961.191036677499,14038.7813401451,77.590303467608607,1920.9018590757,547.99917782484101,389.08895497305798,213.89390684476601,35.089973872364098,20.904825022340599,0.43515530710377398,0.46774020000459599,13690.3994354312,5937.9324330610498,0,20,640.07764543631095,640.07764543631095,0,0,0,0.75718605141378204,5.2307294057208598,20.000000140498699,2980.1219939801199,31652.5484538483,2.8007214944182501,102.156445322696,4.2562551243463497e-06,1,1,0,104.839935807651,219.10252376265399,105.144860554736,9.1177274002547097,57
39.100000000000001,20.0025768521147,312.14792710185498,50.535518310970403,17157.1216982019,1778.2381745124301,1372.9026812515101,0,272.17657174670398,7789.6662926458703,5482.0854102907197,896.46588151920798,14033.787297998,14111.3776014656,77.590303467608607,1920.9018590757,547.99917782484101,391.08895498698598,214.99790719507999,35.265973835724601,21.006995467583302,0.43675504832088402,0.46894020000463099,13761.6107262516,5969.1437120404298,0,20,640.14792710185498,640.14792710185498,0,0,0,0.75726577185138999,5.2307150537762697,20.000000139361902,2980.7931344489298,31666.806728045201,2.8007215650732902,102.15354443833699,4.2726351239252802e-06,1,1,0,104.839935807651,219.10252376265399,105.144860554736,9.1177274002547097,57
39.200000000000003,20.0025771043125,312.21819255042601,50.534800922263003,17239.009676544301,1787.5257659302299,1372.9026812515101,0,273.56154076758702,7829.6663044120296,5496.7041499058296,898.80725447811699,14106.3905851907,14183.9808886583,77.590303467608607,1920.9018590757,547.99917782484101,393.08895500091103,216.101907545302,35.441973799064201,21.109164478138599,0.43835474508568001,0.470140200004665,13832.829044423401,6000.3620183754902,0,20,640.21819255042601,640.21819255042601,0,0,0,0.75734547537466401,5.2307007054046801,20.000000140498699,2981.46412005704,31681.064921822701,2.8007216356977702,102.15064417011,4.2891788325505297e-06,1,1,0,104.839935807651,219.10252376265399,105.144860554736,9.1177274002547097,57
39.299999999999997,20.002577356521801,312.28844178576298,50.534083675736802,17320.906740909701,1796.8154185041001,1372.9026812515101,0,274.94650830951502,7869.6663161740098,5511.3294702069297,901.14915436708702,14179.000896634499,14256.591200102101,77.590303467608607,1920.9018590757,547.99917782484101,395.088955014833,217.20590789543701,35.617973762383599,21.211332054290899,0.43995439740759101,0.47134020000470001,13904.054388325299,6031.58735044478,0,20,640.28844178576298,640.28844178576298,0,0,0,0.75742516366180701,5.2306863597274598,20.000000140498699,2982.13495084019,31695.3230337184,2.8007217063254601,102.147744517855,4.3056315917056096e-06,1,1,0,104.839935807651,219.10252376265399,105.144860554736,9.1177274002547097,57
39.399999999999999,20.0025776085742,312.35867481160898,50.533366571378899,17402.812889497502,1806.10713205415,1372.9026812515101,0,276.331474372777,7909.66632793184,5525.9613711558704,903.49158106453501,14251.6182307086,14329.208534176199,77.590303467608607,1920.9018590757,547.99917782484101,397.08895502875203,218.30990824547601,35.793973725681298,21.313498196324701,0.44155400529604399,0.47254020000473401,13975.2867563361,6062.8197066271496,0,20,640.35867481160903,640.35867481160903,0,0,0,0.75750483784508904,5.2306720168032097,20.000000137088101,2982.8056268340902,31709.5810622709,2.8007217769092301,102.144845481494,4.3221079977229204e-06,1,1,0,104.839935807651,219.10252376265399,105.144860554736,9.1177274002547097,57
39.5,20.0025778606622,312.428891631704,50.532649609153403,17484.728120506999,1815.4009064003901,1372.9026812515101,0,277.71643895766903,7949.6663396855602,5540.59985271387,905.83453444890404,14324.242585792401,14401.83288926,77.590303467608607,1920.9018590757,547.99917782484101,399.08895504266798,219.41390859542901,35.969973688959698,21.4156629045243,0.44315356876046402,0.47374020000476902,14046.5261468351,6094.0590853018102,0,20,640.428891631704,640.428891631704,0,0,0,0.757584494541789,5.2306576766319202,20.000000137088101,2983.4761480744701,31723.839006019902,2.8007218475029698,102.141947060859,4.3388281483203198e-06,1,1,0,104.839935807651,219.10252376265399,105.144860554736,9.1177274002547097,57
39.600000000000001,20.002578112886901,312.499092249787,50.531932789026598,17566.6524321379,1824.6967413627899,1372.9026812515101,0,279.10140206448301,7989.6663514351503,5555.2449148414398,908.17801439866196,14396.873960266101,14474.4642637337,77.590303467608607,1920.9018590757,547.99917782484101,401.08895505658199,220.51790894528901,36.145973652215801,21.517826179173898,0.44475308781027201,0.47494020000480303,14117.772558201899,6125.3054848484098,0,20,640.49909224978705,640.49909224978705,0,0,0,0.75766413431896595,5.2306433392135796,20.000000139361902,2984.1465145970301,31738.096863505802,2.8007219181349998,102.139049255788,4.3554318835958796e-06,1,1,0,104.839935807651,219.10252376265399,105.144860554736,9.1177274002547097,57
39.700000000000003,20.002578364883799,312.56927666959598,50.531216111001598,17648.585822590401,1833.9946367612299,1372.9026812515101,0,280.48636369351601,8029.6663631805604,5569.8965574984304,910.52202079231097,14469.512352509601,14547.1026559772,77.590303467608607,1920.9018590757,547.99917782484101,403.088955070493,221.62190929505701,36.321973615452897,21.619988020557901,0.44635256245489302,0.47614020000483798,14189.0259888164,6156.55890364691,0,20,640.56927666959598,640.56927666959598,0,0,0,0.75774375887408796,5.2306290046653503,20.000000140498699,2984.8167264374601,31752.354633270101,2.8007219887032302,102.13615206627,4.3718900997191701e-06,1,1,0,104.839935807651,219.10252376265399,105.144860554736,9.1177274002547097,57
39.799999999999997,20.002578616772599,312.63944489487,50.530499575045603,17730.5282900647,1843.2945924155599,1372.9026812515101,0,281.87132384505998,8069.6663749218296,5584.55478064401,912.86655350837702,14542.157760903699,14619.748064371301,77.590303467608607,1920.9018590757,547.99917782484101,405.08895508440099,222.72590964473801,36.497973578667398,21.722148428960299,0.44795199270374397,0.47734020000487198,14260.286437059,6187.8193400776599,0,20,640.63944489487005,640.63944489487005,0,0,0,0.75782336877663403,5.2306146731043697,20.000000139361902,2985.4867836314802,31766.612313856,2.8007220592411901,102.133255492147,4.3886320781894003e-06,1,1,0,104.839935807651,219.10252376265399,105.144860554736,9.1177274002547097,57
39.899999999999999,20.002578868575601,312.70959692934298,50.529783181133197,17812.479832761499,1852.5966081455199,1372.9026812515101,0,283.25628251940799,8109.6663866589897,5599.2195842367,915.211612425412,14614.810183829501,14692.4004872971,77.590303467608607,1920.9018590757,547.99917782484101,407.088955098307,223.82990999432201,36.673973541862999,21.824307404665301,0.449551378566243,0.47854020000490699,14331.553901310401,6219.0867925214297,0,20,640.70959692934298,640.70959692934298,0,0,0,0.75790296346390595,5.2306003444720801,20.000000137088101,2986.1566862147502,31780.869903806499,2.8007221297551199,102.130359533293,4.4051957956980897e-06,1,1,0,104.839935807651,219.10252376265399,105.144860554736,9.1177274002547097,57
39.969999999999999,20.002579044802701,312.75869372195001,50.529281789893503,17869.851311443399,1859.1092448049601,1372.9026812515101,0,284.22575271267903,8137.6663948724899,5609.4888620950596,916.85346669189596,14665.671052657101,14743.2613561247,77.590303467608607,1920.9018590757,547.99917782484101,408.48895510803902,224.60271023897999,36.797173516087099,21.895817835355999,0.45067092226515498,0.47938020000493098,14381.4452999447,6240.9781828928699,0,20,640.75869372195098,640.75869372195098,0,0,0,0.75795866956663305,5.2305903161222398,20.000000137088101,2986.6255260487501,31790.850162064798,2.8007221791050698,102.128332728099,4.4167863961774898e-06,1,1,0,104.839935807651,219.10252376265399,105.144860554736,9.1177274002547097,57
39.979999999999997,20.002579069991199,312.76570690205801,50.529210168250998,17878.0475998703,1860.0397038628,1372.9026812515101,0,284.364248395505,8141.6663960456999,5610.9561650044498,917.08803834214802,14672.9371715452,14750.527475012799,77.590303467608607,1920.9018590757,547.99917782484101,408.688955109429,224.713110273929,36.814773512404201,21.9060335538781,0.45083085530439598,0.47950020000493399,14388.572923150001,6244.1058049179001,0,20,640.76570690205801,640.76570690205801,0,0,0,0.75796662581424301,5.23058888324144,20.000000139361902,2986.69249698561,31792.2759095318,2.8007221861587501,102.128043209091,4.4184816943015903e-06,1,1,0,104.839935807651,219.10252376265399,105.144860554736,9.1177274002547097,57
39.990000000000002,20.002579095319302,312.77271992032502,50.529138548022203,17886.243979017101,1860.97018351815,1372.9026812515101,0,284.50274406356402,8145.6663972188799,5612.4235337175596,917.32261525222498,14680.2033605495,14757.793664017099,77.590303467608607,1920.9018590757,547.99917782484101,408.88895511081898,224.823510308875,36.832373508720401,21.916249258078398,0.45099078789994301,0.47962020000493799,14395.7006164862,6247.2334970739103,0,20,640.77271992032502,640.77271992032502,0,0,0,0.75797458247720595,5.2305874508292298,20.000000140498699,2986.7594663770001,31793.7016560663,2.80072219325154,102.127753696209,4.4201806304044996e-06,1,1,0,104.839935807651,219.10252376265399,105.144860554736,9.1177274002547097,57
40,20.002579120377799,312.77973277675397,50.529066929232599,17894.440448881898,1861.90068377083,1372.9026812515101,0,284.64123971685598,8149.6663983919698,5613.8909682343301,917.55719742200404,14687.4696196683,14765.059923135899,77.590303467608607,1920.9018590757,547.99917782484101,409.08895511220902,224.93391034382,36.849973505036601,21.926464947957101,0.45115072005180601,0.479740200004941,14402.828379951699,6250.3612593592998,0,20,640.77973277675403,640.77973277675403,0,0,0,0.75798254124231401,5.2305860185927404,20.000000137088101,2986.82643422295,31795.127401666799,2.8007222002688099,102.127464189555,4.4218068069312696e-06,1,1,0,104.839935807651,219.10252376265399,105.144860554736,9.1177274002547097,57
40.009999999999998,20.002579145514598,312.78674547135103,50.528995311854104,17902.637009463,1862.8312046206599,1372.9026812515101,0,284.779735355382,8153.6663995650097,5615.3584685547203,917.79178485136504,14694.735948900099,14772.3262523677,77.590303467608607,1920.9018590757,547.99917782484101,409.28895511360003,225.04431037876299,36.867573501352702,21.936680623514398,0.45131065175999302,0.479860200004945,14409.956213545,6253.4890917724497,0,20,640.78674547135097,640.78674547135097,0,0,0,0.757990497020682,5.2305845860047997,20.000000139361902,2986.8934005235201,31796.553146331898,2.80072220730802,102.12717468901501,4.4234511733520801e-06,1,1,0,104.839935807651,219.10252376265399,105.144860554736,9.1177274002547097,57
40.020000000000003,20.002579170832501,312.79375800411799,50.528923695884501,17910.833660758501,1863.7617460674501,1372.9026812515101,0,284.918230979143,8157.6664007380396,5616.8260346786901,918.02637754018599,14702.002348243201,14779.5926517108,77.590303467608607,1920.9018590757,547.99917782484101,409.48895511499001,225.154710413706,36.885173497668902,21.9468962847508,0.45147058302451398,0.47998020000494801,14417.0841172644,6256.6169943117402,0,20,640.79375800411799,640.79375800411799,0,0,0,0.75799845377300901,5.2305831535925904,20.000000139361902,2986.96036527873,31797.978890060102,2.8007222143979398,102.12688519458101,4.4251391955185699e-06,1,1,0,104.839935807651,219.10252376265399,105.144860554736,9.1177274002547097,57
40.030000000000001,20.0025791960744,312.80077037505902,50.528852081338997,17919.030402766701,1864.6923081110399,1372.9026812515101,0,285.05672658813802,8161.6664019110503,5618.2936666061896,918.26097548834605,14709.2688176961,14786.859121163699,77.590303467608607,1920.9018590757,547.99917782484101,409.68895511637999,225.26511044864901,36.902773493985102,21.9571119316665,0.451630513845379,0.48010020000495202,14424.2120911083,6259.7449669755397,0,20,640.80077037505896,640.80077037505896,0,0,0,0.758006410368115,5.2305817212389503,20.000000139361902,2987.0273284886098,31799.404632849801,2.8007222214665899,102.12659570631401,4.42681630374864e-06,1,1,0,104.839935807651,219.10252376265399,105.144860554736,9.1177274002547097,57
40.100000000000001,20.002579372295699,312.84985244083703,50.528350819311498,17976.410136627001,1871.20681911109,1372.9026812515101,0,286.02619543769401,8189.6664101207698,5628.5689325940502,919.90330837675901,14760.136066802001,14837.7263702696,77.590303467608607,1920.9018590757,547.99917782484101,411.08895512611002,226.03791069322401,37.025973468190301,22.028621059119502,0.45275001716984598,0.480940200004976,14474.109871364601,6281.6427389727396,0,20,640.84985244083703,640.84985244083703,0,0,0,0.75806210210883995,5.2305716951734897,20.000000139361902,2987.49602769176,31809.384805982401,2.80072227081493,102.124569460777,4.4384978536982098e-06,1,1,0,104.839935807651,219.10252376265399,105.144860554736,9.1177274002547097,57
40.200000000000003,19.947842402195501,312.919915841197,50.537185824523903,18058.3807129333,1880.51315704795,1372.9026812515101,0,287.41049145229499,8229.6456057012692,5643.2534770929797,922.24994515398998,14832.7645885896,14910.354892057199,77.590303467608607,1920.9018590757,547.99917782484101,413.08843404064402,227.141336522128,37.2019150955364,22.1307503295379,0.45434930510278099,0.48214020000501001,14545.354097137601,6312.9230765205702,0,19.906757543732901,636.40982140487404,636.40982140487404,0,0,0,0.73685413062513005,5.2040814054173996,19.945266432159801,2988.1650838815799,31823.63396227,2.7854149155197998,102.160286042498,4.4543194235302499e-06,1,1,0.063384548583699907,104.839935807651,219.10252376265399,105.144860554736,9.1177274002547097,57
40.299999999999997,19.562791396635799,312.98795712717401,50.712922888551901,18139.210853561199,1889.56294259216,1372.9026812515101,0,288.76215924567902,8268.5898855441992,5657.9445251860798,924.59710152146999,14903.8332077998,14981.4235112674,77.590303467608607,1920.9018590757,547.99917782484101,415.061833304684,228.216198705062,37.374945691523699,22.231720714720201,0.45595393438382598,0.48334020000504502,14615.071048554501,6343.8022433593196,0,19.523621946638102,618.09381485057997,618.09381485057997,0,0,0,0.727361694383723,5.1119381509545798,19.560243086971202,2988.81483030144,31837.4749246586,2.67891965059802,102.872021916009,4.4647022150456897e-06,1,1,0.36981336422986499,104.839935807651,219.10252376265399,105.144860554736,9.1177274002547097,57
40.399999999999999,19.191052021718502,313.05307845528699,50.920199494234097,18217.513725036199,1898.0558993475499,1372.9026812515101,0,290.06735867821101,8306.0580410094099,5672.64182421634,926.94475718545698,14972.8004757742,15050.390779241799,77.590303467608607,1920.9018590757,547.99917782484101,416.99747283509402,229.250319848934,37.543788319826596,22.331139692905801,0.45757061655699799,0.48454020000507902,14682.733117096401,6374.0970007426404,0,19.1531398041942,600.60853566376295,600.60853566376295,0,0,0,0.71775584583558505,5.0389686950413397,19.188531025520199,2989.4366931776299,31850.724727357901,2.57807534390215,103.714668661304,4.4749285734724296e-06,1,1,0.65930332154355598,104.839935807651,219.10252376265399,105.144860554736,9.1177274002547097,57
40.5,18.8317412788765,313.11537810347198,51.119637097818703,18293.2334652799,1905.9977412025501,1372.9026812515101,0,291.32843972449098,8342.12677976948,5687.3451059155004,929.29289061845805,15039.7643509436,15117.3546544112,77.590303467608607,1920.9018590757,547.99917782484101,418.89662163403398,230.24581708565799,37.708616245738597,22.429066509394101,0.45919968371199599,0.48574020000511398,14748.4359112195,6403.82669009247,0,18.795045801476199,583.91896590732597,583.91896590732597,0,0,0,0.70856459020321105,4.96879717515389,18.82924668962,2990.0316109953201,31863.403001586001,2.4824413571617798,104.528691880507,4.4853404688183201e-06,1,1,0.93258510335512101,104.839935807651,219.10252376265399,105.144860554736,9.1177274002547097,57
40.600000000000001,18.4845877585119,313.17495115060001,51.308450317029198,18366.495149001999,1913.4322978288301,1372.9026812515101,0,292.54759577020502,8376.8684882600792,5702.0541109036703,931.64148101571902,15104.817886962601,15182.4081904302,77.590303467608607,1920.9018590757,547.99917782484101,420.76050740493702,231.204688281041,37.869594905958401,22.525531808275399,0.46084057494297598,0.48694020000514798,14812.270291192701,6433.0100430400298,0,18.449082511225001,567.99181502622298,567.99181502622298,0,0,0,0.69980932426492803,4.90094785257011,18.482118675819901,2990.60049169085,31875.5287591587,2.3917598922148899,105.302282957402,4.4958542275708203e-06,1,1,1.1903648592223199,104.839935807651,219.10252376265399,105.144860554736,9.1177274002547097,57
40.700000000000003,18.149330532025701,313.23189063154899,51.487004067704397,18437.43165323,1920.4023988352501,1372.9026812515101,0,293.72691518326099,8410.3519930371094,5716.7685884859402,933.99050827787198,15168.0501096269,15245.640413094499,77.590303467608607,1920.9018590757,547.99917782484101,422.59033156148001,232.12883304822901,38.026883782759299,22.620565468504399,0.462492683779541,0.48814020000518299,14874.323194443999,6461.6654140151604,0,18.114989263905802,552.79494234094,552.79494234094,0,0,0,0.69146993587098504,4.8353591709088803,18.146886071690499,2991.1442236818598,31887.120625299802,2.3057873913250502,106.036463514712,4.5063752622809303e-06,1,1,1.4333247815852801,104.839935807651,219.10252376265399,105.144860554736,9.1177274002547097,57
40.799999999999997,17.825706335305998,313.28628754340798,51.655891804334601,18506.169136469201,1926.9470277789301,1372.9026812515101,0,294.86838812722402,8442.6427230421104,5731.4882964745102,936.33995299567903,15229.546181113001,15307.1364845806,77.590303467608607,1920.9018590757,547.99917782484101,424.38726930212499,233.020057226223,38.180636603485603,22.714198667139801,0.46415543038581902,0.489340200005217,14934.6777929861,6489.8107792991304,0,17.792502603502101,538.29733643229804,538.29733643229804,0,0,0,0.68352447030622898,4.7719870452368403,17.823285636495701,2991.6636759265398,31898.196837887601,2.22429064446797,106.733246324045,4.5164597395341801e-06,1,1,1.6621236244164801,104.839935807651,219.10252376265399,105.144860554736,9.1177274002547097,57
40.899999999999999,17.513449780781599,313.33823082824398,51.815685737481601,18572.826325538299,1933.1014896613499,1372.9026812515101,0,295.97391065480298,8473.8028545576399,5746.2130010086303,938.68979643468299,15289.387543085901,15366.9778465535,77.590303467608607,1920.9018590757,547.99917782484101,426.15246937993999,233.88007688064599,38.331001499771403,22.806463808492101,0.46582826590509602,0.490540200005252,14993.4136324315,6517.4637314108904,0,17.4813569842362,524.46910394432496,524.46910394432496,0,0,0,0.67595233569079805,4.7107874091901998,17.511051999008501,2992.1596977590598,31908.7752420365,2.1470464625677201,107.39461153781799,4.5267515815794502e-06,1,1,1.8773972253186599,104.839935807651,219.10252376265399,105.144860554736,9.1177274002547097,57
41,17.212293989997399,313.387807359889,51.966919174938901,18637.5149475947,1938.89778181017,1372.9026812515101,0,297.04528854111697,8503.8914525874006,5760.94247637225,941.04002051974601,15347.6520569898,15425.2423604574,77.590303467608607,1920.9018590757,547.99917782484101,427.88705392471002,234.710522205827,38.478121165815303,22.897394298432001,0.46751067105502803,0.49174020000528601,15050.606768449101,6544.6414744105796,0,17.181285430467302,511.28145504934201,511.28145504934201,0,0,0,0.66873440106192195,4.6517152024145796,17.209918307798901,2992.63311876342,31918.8732855977,2.07384145078671,108.022427541385,4.5369415602181098e-06,1,1,2.0797590315107901,104.839935807651,219.10252376265399,105.144860554736,9.1177274002547097,57
41.100000000000001,16.921971211141599,313.43510193557699,52.110088379861999,18700.340214895201,1944.36493921995,1372.9026812515101,0,298.08424103457003,8532.9646088982499,5775.6765048097604,943.39060781950002,15404.4141419836,15482.004445451201,77.590303467608607,1920.9018590757,547.99917782484101,429.59211832787099,235.512941334761,38.6221330166697,22.987024328783399,0.46920215436693302,0.49294020000532102,15106.3299009495,6571.3608202831601,0,16.892020150155702,498.70668558077301,498.70668558077301,0,0,0,0.66185287160344697,4.5947244759455401,16.919616830364198,2993.08474869355,31928.508015743701,2.0044717676949499,108.618452438281,4.5475644583348202e-06,1,1,2.2698006285012,104.839935807651,219.10252376265399,105.144860554736,9.1177274002547097,57
41.200000000000003,16.642213390076599,313.480197272113,52.2456556917775,18761.401274060001,1949.5293410476299,1372.9026812515101,0,299.09240452978997,8561.0755764732403,5790.4148763405701,945.74154153075096,15459.744910212499,15537.3352136802,77.590303467608607,1920.9018590757,547.99917782484101,431.26873118667902,236.28880405000501,38.763169346013598,23.0753886832657,0.47090225051843998,0.49414020000535502,15160.6525056832,6597.6381863439401,0,16.613293103773302,486.71815633205802,486.71815633205802,0,0,0,0.65529115316952702,4.5397685651434196,16.639879529520801,2993.51537743676,31937.696076573,1.9387428656459,109.18434154655,4.55820554634556e-06,1,1,2.44809227024871,104.839935807651,219.10252376265399,105.144860554736,9.1177274002547097,57
41.299999999999997,16.372752702457198,313.52317400630301,52.374052414824703,18820.791617009101,1954.41498198971,1372.9026812515101,0,300.07133615461601,8588.27490014451,5805.1573885726602,948.09280546288596,15513.7122991121,15591.302602579701,77.590303467608607,1920.9018590757,547.99917782484101,432.917934303359,237.039505389147,38.9013574828587,23.162522563838699,0.47261051878487198,0.49534020000538997,15213.640962957899,6623.4895935956902,0,16.344836530575499,475.29026997722099,475.29026997722099,0,0,0,0.64903372988517105,4.4868002583392501,16.3704386034169,2993.9257750178099,31946.4537076706,1.87646921739073,109.72165465403199,4.5684028009418398e-06,1,1,2.61518340969773,104.839935807651,219.10252376265399,105.144860554736,9.1177274002547097,57
41.399999999999999,16.113322042389701,313.564110699271,52.4956813970715,18878.599457303499,1959.04371294831,1372.9026812515101,0,301.022517263601,8614.61054322364,5819.90384651573,950.44438402227502,15566.3812004881,15643.9715039557,77.590303467608607,1920.9018590757,547.99917782484101,434.54074273505,237.76636913981,39.036819946705101,23.2484614354995,0.47432654160045601,0.49654020000542398,15265.3586832249,6648.9306659702897,0,16.086383434645601,464.39844604788902,464.39844604788902,0,0,0,0.64306606724069404,4.4357719493155301,16.1110269630171,2994.3166916402001,31954.796743553001,1.81747403069233,110.23186261371301,4.5786255213897701e-06,1,1,2.7716032286519998,104.839935807651,219.10252376265399,105.144860554736,9.1177274002547097,57
41.5,15.863655475055101,313.60308384438503,52.610919335007203,18934.908075605301,1963.4354548510801,1372.9026812515101,0,301.94735683206699,8640.1280099929209,5834.6540623943001,952.79626219674003,15617.813586169899,15695.4038896375,77.590303467608607,1920.9018590757,547.99917782484101,436.13814489063901,238.47065122039399,39.169674600728698,23.333240887740999,0.47604992321913597,0.49774020000545899,15315.8662293383,6673.9766303898105,0,15.837668032872701,454.01909435059599,454.01909435059599,0,0,0,0.63737451396539302,4.3866357758243799,15.8613787004924,2994.6888577617601,31962.7406139302,1.76158895521873,110.716353330985,4.5892629714217003e-06,1,1,2.9178611660336902,104.839935807651,219.10252376265399,105.144860554736,9.1177274002547097,57
41.600000000000001,15.623488651940701,313.64016787849602,52.7201188401921,18989.796137497699,1967.6083889485999,1372.9026812515101,0,302.84719474606402,8664.8704639592706,5849.4078554610296,955.14842554008203,15668.0686300748,15745.6589335424,77.590303467608607,1920.9018590757,547.99917782484101,437.71110267076602,239.153542943894,39.300034802647403,23.416896511069901,0.477780288465944,0.498940200005493,15365.2214353292,6698.64231758596,0,15.5984261667949,444.12958716207498,444.12958716207498,0,0,0,0.63194623281655005,4.3393437470383498,15.6212294837133,2995.0429842020699,31970.3003447265,1.7086537836012401,111.176437220959,4.5995147957000898e-06,1,1,3.0544474436526201,104.839935807651,219.10252376265399,105.144860554736,9.1177274002547097,57
41.700000000000003,15.3925591900031,313.67543519624098,52.823610299469699,19043.337986471801,1971.57912645071,1372.9026812515101,0,303.72330498481102,8688.8788418116401,5864.1650518107899,957.50086015671195,15717.202826565001,15794.7931300326,77.590303467608607,1920.9018590757,547.99917782484101,439.260551647456,239.81617416312599,39.4280095529679,23.499463787159598,0.47951728157101198,0.50014020000552795,15413.479521580601,6722.9421636196603,0,15.3683956801199,434.70823050168099,434.70823050168099,0,0,0,0.62676912578510702,4.2938478575980001,15.3903169473324,2995.3797622789998,31977.490559804199,1.6585161489242499,111.61335220281001,4.6098648454062598e-06,1,1,3.1818335886726401,104.839935807651,219.10252376265399,105.144860554736,9.1177274002547097,57
41.799999999999997,15.1706070229507,313.708956167118,52.921703554846701,19095.6039145246,1975.36285997398,1372.9026812515101,0,304.576898693305,8712.1919630513003,5878.9254841955699,959.85355268639,15765.270105011499,15842.8604084791,77.590303467608607,1920.9018590757,547.99917782484101,440.78740128005501,240.45961629651501,39.553703640361199,23.5809779913623,0.48126056507928899,0.50134020000556201,15460.6932063186,6746.8902120447301,0,15.147316764140401,425.73423476619098,425.73423476619098,0,0,0,0.62183176994009504,4.2501001936268699,15.168381046351,2995.6998639717299,31984.325483325301,1.6110312221136001,112.028268285883,4.6203676902223404e-06,1,1,3.3004729520382399,104.839935807651,219.10252376265399,105.144860554736,9.1177274002547097,57
41.899999999999999,14.9573747167747,313.74079915510498,53.014689425721301,19146.660412504101,1978.9734989433,1372.9026812515101,0,305.40912714367897,8734.8466352947107,5893.6889918406696,962.20649028911805,15812.3219405114,15889.912243979001,77.590303467608607,1920.9018590757,547.99917782484101,442.29253516431902,241.08488523445499,39.677217783969802,23.6614741064353,0.48300981882985999,0.50254020000559696,15506.912813368101,6770.5001166640004,0,14.9349322725266,417.18768495315697,417.18768495315697,0,0,0,0.61712336717472704,4.2080530286732296,14.9551643642098,2996.0039421081901,31990.818942707301,1.56606140892608,112.422291796228,4.6309432946145501e-06,1,1,3.4108012221841699,104.839935807651,219.10252376265399,105.144860554736,9.1177274002547097,57
42,14.7526077601467,313.77103054061502,53.102841091930202,19196.5704020788,1982.4237908103,1372.9026812515101,0,306.22108458477697,8756.87775527142,5908.4554202623603,964.55966063017604,15858.407460733801,15935.9977642014,77.590303467608607,1920.9018590757,547.99917782484101,443.77681131168902,241.69294412686,39.798648772478501,23.740986746451199,0.48476473899940897,0.50374020000563102,15552.186376149401,6793.7851448274896,0,14.7309880073082,409.04951068732299,409.04951068732299,0,0,0,0.61263369102093801,4.1676589082055404,14.750412410649,2996.29263057461,31996.984372118801,1.5234760500731901,112.79646928139201,4.64156983071007e-06,1,1,3.5132369334103402,104.839935807651,219.10252376265399,105.144860554736,9.1177274002547097,57
42.100000000000001,14.5560548235265,313.79971474452401,53.186415354219903,19245.393450984699,1985.7254297119,1372.9026812515101,0,307.01381098004998,8778.3184055604597,5923.22462108738,966.91305186532998,15903.573548890299,15981.1638523579,77.590303467608607,1920.9018590757,547.99917782484101,445.241062455921,242.28470605307501,39.918089599823098,23.819550089959101,0.486525037205013,0.50494020000566597,15596.5597379107,6816.7581812255903,0,14.5352329777443,401.30145623625901,401.30145623625901,0,0,0,0.60835304577537397,4.1288707293453504,14.553873877503101,2996.56654454506,32002.834816466901,1.48315112417857,113.151791129264,4.6518471208400999e-06,1,1,3.6081819683627399,104.839935807651,219.10252376265399,105.144860554736,9.1177274002547097,57
42.200000000000003,14.3674679978449,313.826914254126,53.265653785181499,19293.185973019499,1988.8891539884501,1372.9026812515101,0,307.78829463455799,8799.1999471275303,5937.9964518741599,969.26665262623806,15947.8649428513,16025.455246318899,77.590303467608607,1920.9018590757,547.99917782484101,446.68609638445599,242.86103657591099,40.035629597442203,23.8971978215557,0.48829043966187802,0.50614020000570004,15640.0766482171,6839.4317321325298,0,14.347419633427201,393.926050666251,393.926050666251,0,0,0,0.60427223027368704,4.0916418132925498,14.3653008683486,2996.8262807292299,32008.3829358367,1.4449689566836901,113.48919492651299,4.6623390517197499e-06,1,1,3.6960220541132598,104.839935807651,219.10252376265399,105.144860554736,9.1177274002547097,57
42.299999999999997,14.1866030031424,313.85268965076301,53.340783783415198,19340.001414085698,1991.9248338039899,1372.9026812515101,0,308.54547471235901,8819.5521077391804,5952.7707759363502,971.62045200604598,15991.3243304433,16068.914633910899,77.590303467608607,1920.9018590757,547.99917782484101,448.112696292002,243.42275618187699,40.151354563004197,23.9739630810991,0.49006068639213002,0.50734020000573499,15682.7788557313,6861.8179300583797,0,14.167304073477901,386.90657829057801,386.90657829057801,0,0,0,0.60038249689146395,4.0559259655685898,14.184449122467401,2997.0724176363301,32013.641010330899,1.40881793338137,113.809568585162,4.6727509470656497e-06,1,1,3.7771272513818199,104.839935807651,219.10252376265399,105.144860554736,9.1177274002547097,57
42.399999999999999,14.0132193790161,313.877099638993,53.412019540300697,19385.890425449801,1994.8415499601399,1372.9026812515101,0,309.28624364602001,8839.4030663445192,5967.5474621686499,973.97443954520202,16033.992440981399,16111.582744449001,77.590303467608607,1920.9018590757,547.99917782484101,449.52162115401001,243.970642610113,40.265346885567901,24.049878419873298,0.49183553048105999,0.50854020000576905,15724.706197335699,6883.9285387693099,0,13.9946462328727,380.22704951266502,380.22704951266502,0,0,0,0.59667552263761103,4.0216775366978998,14.011078197881901,2997.3055158535899,32018.6209452806,1.37459222155102,114.113753254938,4.6828790800645897e-06,1,1,3.8518524364934699,104.839935807651,219.10252376265399,105.144860554736,9.1177274002547097,57
42.5,13.847080650469399,313.90020107711098,53.4795629288719,19430.901025261199,1997.64766486336,1372.9026812515101,0,310.01144944038202,8858.7795335249393,5982.3263848751403,976.32860521749899,16075.908133101901,16153.4984365695,77.590303467608607,1920.9018590757,547.99917782484101,450.91360611781198,244.50543307279801,40.3776856671549,24.124975763066601,0.493614737377636,0.509740200005804,15765.8966836618,6905.7749586387399,0,13.8292100474767,373.87217217255602,373.87217217255602,0,0,0,0.59314338011202195,3.9888514733143801,13.8449516396122,2997.5261183377302,32023.334276781501,1.34219149778423,114.40254604252701,4.6930690587032603e-06,1,1,3.9205377757046498,104.839935807651,219.10252376265399,105.144860554736,9.1177274002547097,57
42.600000000000001,13.687954476206199,313.92204900885503,53.543604322278703,19475.078749269,2000.3508864918399,1372.9026812515101,0,310.72189787296702,8877.7068281196407,5997.1074236001696,978.68293941634101,16117.108478971,16194.6987824386,77.590303467608607,1920.9018590757,547.99917782484101,452.289362909364,245.027826370024,40.488446840732301,24.199286377990099,0.49539808423624998,0.51094020000583795,15806.386581098301,6927.3682322941104,0,13.6707635990957,367.82732348072602,367.82732348072602,0,0,0,0.58977851290557404,3.9574033618218998,13.6858371240578,2997.7347507177301,32027.792177523199,1.31152068419885,114.67670255282999,4.7032954171299901e-06,1,1,3.9835091915768399,104.839935807651,219.10252376265399,105.144860554736,9.1177274002547097,57
42.700000000000003,13.535612774985401,313.94269669615898,53.6043233487134,19518.466791585299,2002.9583261089299,1372.9026812515101,0,311.41835459374801,8896.2089501443097,6011.8904629620101,981.03743294125798,16157.6288449561,16235.219148423699,77.590303467608607,1920.9018590757,547.99917782484101,453.64958025363001,245.53848490234199,40.597703284618497,24.272840847506099,0.49718535929707097,0.51214020000587301,15846.2104903625,6948.7190505255503,0,13.5190792416451,362.07852260289798,362.07852260289798,0,0,0,0.58657371468967301,3.9272894718659801,13.5335065817799,2997.9319216076001,32032.005462878398,1.2824896923604301,114.936939266937,4.71374369226396e-06,1,1,4.0410788211149802,104.839935807651,219.10252376265399,105.144860554736,9.1177274002547097,57
42.799999999999997,13.389831836688099,313.96219565280899,53.661889588664401,19561.106136259001,2005.4765503838801,1372.9026812515101,0,312.10154712716201,8914.3086501233101,6026.6753924893701,983.392076984661,16197.502968852799,16275.093272320401,77.590303467608607,1920.9018590757,547.99917782484101,454.994924306798,246.038036584341,40.705524933345202,24.345669048187499,0.49897636130242001,0.51334020000590697,15885.401421725801,6969.8377584258697,0,13.373933709785,356.61240395841401,356.61240395841401,0,0,0,0.58352210155519202,3.8984667909791799,13.3877363214197,2998.1181229277599,32035.984597218201,1.2550131763035,115.18393576904,4.72405008622445e-06,1,1,4.0935454654255699,104.839935807651,219.10252376265399,105.144860554736,9.1177274002547097,57
42.899999999999999,13.250392416612,313.98059567886901,53.716463219871102,19603.035680358698,2007.91162850521,1372.9026812515101,0,312.77216677938497,8932.0274949605391,6041.46210646091,985.74686311888297,16236.763033765999,16314.353337233601,77.590303467608607,1920.9018590757,547.99917782484101,456.32603909859603,246.52707666267901,40.811978885009502,24.4178001327647,0.50077089894692295,0.51454020000594203,15923.9908669868,6990.7343617315801,0,13.235108210942901,351.41619126871001,351.41619126871001,0,0,0,0.58061709760139402,3.8708930563801802,13.248307112689901,2998.2938302337802,32039.739700428599,1.2290102943594601,115.418336834071,4.7343673941213604e-06,1,1,4.1411950306807297,104.839935807651,219.10252376265399,105.144860554736,9.1177274002547097,57
43,13.1170798124872,313.99794489574299,53.768195614633903,19644.2923491939,2010.2691748058201,1372.9026812515101,0,313.43087045408498,8949.3859304768503,6056.2505037478504,988.10178328342704,16275.439738748601,16353.0300422163,77.590303467608607,1920.9018590757,547.99917782484101,457.64354698312502,247.00616944210901,40.917129505172099,24.489262516458499,0.50256879035927204,0.51574020000597598,15962.008868294701,7011.41853333787,0,13.1023885020613,346.47767239998097,346.47767239998097,0,0,0,0.577852412849305,3.8445267814689799,13.1150042739137,2998.4595030512401,32043.280554593701,1.2044044796501201,115.64075438614201,4.7447392717003797e-06,1,1,4.1843009602119396,104.839935807651,219.10252376265399,105.144860554736,9.1177274002547097,57
43.100000000000001,12.9896839291372,314.01428978178899,53.8172298935039,19684.911204255499,2012.55438736116,1372.9026812515101,0,314.07828237985501,8966.4033407425304,6071.0404876595003,990.45682977252397,16313.562366304501,16391.1526697722,77.590303467608607,1920.9018590757,547.99917782484101,458.94804909670398,247.47584992306901,41.021038527358698,24.560083866828499,0.50436986261362804,0.51694020000601104,15999.484083924701,7031.8996199619096,0,12.9755649517968,341.78517501380202,341.78517501380202,0,0,0,0.57522203231938995,3.81932728133651,12.987617724320399,2998.6155852157499,32046.616610827499,1.1811232200521999,115.85176933641,4.7551002353429803e-06,1,1,4.2231246575834902,104.839935807651,219.10252376265399,105.144860554736,9.1177274002547097,57
43.200000000000003,12.867999326984201,314.02967520833801,53.863701439276703,19724.9255443982,2014.7720829708001,1372.9026812515101,0,314.714995752677,8983.0981043352094,6085.8319657922702,992.81199522294503,16351.1588468644,16428.7491503321,77.590303467608607,1920.9018590757,547.99917782484101,460.240125821334,247.93662535439501,41.1237651502313,24.6302910967975,0.50617395126881304,0.51814020000604499,16036.443851111801,7052.1866489295899,0,12.854432589384199,337.32754305150701,337.32754305150701,0,0,0,0.57272020059801898,3.7952546900307,12.8659420352051,2998.7625052169601,32049.756996222601,1.1590978467548601,116.051933309582,4.7656722017563896e-06,1,1,4.2579159005260898,104.839935807651,219.10252376265399,105.144860554736,9.1177274002547097,57
43.299999999999997,12.7518252616319,314.04414447604398,53.907738374330897,19764.3670007527,2016.9267288886001,1372.9026812515101,0,315.34157429669301,8999.4876476522004,6100.6248498815803,995.16727260208495,16388.255820345199,16465.846123812898,77.590303467608607,1920.9018590757,547.99917782484101,461.52033725246599,248.388976704735,41.225366131499101,24.699910360541999,0.50798089993359397,0.51934020000608005,16072.9142460487,7072.2883350636803,0,12.7387911409278,333.09411405597098,333.09411405597098,0,0,0,0.57034140233070796,3.7722699796403698,12.74977647995,2998.9006765456602,32052.710520899302,1.1382633325223599,116.241770265412,4.7767716750968197e-06,1,1,4.28891324563536,104.839935807651,219.10252376265399,105.144860554736,9.1177274002547097,57
43.399999999999999,12.6409657079605,314.05773935145697,53.949462004495899,19803.2656258069,2019.02247162762,1372.9026812515101,0,315.958553746679,9015.5884954056091,6115.4190556573403,997.52265519631896,16424.8786949028,16502.468998370499,77.590303467608607,1920.9018590757,547.99917782484101,462.78922366989201,248.83336005622601,41.325895878650499,24.768967051963202,0.50979055985644295,0.52054020000611401,16108.920141156301,7092.2130876522297,0,12.6284450541818,329.07469734094099,329.07469734094099,0,0,0,0.56808035578383898,3.7503349721579,12.6389250465309,2999.0304980430301,32055.4856851281,1.1185580982088399,116.421778022982,4.78698711958714e-06,1,1,4.3163444237703503,104.839935807651,219.10252376265399,105.144860554736,9.1177274002547097,57
43.5,12.5352293763427,314.07050010376702,53.988987232088199,19841.649977066299,2021.06316313043,1372.9026812515101,0,316.56644325546898,9031.4163184269601,6130.2145027025199,999.87813659963194,16461.051702988399,16538.642006456099,77.590303467608607,1920.9018590757,547.99917782484101,464.04730601059703,249.270207923893,41.425406536580503,24.837485805476302,0.51160278953830995,0.52174020000614896,16144.485259733099,7111.9690174772604,0,12.5232035122275,325.25955299043397,325.25955299043397,0,0,0,0.56593199743212796,3.7294123513137301,12.5331964602537,2999.1523542514901,32058.090686514799,1.09992382862268,116.592429693863,4.7971589083317701e-06,1,1,4.3404267260976299,104.839935807651,219.10252376265399,105.144860554736,9.1177274002547097,57
43.600000000000001,12.434429716236,314.08246554156898,54.026422940484103,19879.547195665898,2023.0523845646901,1372.9026812515101,0,317.16572672966402,9046.9859789057991,6145.0111143151098,1002.2337107025299,16496.797954817899,16574.388258285599,77.590303467608607,1920.9018590757,547.99917782484101,465.29508634254603,249.69993050423699,41.523948072199602,24.905490498878599,0.51341745436695096,0.52294020000618302,16179.6322280885,7131.5639438858598,0,12.422880437482799,321.63937170511099,321.63937170511099,0,0,0,0.56389147183230204,3.7094656693386399,12.432404187166,2999.26661576584,32060.533427218099,1.0823052965761,116.754175029763,4.8074180085677696e-06,1,1,4.3613673807626903,104.839935807651,219.10252376265399,105.144860554736,9.1177274002547097,57
43.700000000000003,12.338384912564401,314.09367304965099,54.061872352438698,19916.9830802836,2024.9934679768101,1372.9026812515101,0,317.75686409680497,9062.3115731841208,6159.8088173734996,1004.58937168121,16532.139489363199,16609.729792830902,77.590303467608607,1920.9018590757,547.99917782484101,466.533048338436,250.12291685636799,41.621568356107502,24.973004258076799,0.51523442627159299,0.52414020000621797,16214.3826252666,7151.0054018865003,0,12.327294486248899,318.205255465108,318.205255465108,0,0,0,0.56195412582425797,3.6904593550753,12.3363664204135,2999.3736395844999,32062.821521191901,1.06565019575418,116.90744169005499,4.81757888337597e-06,1,1,4.3793639201818699,104.839935807651,219.10252376265399,105.144860554736,9.1177274002547097,57
43.799999999999997,12.246917871049201,314.10415862568198,54.095433364285199,19953.982156669499,2026.8895160116399,1372.9026812515101,0,318.34029250722102,9077.4064722260391,6174.6075422051099,1006.94511398705,16567.097322969501,16644.6876264372,77.590303467608607,1920.9018590757,547.99917782484101,467.76165774852802,250.53953601895699,41.718313241416297,25.040049463469401,0.51705358339663099,0.52534020000625203,16248.757030462501,7170.3006492548502,0,12.2362690347453,314.94869900415603,314.94869900415603,0,0,0,0.56011549298849705,3.67235871316656,12.244906080241,2999.4737694598898,32064.962301432999,1.0499089813815701,117.052636434793,4.8277979658450897e-06,1,1,4.3946045389643302,104.839935807651,219.10252376265399,105.144860554736,9.1177274002547097,57
43.899999999999999,12.159856200075501,314.11395691676898,54.127198857476998,19990.56774309,2028.7434198849601,1372.9026812515101,0,318.916427473591,9092.2833598772395,6189.4072224583597,1009.30093233631,16601.691495705101,16679.281799172899,77.590303467608607,1920.9018590757,547.99917782484101,468.98136287170598,250.950138066204,41.814226639811203,25.106647757800499,0.51887480979327705,0.52654020000628698,16282.7750682318,7189.4566736346696,0,12.149632157256701,311.86157207640503,311.86157207640503,0,0,0,0.55837128788536705,3.6551299300753302,12.157850786707099,2999.56733624751,32066.962827220701,1.0350347196456,117.19014624627501,4.8381589294876903e-06,1,1,4.4072684424969601,104.839935807651,219.10252376265399,105.144860554736,9.1177274002547097,57
44,12.077032179375299,314.12310125580302,54.157256989665399,20026.762011958101,2030.55787577608,1372.9026812515101,0,319.48566395127398,9106.9542690271992,6204.2077949780196,1011.65682170015,16635.941115542599,16713.531419010302,77.590303467608607,1920.9018590757,547.99917782484101,470.19259502403702,251.35505510591699,41.909350594932597,25.1728200553143,0.52069799512802994,0.52774020000632105,16316.455451591601,7208.4801996203596,0,12.0672165970549,308.93610249781199,308.93610249781199,0,0,0,0.55671739576429302,3.63874007081523,12.0750328358099,2999.65465825302,32068.829891333098,1.02098294383166,117.320339385786,4.8484689614269899e-06,1,1,4.4175261862355901,104.839935807651,219.10252376265399,105.144860554736,9.1177274002547097,57
44.100000000000001,11.998282725871199,314.13162369755997,54.185691466406503,20062.586047903598,2032.3353997910399,1372.9026812515101,0,320.048377362282,9121.4306157820301,6219.0091996838901,1014.0127772949299,16669.864400471099,16747.4547039389,77.590303467608607,1920.9018590757,547.99917782484101,471.39576900410799,251.754602222675,42.003725353163802,25.238586552053501,0.52252303440701298,0.528940200006356,16349.816023109201,7227.3776958083999,0,11.988859730589301,306.16485993720801,306.16485993720801,0,0,0,0.55514986918084197,3.6231570766705201,11.996289155149499,2999.7360415769899,32070.570027231399,1.00771151858957,117.443566387704,4.8593792598694597e-06,1,1,4.4255400057605003,104.839935807651,219.10252376265399,105.144860554736,9.1177274002547097,57
44.200000000000003,11.9234493525178,314.13955505448001,54.212581795011602,20098.059902516601,2034.07834163131,1372.9026812515101,0,320.60492456575901,9135.7232317525395,6233.8113794527399,1016.36879457271,16703.478718636401,16781.0690221041,77.590303467608607,1920.9018590757,547.99917782484101,472.59128355452401,252.149078368988,42.097389431914003,25.3039667371599,0.52434982771518401,0.53014020000639095,16382.873794071,7246.1553818070397,0,11.9144035257995,303.54074044468899,303.54074044468899,0,0,0,0.55366491919041905,3.60834976205558,11.921461266410899,2999.81178045655,32072.189516193699,0.99518051123440798,117.56016099523301,4.8696929297875596e-06,1,1,4.4314641376716697,104.839935807651,219.10252376265399,105.144860554736,9.1177274002547097,57
44.299999999999997,11.852378121484101,314.14692493212101,54.238003521929897,20133.2026459833,2035.7888970896399,1372.9026812515101,0,321.15564477765901,9149.8423945578106,6248.6142800035304,1018.72486921213,16736.8006265982,16814.390930066002,77.590303467608607,1920.9018590757,547.99917782484101,473.77952181895398,252.53876720719001,42.190379685472699,25.368979405045,0.526178279969574,0.53134020000642501,16415.6449818209,7264.8192351929902,0,11.8436944945744,301.056951675569,301.056951675569,0,0,0,0.55225890580380799,3.5942878090072998,11.850395244437101,2999.88215760394,32073.6943944001,0.98335206994244295,117.670441041795,4.8803558456711496e-06,1,1,4.4354451314032897,104.839935807651,219.10252376265399,105.144860554736,9.1177274002547097,57
44.399999999999999,11.7849195928129,314.1537617642,54.262028454654903,20168.032415814901,2037.4691194823799,1372.9026812515101,0,321.70086044226002,9163.7978566410802,6263.4178497859702,1021.08099710941,16769.8459057982,16847.436209265899,77.590303467608607,1920.9018590757,547.99917782484101,474.96085179422698,252.92393790475799,42.282731368522001,25.433642668312299,0.52800830068569005,0.53254020000645996,16448.145045356301,7283.3749984063697,0,11.7765836405231,298.70699880868602,298.70699880868602,0,0,0,0.55092833453960899,3.58094176014942,11.7829416592485,2999.9474445411702,32075.090459944298,0.97219030866346001,117.77470928055099,4.8908623284660297e-06,1,1,4.4376221520558499,104.839935807651,219.10252376265399,105.144860554736,9.1177274002547097,57
44.5,11.7209287665698,314.16009284722003,54.284724869488898,20202.5664628575,2039.1209301167701,1372.9026812515101,0,322.24087805803998,9177.5988724900908,6278.2220398722202,1023.4371743698,16802.629597320702,16880.219900788401,77.590303467608607,1920.9018590757,547.99917782484101,476.13562677697502,253.304845885595,42.3744781973881,25.497973971319599,0.52983980375631901,0.53374020000649403,16480.388719263101,7301.82818557473,0,11.712926401951099,296.48467111345002,296.48467111345002,0,0,0,0.54966984846769296,3.5682830107891101,11.7189555237474,3000.0079019306299,32076.383279776601,0.96166119805702299,117.873254166244,4.9014233809430203e-06,1,1,4.4381272743503697,104.839935807651,219.10252376265399,105.144860554736,9.1177274002547097,57
44.600000000000001,11.6602650229256,314.165944374633,54.306157705927497,20236.821194758599,2040.7461278820499,1372.9026812515101,0,322.775988960321,9191.2542243502103,6293.0268038517697,1025.79339729905,16835.1660350315,16912.756338499199,77.590303467608607,1920.9018590757,547.99917782484101,477.30418580439499,253.68173353971201,42.465652409103903,25.561990104282501,0.531672707242002,0.53494020000652898,16512.390046071701,7320.1840892583396,0,11.652582590854999,294.38402915306102,294.38402915306102,0,0,0,0.54848022398398499,3.5562838000238401,11.6582962300527,3000.0637799013698,32077.578196561601,0.95173246283402901,117.966350591243,4.9115551519207699e-06,1,1,4.4370857678158799,104.839935807651,219.10252376265399,105.144860554736,9.1177274002547097,57
44.700000000000003,11.6027920577106,314.17134147051598,54.326388748736001,20270.812217049701,2042.3463980444201,1372.9026812515101,0,323.30647006299102,9204.7722465148599,6307.8320977294798,1028.1496623953899,16867.468877172301,16945.059180640001,77.590303467608607,1920.9018590757,547.99917782484101,478.466854088741,254.054830893645,42.556284818365199,25.625707217826498,0.533506933172466,0.53614020000656304,16544.162407109801,7338.4477871098898,0,11.5954163281456,292.39939259101101,292.39939259101101,0,0,0,0.54735636827186795,3.5449172008272898,11.600827479014701,3000.1153183706601,32078.680335449699,0.942373484741305,118.054260579152,4.9220652726944502e-06,1,1,4.4346163733342303,104.839935807651,219.10252376265399,105.144860554736,9.1177274002547097,57
44.799999999999997,11.5483778152811,314.176308222719,54.345476798474898,20304.554371998602,2043.9233203184101,1372.9026812515101,0,323.832584561521,9218.1608482737192,6322.6378798268197,1030.50596634152,16899.5511364882,16977.1414399559,77.590303467608607,1920.9018590757,547.99917782484101,479.623943445191,254.424356243825,42.646404872452997,25.689140837904699,0.53534240735840899,0.53734020000659799,16575.718551927199,7356.6241484420298,0,11.5412959757753,290.52532858510699,290.52532858510699,0,0,0,0.54629530771405199,3.5341571087531398,11.546417226782101,3000.1627473605199,32079.6946107486,0.93355521115133,118.137233938143,4.9323571147397203e-06,1,1,4.4308315711700601,104.839935807651,219.10252376265399,105.144860554736,9.1177274002547097,57
44.899999999999999,11.4968944169867,314.18086771549298,54.363477831418301,20338.061775370599,2045.4783762796601,1372.9026812515101,0,324.35458259939799,9231.4275355951904,6337.4441106859504,1032.86230599705,16931.425208959899,17009.015512427599,77.590303467608607,1920.9018590757,547.99917782484101,480.77575271278698,254.79051675500901,42.736040704191304,25.7523058810058,0.53717905921299003,0.53854020000663205,16607.070626361099,7374.7178406969497,0,11.4900940657137,288.75664072886798,288.75664072886798,0,0,0,0.54529418769328997,3.5239782301479998,11.494937604084001,3000.2062873093,32080.625732499499,0.92525006864738302,118.21550887708401,4.9430564104113702e-06,1,1,4.4258378406217904,104.839935807651,219.10252376265399,105.144860554736,9.1177274002547097,57
45,11.448218088030499,314.18504206152602,54.380445149512703,20371.347851228398,2047.01295617859,1372.9026812515101,0,324.87270189993598,9244.5794316151096,6352.2507529770101,1035.2186783910599,16963.102901209601,17040.6932046773,77.590303467608607,1920.9018590757,547.99917782484101,481.92256816816399,255.15350902578101,42.825219183013303,25.8152166695806,0.53901682158247299,0.539740200006667,16638.230199310201,7392.7333358129899,0,11.441687226654899,287.08835853399898,287.08835853399898,0,0,0,0.54435026738307501,3.5143560704391201,11.446264844607899,3000.24614937761,32081.4782129409,0.91743188173775903,118.28931258636599,4.9533919082023203e-06,1,1,4.4197359114336097,104.839935807651,219.10252376265399,105.144860554736,9.1177274002547097,57
45.100000000000001,11.4022290829082,314.18885243343402,54.396429520904498,20404.425364894701,2048.5283652079502,1372.9026812515101,0,325.38716836541801,9257.6232960023008,6367.0577714083001,1037.57508071491,16994.595456648,17072.185760115699,77.590303467608607,1920.9018590757,547.99917782484101,483.06466393184297,255.51351962302601,42.913965964201203,25.877886947626301,0.540855630585514,0.54094020000670096,16669.208288283098,7410.6749164840803,0,11.395956108237099,285.51572741055099,285.51572741055099,0,0,0,0.54346091303302302,3.5052669197442401,11.400279214512899,3000.2825357490601,32082.256372867301,0.91007579641382197,118.358861784909,4.9639711505733397e-06,1,1,4.4126210071152103,104.839935807651,219.10252376265399,105.144860554736,9.1177274002547097,57
45.200000000000003,11.3588116071986,314.19231909462701,54.411479312070803,20437.306454188201,2050.02582927304,1372.9026812515101,0,325.89819664535298,9270.5655432640997,6381.8651326393701,1039.9315103153399,17025.913580424301,17103.503883892001,77.590303467608607,1920.9018590757,547.99917782484101,484.202302366857,255.87072558717699,43.002305536366201,25.940329896369999,0.54269542546053096,0.54214020000673602,16700.0153837793,7428.5466823070901,0,11.3527853035808,284.03419913811598,284.03419913811598,0,0,0,0.54262359859912601,3.4966878414637899,11.3568649248919,3000.3156399249601,32082.964347869402,0.90315820789481005,118.424363237116,4.9744994612410698e-06,1,1,4.4045830803186297,104.839935807651,219.10252376265399,105.144860554736,9.1177274002547097,57
45.299999999999997,11.317853738436,314.195461429582,54.425640611687498,20470.0026590409,2051.50650030815,1372.9026812515101,0,326.40599067558497,9283.4122600560004,6396.6728051969403,1042.28796468775,17057.067463239298,17134.657766707001,77.590303467608607,1920.9018590757,547.99917782484101,485.33573446956399,256.225294909951,43.090261267231703,26.002558150001398,0.54453614842077502,0.54334020000676997,16730.661472563999,7446.3525558150905,0,11.312063270080699,282.63942279275398,282.63942279275398,0,0,0,0.54183589724241299,3.4885966542435001,11.315910062421599,3000.3456470134201,32083.6060944581,0.896656692712401,118.486014239703,4.9851987569127198e-06,1,1,4.3957070404267302,104.839935807651,219.10252376265399,105.144860554736,9.1177274002547097,57
45.399999999999999,11.2792473467306,314.198297973487,54.438957347096597,20502.5249495934,2052.97146117896,1372.9026812515101,0,326.91074418985698,9296.1692215521907,6411.4807593936703,1044.64444146971,17088.066804079099,17165.657107546798,77.590303467608607,1920.9018590757,547.99917782484101,486.46520025246798,256.57738698617902,43.1778554477781,26.0645838114052,0.54637774451656596,0.54454020000680503,16761.156059889599,7464.0962883922302,0,11.2736822489586,281.32723611523102,281.32723611523102,0,0,0,0.541095479935084,3.4809719229996099,11.2773065040983,3000.3727340124501,32084.185396066801,0.89054994496110995,118.54400308156001,4.9954614951275298e-06,1,1,4.38607297351105,104.839935807651,219.10252376265399,105.144860554736,9.1177274002547097,57
45.5,11.242888012130001,314.20084644126598,54.4514713937468,20534.8837528615,2054.4217302070001,1372.9026812515101,0,327.41264120541098,9308.8419069330503,6426.2889672495703,1047.00093843472,17118.920831922998,17196.511135390701,77.590303467608607,1920.9018590757,547.99917782484101,487.59092911894902,256.92715304126301,43.265109334810901,26.126418467853501,0.54822016150435404,0.54574020000683898,16791.508190717901,7481.7814660686799,0,11.237538183556399,280.09365728952201,280.09365728952201,0,0,0,0.54040011079919603,3.4737929378485002,11.2409498376564,3000.39707008711,32084.705868932699,0.88481771597307801,118.598509477761,5.0058079068549003e-06,1,1,4.3757563548161,104.839935807651,219.10252376265399,105.144860554736,9.1177274002547097,57
45.600000000000001,11.2086749430118,314.20312375595302,54.463222678175299,20567.0889780582,2055.8582653487201,1372.9026812515101,0,327.91185648400898,9321.4355140413008,6441.0974024162297,1049.35745348616,17149.638326476099,17227.228629943798,77.590303467608607,1920.9018590757,547.99917782484101,488.71314022977799,257.27473653568501,43.352043192004203,26.188073206618501,0.55006334972218296,0.54694020000687404,16821.7264699925,7499.41151519305,0,11.203530636987599,278.93487712366402,278.93487712366402,0,0,0,0.53974764250069196,3.4670397038595802,11.206739281988099,3000.4188168404598,32085.170967849499,0.87944075784670706,118.6497049797,5.0163689593318799e-06,1,1,4.3648282539332302,104.839935807651,219.10252376265399,105.144860554736,9.1177274002547097,57
45.700000000000003,11.176510892268,314.20514607642502,54.474249274789798,20599.150040651799,2057.2819680589,1372.9026812515101,0,328.40855596984397,9333.9549732565101,6455.9060401035904,1051.7139846514399,17180.227637977099,17257.817941444799,77.590303467608607,1920.9018590757,547.99917782484101,489.83204286138101,257.62027354793901,43.438676329479797,26.249558630472301,0.55190726197121398,0.548140200006908,16851.8190820077,7516.9897079808798,0,11.1715627090603,277.84725160233398,277.84725160233398,0,0,0,0.53913601757843599,3.4606929226268202,11.1745775939198,3000.4381285784398,32085.583991794902,0.87440077007489303,118.697753362078,5.0265625759493602e-06,1,1,4.3533555328301103,104.839935807651,219.10252376265399,105.144860554736,9.1177274002547097,57
45.799999999999997,11.1463020746308,314.20692882450601,54.484587497058499,20631.075885234,2058.6936868652401,1372.9026812515101,0,328.90289720555302,9346.4049606333501,6470.7148570092904,1054.07053007638,17210.696706126098,17288.287009593801,77.590303467608607,1920.9018590757,547.99917782484101,490.947836755754,257.96389313715702,43.525027141967499,26.3108848730439,0.55375185340293198,0.54934020000694295,16881.793808921,7534.5191679378304,0,11.1415409526925,276.82729479232898,276.82729479232898,0,0,0,0.53856326084389405,3.4547339782200801,11.144370994316001,3000.4551525686102,32085.948089431698,0.86968034957242801,118.742810988985,5.0371272664051503e-06,1,1,4.3414010368953804,104.839935807651,219.10252376265399,105.144860554736,9.1177274002547097,57
45.899999999999999,11.1179580830985,314.20848671139697,54.494271983380102,20662.8750072681,2060.0942206788,1372.9026812515101,0,329.39502972761699,9358.7899103480704,6485.5238312505599,1056.4270880197901,17241.053078175599,17318.643381643298,77.590303467608607,1920.9018590757,547.99917782484101,492.06071246202401,258.305717686619,43.611113145599802,26.372061614003901,0.555597081411771,0.55054020000697701,16911.658048448498,7552.0028751565997,0,11.1133752902652,275.87167209116899,275.87167209116899,0,0,0,0.538027475503149,3.4491449209055398,11.116029086224399,3000.47002929258,32086.266264476599,0.86526294356274902,118.78502715994399,5.0479284254834098e-06,1,1,4.3290237791668202,104.839935807651,219.10252376265399,105.144860554736,9.1177274002547097,57
46,11.091391803744999,314.209833763468,54.503335778053803,20694.5554737807,2061.48432186224,1372.9026812515101,0,329.88509544226201,9371.1140264932201,6500.3329422985098,1058.7836568482201,17271.3039262274,17348.894229695099,77.590303467608607,1920.9018590757,547.99917782484101,493.17085166963199,258.64586322930001,43.696951013390901,26.4330980940566,0.55744290553282305,0.55174020000701196,16941.418830785598,7569.4436714870899,0,11.0869789297985,274.97719379118701,274.97719379118701,0,0,0,0.53752684663637895,3.4439084510358602,11.0894647571058,3000.4828926923201,32086.5413809415,0.86113280500927003,118.82454443741101,5.0587768782861497e-06,1,1,4.31627911790941,104.839935807651,219.10252376265399,105.144860554736,9.1177274002547097,57
46.100000000000001,11.066519333734,314.21098334739798,54.511810407569698,20726.124943059302,2062.86469907644,1372.9026812515101,0,330.373228982961,9383.3812942596705,6515.1421709149399,1061.14023503095,17301.456063772799,17379.0463672406,77.590303467608607,1920.9018590757,547.99917782484101,494.27842753314502,258.98443975648001,43.782556609441102,26.494003129713999,0.55928928734433603,0.55294020000704602,16971.082834790399,7586.8442655791896,0,11.0622682812599,274.14080894715602,274.14080894715602,0,0,0,0.53705962810631702,3.4390079032935299,11.0645941174425,3000.4938704102101,32086.776168245098,0.85727495114735097,118.861498956433,5.0693815865088297e-06,1,1,4.3032189277074604,104.839935807651,219.10252376265399,105.144860554736,9.1177274002547097,57
46.200000000000003,11.043259896353399,314.21194819467098,54.5197259526607,20757.590683409901,2064.23601992363,1372.9026812515101,0,330.85955805056898,9395.5954905416293,6529.9514990910602,1063.4968211350899,17331.5159615146,17409.106264982402,77.590303467608607,1920.9018590757,547.99917782484101,495.38360498870298,259.32155151045703,43.867945021917102,26.554785127836901,0.56113619037479001,0.55414020000708097,17000.6564034644,7604.2072377985096,0,11.039162873098601,273.35959952954403,273.35959952954403,0,0,0,0.53662415268055896,3.4344272302830601,11.041336389325799,3000.5030840229902,32086.973226194499,0.85367512396885104,118.89602071812899,5.0796988944057401e-06,1,1,4.2898917642366703,104.839935807651,219.10252376265399,105.144860554736,9.1177274002547097,57
46.299999999999997,11.0215357589411,314.21274042542302,54.527111116304503,20788.959591029299,2065.5989134039801,1372.9026812515101,0,331.34420373702301,9407.7601939989599,6544.7609099891797,1065.85341382094,17361.489762504199,17439.080065971899,77.590303467608607,1920.9018590757,547.99917782484101,496.48654106213303,259.65729726225601,43.9531305948449,26.6154520999238,0.56298358001426196,0.55534020000711504,17030.145558767501,7621.5350450148599,0,11.0175852691884,272.63077484947001,272.63077484947001,0,0,0,0.536218816824372,3.4301509874468499,11.019613850749,3000.5106492693999,32087.135029837598,0.85031975339931598,118.92823386759299,5.09049641550519e-06,1,1,4.2763430228807202,104.839935807651,219.10252376265399,105.144860554736,9.1177274002547097,57
46.399999999999999,11.0012721500871,314.21337157162998,54.5339932879603,20820.238207039602,2066.9539722008699,1372.9026812515101,0,331.827280833548,9419.8787946078191,6559.5703878861405,1068.2100118374699,17391.383296627901,17468.9736000956,77.590303467608607,1920.9018590757,547.99917782484101,497.587385168791,259.99177057523502,44.038126958761097,26.676011676136199,0.56483142342986303,0.55654020000714999,17059.5560157947,7638.8300252641502,0,10.997460986426301,271.95166624495698,271.95166624495698,0,0,0,0.53584208783084297,3.4261643165011,10.9993517321527,3000.5166762717199,32087.263934183698,0.84719592244197095,118.958256957252,5.1008137234021004e-06,1,1,4.2626150913593301,104.839935807651,219.10252376265399,105.144860554736,9.1177274002547097,57
46.5,10.982397177397701,314.21385259969401,54.540398604346201,20851.432733732301,2068.30175480874,1372.9026812515101,0,332.30889812418098,9431.9545027303502,6574.3799181187496,1070.5666140180299,17421.202094473101,17498.792397940801,77.590303467608607,1920.9018590757,547.99917782484101,498.68627940518098,260.32506005540199,44.122947060259598,26.736471119046101,0.566679689485039,0.55774020000718405,17088.893196349301,7656.0944022843596,0,10.978718412683699,271.31972200052599,271.31972200052599,0,0,0,0.53549249553015799,3.4224529304978302,10.980478147075701,3000.5212697513698,32087.362178801199,0.84429133433479397,118.986203196839,5.1112838264089103e-06,1,1,4.2487474965281802,104.839935807651,219.10252376265399,105.144860554736,9.1177274002547097,57
46.600000000000001,10.964841746572199,314.21419393235999,54.546352006868602,20882.549050064299,2069.6427875162999,1372.9026812515101,0,332.78915866543701,9443.9903577306504,6589.1894870317201,1072.9232192761399,17450.951400604099,17528.541704071798,77.590303467608607,1920.9018590757,547.99917782484101,499.78335883240999,260.65724958921697,44.2076031904719,26.796837337097202,0.56852834866251101,0.558940200007219,17118.162241939001,7673.3302899264399,0,10.961288725771301,270.73250250577598,270.73250250577598,0,0,0,0.53516863024422701,3.4190030956322102,10.9629240103004,3000.5245292382301,32087.431892282799,0.84159428169160799,119.012180690289,5.1218121370766303e-06,1,1,4.2347770455134404,104.839935807651,219.10252376265399,105.144860554736,9.1177274002547097,57
46.700000000000003,10.948539480626099,314.21440547002499,54.551877296061903,20913.592726444898,2070.9775662565298,1372.9026812515101,0,333.26816005285599,9455.9892361628499,6603.9990819274199,1075.27982660152,17480.636186273801,17558.226489741501,77.590303467608607,1920.9018590757,547.99917782484101,500.87875175156699,260.98841856958899,44.292107012517398,26.8571168977697,0.57037737299069402,0.56014020000725295,17147.368026221298,7690.5396964408701,0,10.9451058131263,270.18767562753601,270.18767562753601,0,0,0,0.53486914647693296,3.4158016187063902,10.9466229446298,3000.5265492741401,32087.475096586499,0.83909361731179499,119.036292660984,5.1321294449735399e-06,1,1,4.2207379613418601,104.839935807651,219.10252376265399,105.144860554736,9.1177274002547097,57
46.799999999999997,10.933426640820301,314.21449661143299,54.556997183132196,20944.569038853599,2072.30655833422,1372.9026812515101,0,333.74599467512098,9467.9538595569993,6618.8086910176598,1077.6364350562801,17510.2611616002,17587.851465067899,77.590303467608607,1920.9018590757,547.99917782484101,501.972579971122,261.318642110756,44.376469587959697,26.917316040444199,0.57222673597339402,0.56134020000728801,17176.515166925499,7707.72452864141,0,10.9301061924086,269.68301228727,269.68301228727,0,0,0,0.534592752876622,3.4128358290171201,10.9315112183594,3000.5274196104701,32087.493711252398,0.83677872677138998,119.058637665612,5.1425522542558602e-06,1,1,4.2066620132247596,104.839935807651,219.10252376265399,105.144860554736,9.1177274002547097,57
46.899999999999999,10.9194420478394,314.21447627373902,54.561733338794099,20975.482982321399,2073.6302040404898,1372.9026812515101,0,334.22274995643897,9479.8868018240501,6633.6183033773204,1079.99304377116,17539.830787230101,17617.421090697801,77.590303467608607,1920.9018590757,547.99917782484101,503.06495906641999,261.647991252672,44.460701402300401,26.977440688956399,0.57407641252261699,0.56254020000732197,17205.608037274,7724.8865959472196,0,10.9162289331954,269.21638223639701,269.21638223639701,0,0,0,0.53433821489185995,3.4100935653598898,10.917527656601999,3000.5272253998,32087.489557493602,0.834639502452861,119.07930979734699,5.1525566959753599e-06,1,1,4.1925786416526103,104.839935807651,219.10252376265399,105.144860554736,9.1177274002547097,57
47,10.906527005114601,314.21435291199202,54.566106439623098,21006.339283810401,2074.9489181632598,1372.9026812515101,0,334.69850858775999,9491.7904963026904,6648.4279088999601,1082.3496519420601,17569.349285514301,17646.939588982001,77.590303467608607,1920.9018590757,547.99917782484101,504.15599863140102,261.976533155494,44.544812389544703,27.0374964638407,0.57592637889436504,0.56374020000735703,17234.650776926901,7742.0276143047004,0,10.903415579630099,268.78575001194002,268.78575001194002,0,0,0,0.53410435262317701,3.4075631588101198,10.904613563980099,3000.5260473818898,32087.464362168099,0.832666319193061,119.098398879211,5.1628958317451196e-06,1,1,4.1785150784548302,104.839935807651,219.10252376265399,105.144860554736,9.1177274002547097,57
47.100000000000001,10.8946252216397,314.21413453799602,54.570136212059403,21037.142414520298,2076.2630914016399,1372.9026812515101,0,335.17334874746598,9503.6672424673707,6663.23749825506,1084.7062588266199,17598.820651216902,17676.410954684601,77.590303467608607,1920.9018590757,547.99917782484101,505.24580252263002,262.30433128472401,44.628811955869899,27.097488694258502,0.57777661262720903,0.56494020000739098,17263.647302469999,7759.1492099911202,0,10.8916100744097,268.38917107344503,268.38917107344503,0,0,0,0.53389003314764705,3.4052334189270699,10.8927126609615,3000.5239620638399,32087.419761625199,0.83085001103991596,119.115990648108,5.1732968131545897e-06,1,1,4.1644964619793896,104.839935807651,219.10252376265399,105.144860554736,9.1177274002547097,57
47.200000000000003,10.8836827375415,314.21382873861899,54.5738414742193,21067.896601653902,2077.57309169159,1372.9026812515101,0,335.64734431202203,9515.5192123160705,6678.0470628472103,1087.06286374095,17628.248661778602,17705.838965246301,77.590303467608607,1920.9018590757,547.99917782484101,506.33446909578299,262.63144558751702,44.712709002424802,27.157422429610399,0.57962709248357303,0.56614020000742604,17292.601317467001,7776.25292330097,0,10.880758683762499,268.024788098405,268.024788098405,0,0,0,0.533694180055444,3.40309361877061,10.881770983814899,3000.52104189489,32087.3573054392,0.82918184952021301,119.132166930129,5.1838505896739704e-06,1,1,4.1505459475405102,104.839935807651,219.10252376265399,105.144860554736,9.1177274002547097,57
47.299999999999997,10.8736478496198,314.213442693491,54.577240175620602,21098.6058396648,2078.8792654495501,1372.9026812515101,0,336.12056505715498,9527.3484564565097,6692.8565947768602,1089.4194660565299,17657.636887154102,17735.227190621899,77.590303467608607,1920.9018590757,547.99917782484101,507.42209143468301,262.957932660653,44.796511947292203,27.217302450829902,0.58147779839353098,0.56734020000745999,17321.516322097399,7793.3402121175304,0,10.870809923855999,267.69082744056402,267.69082744056402,0,0,0,0.53351575914872396,3.4011334802278501,10.871736837998499,3000.5173554354601,32087.278460021102,0.82765352290279304,119.14700580749501,5.1943497965112303e-06,1,1,4.1366848132826997,104.839935807651,219.10252376265399,105.144860554736,9.1177274002547097,57
47.399999999999999,10.864471040455699,314.21298319216402,54.580349434926902,21129.273901014902,2080.1819387402402,1372.9026812515101,0,336.59307684998902,9539.1569099054195,6707.6660868027502,1091.7760651972201,17686.988699243499,17764.579002711202,77.590303467608607,1920.9018590757,547.99917782484101,508.508757573038,263.28384591060302,44.8802287466387,27.2771332813602,0.58332871140106801,0.56854020000749494,17350.395622394,7810.4124553711199,0,10.8617144883726,267.38559573273301,267.38559573273301,0,0,0,0.53335378511078801,3.3993431593710399,10.8625607072099,3000.5129675210201,32087.184612118799,0.82625711692230797,119.160581777549,5.2050454542040799e-06,1,1,4.1229325616079002,104.839935807651,219.10252376265399,105.144860554736,9.1177274002547097,57
47.5,10.856104904999199,314.21245665070001,54.583185576025301,21159.904346465701,2081.4814183742501,1372.9026812515101,0,337.06494183262799,9550.9463976178504,6722.4755323058998,1094.13266063638,17716.307280932699,17793.897584400402,77.590303467608607,1920.9018590757,547.99917782484101,509.594550708996,263.60923570613198,44.963866915081802,27.336919197813199,0.58517981361260496,0.56974020000752901,17379.2423391005,7827.4709563861597,0,10.8534251775464,267.10747663494101,267.10747663494101,0,0,0,0.53320731691092405,3.3977132334615998,10.8541951885854,3000.5079394204099,32087.077072202101,0.82498509595843394,119.172965905073,5.2154537115711702e-06,1,1,4.1093070163077501,104.839935807651,219.10252376265399,105.144860554736,9.1177274002547097,57
47.600000000000001,10.848504082682901,314.21186912771702,54.585764162181498,21190.500534923998,2082.7779929404801,1372.9026812515101,0,337.536218597595,9562.7186397604091,6737.2849252552396,1096.4892518941499,17745.5956347629,17823.185938230599,77.590303467608607,1920.9018590757,547.99917782484101,510.67954941265998,263.934149523847,45.047433545298396,27.396664240314799,0.58703108814777505,0.57094020000756396,17408.059416165699,7844.5169461190699,0,10.8458968284473,266.85492771256401,266.85492771256401,0,0,0,0.533075452761684,3.39623468642458,10.846594930171699,3000.5023289891901,32086.9570777384,0.82383028582390805,119.184225966772,5.2260438678786201e-06,1,1,4.0958244155415899,104.839935807651,219.10252376265399,105.144860554736,9.1177274002547097,57
47.700000000000003,10.84162518764,314.21122633990399,54.588100028798401,21221.065632864498,2084.0719337782198,1372.9026812515101,0,338.00696235552499,9574.4752567408705,6752.0942601745801,1098.8458385347999,17774.8565912423,17852.446894709999,77.590303467608607,1920.9018590757,547.99917782484101,511.76382782670902,264.25863208701099,45.1309353269002,27.456372222535901,0.58888251909225098,0.57214020000759802,17436.849628887201,7861.5515862889897,0,10.839086246792601,266.62647744606898,266.62647744606898,0,0,0,0.53295733627848496,3.3948988945482799,10.839716545660799,3000.4961908177302,32086.8257963586,0.82278585696489104,119.194426590164,5.2363211580086499e-06,1,1,4.0824995007974403,104.839935807651,219.10252376265399,105.144860554736,9.1177274002547097,57
47.799999999999997,10.8354267428154,314.21053367701302,54.590207314495203,21251.602623349001,2085.3634958932398,1372.9026812515101,0,338.47722509547901,9586.2177740085299,6766.9035321110796,1101.2024201642801,17804.092816816301,17881.683120284,77.590303467608607,1920.9018590757,547.99917782484101,512.84745586023905,264.58272549802803,45.214378564599997,27.516046741413,0.59073409145260802,0.57334020000763297,17465.6155917213,7878.5759724035197,0,10.8329521400383,266.420722357003,266.420722357003,0,0,0,0.53285214869377695,3.3936976148060798,10.8335185609576,3000.4895763743398,32086.6843289178,0.82184530889243201,119.203629385583,5.24702772963792e-06,1,1,4.0693456019705501,104.839935807651,219.10252376265399,105.144860554736,9.1177274002547097,57
47.899999999999999,10.829869114128501,314.20979621632301,54.592099490856903,21282.114314658698,2086.65291882163,1372.9026812515101,0,338.94705573825001,9597.9476266356105,6781.71273660519,1103.5589964277301,17833.306821510399,17910.897124978099,77.590303467608607,1920.9018590757,547.99917782484101,513.93049937600199,264.90646936489799,45.297769195692297,27.5756911865627,0.59258579111309595,0.57454020000766703,17494.3597657727,7895.5911366815499,0,10.827455052119801,266.23632425605302,266.23632425605302,0,0,0,0.53275910968337203,3.3926229715518001,10.8279613436935,3000.4825341434998,32086.5337124486,0.82100245520408699,119.211893072785,5.2573996072169402e-06,1,1,4.0563747186927497,104.839935807651,219.10252376265399,105.144860554736,9.1177274002547097,57
48,10.824914445193601,314.20901873663098,54.5937893909013,21312.6033485605,2087.94042744533,1372.9026812515101,0,339.41650028297801,9609.6661636912795,6796.5218696617903,1105.9155670072801,17862.500966258998,17940.091269726701,77.590303467608607,1920.9018590757,547.99917782484101,515.01302037117205,265.22990092193498,45.381112806871599,27.635308749393001,0.59443760479422603,0.57574020000770199,17523.084465976499,7912.5980508756502,0,10.822557299409199,266.072007592592,266.072007592592,0,0,0,0.53267747459200898,3.3916674421502,10.823007041835799,3000.4751097593298,32086.374923016901,0.82025140922032902,119.219273602323,5.2676950872410097e-06,1,1,4.0435975980408498,104.839935807651,219.10252376265399,105.144860554736,9.1177274002547097,57
48.100000000000001,10.820526597886801,314.20820573172801,54.595289235999203,21343.072208220201,2089.2262327623998,1372.9026812515101,0,339.88560194739301,9621.3746524192593,6811.3309277227499,1108.2721316198099,17891.677469933398,17969.2677734012,77.590303467608607,1920.9018590757,547.99917782484101,516.09507715177301,265.55305514507302,45.4644146504086,27.694902431915001,0.59628952001312596,0.57694020000773605,17551.7918679867,7929.5976289960099,0,10.8182229083118,265.92655691434197,265.92655691434197,0,0,0,0.53260653201736397,3.3908238469369598,10.818619523433901,3000.46734613438,32086.208878474299,0.81958657098902199,119.22582427049601,5.2782488637603802e-06,1,1,4.0310238087491799,104.839935807651,219.10252376265399,105.144860554736,9.1177274002547097,57
48.200000000000003,10.8166710859107,314.207361423404,54.596610662108702,21373.523225781501,2090.5105326152702,1372.9026812515101,0,340.35440130196599,9633.0742822273605,6826.1399076405996,1110.62869001489,17920.838416080798,17998.428719548599,77.590303467608607,1920.9018590757,547.99917782484101,517.17672450094005,265.87596486196998,45.547679659706397,27.754475055260698,0.59814152504553597,0.578140200007771,17580.484014779398,7946.5907299380497,0,10.814417554320199,265.79881442582899,265.79881442582899,0,0,0,0.53254560931670902,3.3900853340666601,10.8147643004486,3000.4592835837898,32086.036441113702,0.81900261366543203,119.231595831595,5.2886680350638901e-06,1,1,4.0186618120518398,104.839935807651,219.10252376265399,105.144860554736,9.1177274002547097,57
48.299999999999997,10.813315021303399,314.20648977399799,54.597764744297301,21403.958589622402,2091.7935123796101,1372.9026812515101,0,340.82293639826702,9644.76616849942,6840.9488066535596,1112.9852419727399,17949.985759386102,18027.576062853801,77.590303467608607,1920.9018590757,547.99917782484101,518.25801384113697,266.19866085722703,45.630912464256902,27.814029267911099,0.59999360888944697,0.57934020000780495,17609.162822988299,7963.57816001634,0,10.811108502448899,265.687677638428,265.687677638428,0,0,0,0.53249406378575503,3.389445372035,10.8114084855515,3000.4509599450898,32085.858420231601,0.81849447224962701,119.236636602945,5.2991090342402501e-06,1,1,4.0065190292736501,104.839935807651,219.10252376265399,105.144860554736,9.1177274002547097,57
48.399999999999999,10.810427052310301,314.20559449847201,54.598762020614103,21434.380351305099,2093.0753456166099,1372.9026812515101,0,341.29124289177503,9656.4513562375305,6855.7576223615397,1115.34178730239,17979.121331867402,18056.711635335101,77.590303467608607,1920.9018590757,547.99917782484101,519.33899339050697,266.52117197290403,45.714117404017003,27.873567553640601,0.60184576123023503,0.58054020000784001,17637.830088976101,7980.5606754068904,0,10.8082645492798,265.592097115282,265.592097115282,0,0,0,0.53245128177629797,3.3888977340347002,10.8085207330078,3000.4424106935699,32085.675574594901,0.81805733137325098,119.240992567346,5.30942270415835e-06,1,1,3.9946019062871398,104.839935807651,219.10252376265399,105.144860554736,9.1177274002547097,57
48.5,10.8079773076372,314.20467907605899,54.599612514776098,21464.790432231999,2094.3561946908299,1372.9026812515101,0,341.75935415939801,9668.1308235428605,6870.5663527036404,1117.69832583984,18008.246848816802,18085.837152284501,77.590303467608607,1920.9018590757,547.99917782484101,520.41970831347101,266.84352520459902,45.797298543226198,27.933092239182901,0.60369797240727596,0.58174020000787396,17666.4874946579,7997.5389845003701,0,10.8058559663859,265.511074299369,265.511074299369,0,0,0,0.53241668172922896,3.3884364884124198,10.8060711727376,3000.4336690534501,32085.488614819002,0.81768661437680801,119.24470747054799,5.3196345106698598e-06,1,1,3.9829159749508101,104.839935807651,219.10252376265399,105.144860554736,9.1177274002547097,57
48.600000000000001,10.8059373410135,314.20374676146997,54.600325758071001,21495.190630018798,2095.6362113559699,1372.9026812515101,0,342.22730141190198,9679.8054849417294,6885.3749959360803,1120.0548574463201,18037.3639144935,18114.954217961302,77.590303467608607,1920.9018590757,547.99917782484101,521.50020086574898,267.16574579323998,45.880459683676001,27.992605501620901,0.60555023338197,0.58294020000790903,17695.136613081999,8014.5137501673198,0,10.8038544452781,265.44365942589701,265.44365942589701,0,0,0,0.53238971059228402,3.3880559870464899,10.8040313602942,3000.4247661049199,32085.2982056574,0.81737797272536405,119.247822915499,5.3299590945243802e-06,1,1,3.97146591163941,104.839935807651,219.10252376265399,105.144860554736,9.1177274002547097,57
48.700000000000003,10.804280077108,314.20280059567898,54.600910810031102,21525.582624598901,2096.9155373103799,1372.9026812515101,0,342.69511380154199,9691.4761945661303,6900.1835506117804,1122.41138200668,18066.474027583401,18144.064331051199,77.590303467608607,1920.9018590757,547.99917782484101,522.58051053393694,267.48785731287597,45.963604377462303,28.052109375513801,0.607402535707114,0.58414020000794298,17723.7789137822,8031.4855919399497,0,10.802233043821801,265.38894951388897,265.38894951388897,0,0,0,0.53236984201874804,3.3877508550110602,10.802374224567799,3000.41573088717,32085.1049682046,0.81712727589214795,119.250378451399,5.3405965445563197e-06,1,1,3.96025559297542,104.839935807651,219.10252376265399,105.144860554736,9.1177274002547097,57
48.799999999999997,10.802979762911001,314.20184341629903,54.601376278528498,21555.9679840686,2098.1943047244499,1372.9026812515101,0,343.16281852500902,9703.1437491926499,6914.9920155606496,1124.7678994277901,18095.5785864301,18173.168889897901,77.590303467608607,1920.9018590757,547.99917782484101,523.66067416979297,267.80988175454598,46.046735939224,28.111605759758199,0.60925487149755897,0.58534020000797804,17752.415767905401,8048.4550881102004,0,10.800966134140999,265.34608643451003,265.34608643451003,0,0,0,0.53235657844952,3.3875159821528,10.801074008668399,3000.40659049738,32084.909482015199,0.81693060230504799,119.252411660378,5.3508883866015796e-06,1,1,3.9492881488684599,104.839935807651,219.10252376265399,105.144860554736,9.1177274002547097,57
48.899999999999999,10.8020119103043,314.20087786757102,54.601730339000497,21586.3481702842,2099.47263674125,1372.9026812515101,0,343.63044092197902,9714.8088911491395,6929.8003898709203,1127.1244096370899,18124.6788940488,18202.269197516602,77.590303467608607,1920.9018590757,547.99917782484101,524.74072611937595,268.13183960649798,46.129857457898297,28.171096424198002,0.61110723340211404,0.58654020000801199,17781.048453127201,8065.4227777484703,0,10.8000293518219,265.31425504707403,265.31425504707403,0,0,0,0.53234944430289799,3.3873465081262499,10.8001062312724,3000.3973701862101,32084.712287144499,0.81678422917249505,119.25395824051699,5.3613766795024301e-06,1,1,3.9385660129631201,104.839935807651,219.10252376265399,105.144860554736,9.1177274002547097,57
49,10.8013532523112,314.19990640994303,54.601980752827401,21616.7245442206,2100.7506479522499,1372.9026812515101,0,344.09800456938598,9726.4723110919495,6944.6086728713599,1129.48091258113,18153.776162929498,18231.366466397201,77.590303467608607,1920.9018590757,547.99917782484101,525.82069834717095,268.45374993085102,46.212971807995203,28.230583015980699,0.61295961457663695,0.58774020000804705,17809.678158360399,8082.3891626434897,0,10.7993995467834,265.29268141241897,265.29268141241897,0,0,0,0.53234799059784699,3.38723781765695,10.799447625231601,3000.3880934491999,32084.513886105498,0.816684624568497,119.255052085285,5.3719159041065697e-06,1,1,3.9280909705971401,104.839935807651,219.10252376265399,105.144860554736,9.1177274002547097,57
49.100000000000001,10.8009816923968,314.19893132929599,54.602134884990697,21647.0983711023,2102.0284448493699,1372.9026812515101,0,344.56553137163399,9738.1346506620393,6959.4168641142996,1131.8374082242999,18182.871519639299,18260.461823107002,77.590303467608607,1920.9018590757,547.99917782484101,526.900620555366,268.77563043689798,46.2960816604201,28.290067065674499,0.61481200865827401,0.58894020000808101,17838.305988267999,8099.3547091669197,0,10.799054735368101,265.28063106649103,265.28063106649103,0,0,0,0.53235178956371898,3.3871855272150602,10.799076098919601,3000.3787821149099,32084.3147457534,0.81662843863643697,119.255725359949,5.3824405767954903e-06,1,1,3.91786420436729,104.839935807651,219.10252376265399,105.144860554736,9.1177274002547097,57
49.200000000000003,10.800876258577199,314.19795474579098,54.602199721069702,21677.4708253143,2103.30612625503,1372.9026812515101,0,345.03304164690002,9749.7965050237799,6974.2249633597203,1134.1938965474601,18211.966009230498,18289.556312698202,77.590303467608607,1920.9018590757,547.99917782484101,527.98052029840301,269.09749755118003,46.379189492850401,28.3495499931465,0.61666440974079795,0.59014020000811596,17866.9329675839,8116.3198500640501,0,10.7989740539357,265.27740736138497,265.27740736138497,0,0,0,0.53236043948067202,3.3871854776728898,10.798970677114999,3000.3694564293701,32084.1152990923,0.81661249567167404,119.256008575183,5.3928524721413902e-06,1,1,3.9078863373953601,104.839935807651,219.10252376265399,105.144860554736,9.1177274002547097,57
49.299999999999997,10.801017058503099,314.19697862236501,54.602181883486601,21707.8429951037,2104.5837837310501,1372.9026812515101,0,345.50055420970102,9761.4584252921395,6989.0329705599597,1136.5503775468101,18241.0605994615,18318.650902929199,77.590303467608607,1920.9018590757,547.99917782484101,529.06042309293798,269.41936648447103,46.462297599686799,28.4090331132108,0.61851681235098799,0.59134020000815002,17895.560045252299,8133.2849861731602,0,10.7991377137862,265.282349866206,265.282349866206,0,0,0,0.53237355656691998,3.3872337261434899,10.7991114714423,3000.3601351372799,32083.9159470124,0.81663378648652096,119.25593065749401,5.4034462664276404e-06,1,1,3.8981574743877001,104.839935807651,219.10252376265399,105.144860554736,9.1177274002547097,57
49.399999999999999,10.8013852353471,314.19600477288401,54.602087647224202,21738.2158870772,2105.86150196779,1372.9026812515101,0,345.96808644985498,9773.1209208523196,7003.8408858452703,1138.9068512326701,18270.156184838401,18347.7464883061,77.590303467608607,1920.9018590757,547.99917782484101,530.14035252337396,269.741251295805,46.545408101589899,28.468517641052099,0.62036921142603496,0.59254020000818497,17924.188098389001,8150.2504880751903,0,10.7995269575426,265.29483283033397,265.29483283033397,0,0,0,0.532390778991367,3.3873265343952501,10.799479625802601,3000.3508355597501,32083.7170599536,0.81668946101662099,119.255519017406,5.4138290579430801e-06,1,1,3.8886772405766199,104.839935807651,219.10252376265399,105.144860554736,9.1177274002547097,57
49.5,10.8019629249931,314.19503486996598,54.601922954779901,21768.590430506101,2107.1393591545602,1372.9026812515101,0,346.43565440801302,9784.7844615775593,7018.6487095101902,1141.2633176284601,18299.253590483499,18376.8438939513,77.590303467608607,1920.9018590757,547.99917782484101,531.22033034308299,270.06316495368702,46.6285229546205,28.528004697433001,0.62222160229191703,0.59374020000821903,17952.817936076,8167.2166976767103,0,10.800124016720201,265.31426369842899,265.31426369842899,0,0,0,0.53241176528205303,3.3874603622394601,10.800057275446299,3000.34157366913,32083.518979505101,0.81677682123047601,119.254799614389,5.4245429055299601e-06,1,1,3.8794448186302901,104.839935807651,219.10252376265399,105.144860554736,9.1177274002547097,57
49.600000000000001,10.8027332152186,314.194070452468,54.601693430721703,21798.967481443698,2108.4174273323101,1372.9026812515101,0,346.903272847876,9796.4494799481199,7033.4564420005299,1143.6197767696499,18328.3535758377,18405.9438793054,77.590303467608607,1920.9018590757,547.99917782484101,532.30037657143805,270.385119394573,46.711643958991999,28.5874953136871,0.62407398064272201,0.59494020000825398,17981.450302990299,8184.1839297272199,0,10.800912070831099,265.34008168737898,265.34008168737898,0,0,0,0.53243619029079403,3.3876318585345002,10.8008275128668,3000.3323641604102,32083.3220199344,0.81689331443430402,119.2537970201,5.43481291970238e-06,1,1,3.8704589836130698,104.839935807651,219.10252376265399,105.144860554736,9.1177274002547097,57
49.700000000000003,10.803680106674401,314.19311293268601,54.601404395462097,21829.347826663699,2109.6957727294998,1372.9026812515101,0,347.370955325235,9808.1163730765402,7048.2640839011501,1145.9762287027299,18357.456838202299,18435.047141669998,77.590303467608607,1920.9018590757,547.99917782484101,533.38050958682504,270.70712557877101,46.794772767452997,28.646990436508101,0.62592634252083001,0.59614020000828805,18010.0858828776,8201.1524732735306,0,10.8018752075319,265.371756407497,265.371756407497,0,0,0,0.53246374798946605,3.3878378555584998,10.8017743400524,3000.3232205200202,32083.126469657702,0.817036526931464,119.252534478272,5.4454358178190904e-06,1,1,3.8617181360791601,104.839935807651,219.10252376265399,105.144860554736,9.1177274002547097,57
49.799999999999997,10.8047884716739,314.19216360321798,54.601060878677103,21859.732187425801,2110.9744560819499,1372.9026812515101,0,347.83871425397598,9819.7855046424902,7063.0716359242997,1148.3326734843499,18386.5640161271,18464.1543195948,77.590303467608607,1920.9018590757,547.99917782484101,534.46074621572598,271.02919354384301,46.877910893311501,28.706490932540198,0.62777868429802097,0.597340200008323,18038.725301873699,8218.1225930531691,0,10.8029983843167,265.40878654359898,265.40878654359898,0,0,0,0.53249415175968695,3.3880753573320002,10.802882627558599,3000.3141550913801,32082.932592643199,0.81720417742331597,119.25103396308,5.4561278375331304e-06,1,1,3.8532203333766599,104.839935807651,219.10252376265399,105.144860554736,9.1177274002547097,57
49.899999999999999,10.8060440221369,314.191223643564,54.600667632036497,21890.121223076199,2112.2535329376301,1372.9026812515101,0,348.306560969136,9831.4572067410008,7077.8790988987002,1150.68911118045,18415.6756926503,18493.265996118102,77.590303467608607,1920.9018590757,547.99917782484101,535.54110181801695,271.35133245561201,46.9610597181115,28.7659975927732,0.62963100265735406,0.59854020000835695,18067.369131681698,8235.0945308283008,0,10.8042673912902,265.45069857933498,265.45069857933498,0,0,0,0.53252712803660296,3.38834153593189,10.8041380894974,3000.3051791378698,32082.7406297581,0.81739411185852195,119.249316234565,5.4663832997903202e-06,1,1,3.8449633192386501,104.839935807651,219.10252376265399,105.144860554736,9.1177274002547097,57
49.969999999999999,10.807003227101299,314.19057182538899,54.600365182797098,21911.3966536074,2113.1491481827402,1372.9026812515101,0,348.63411146631398,9839.6290906925406,7088.2442704934001,1152.33861339133,18436.0568290474,18513.6471325151,77.590303467608607,1920.9018590757,547.99917782484101,536.29742906563501,271.57687640636902,47.019270939317401,28.807656310700999,0.63092760994517305,0.59938020000838199,18087.422717581601,8246.9760876571399,0,10.8052352513581,265.48270136309998,265.48270136309998,0,0,0,0.53255160540514002,3.3885434877793701,10.805097224420001,3000.2989547328002,32082.607512788702,0.81753923125405303,119.24799512379199,5.4738047765567899e-06,1,1,3.8393253280124,104.839935807651,219.10252376265399,105.144860554736,9.1177274002547097,57
49.979999999999997,10.8071453435651,314.19047914639998,54.600320252580303,21914.4362231829,2113.27711193903,1372.9026812515101,0,348.68090851289099,9840.7966232910694,7089.7250057880001,1152.57425628545,18438.968631123,18516.558934590699,77.590303467608607,1920.9018590757,547.99917782484101,536.40548139635598,271.60910029947399,47.027587329975702,28.8136078450156,0.63111283844310295,0.599500200008385,18090.287722610599,8248.6735385855809,0,10.805378554997001,265.48744196540298,265.48744196540298,0,0,0,0.53255518890717901,3.3885733265351301,10.805239332967201,3000.29806971364,32082.588585529498,0.81756073333858004,119.24779886737301,5.4748270486015801e-06,1,1,3.8385293764331698,104.839935807651,219.10252376265399,105.144860554736,9.1177274002547097,57
49.990000000000002,10.8072886944109,314.19038657976898,54.600274904171499,21917.475849967599,2113.4050805123002,1372.9026812515101,0,348.72770661683597,9841.9641868547005,7091.2057402095597,1152.8098991101001,18441.880487417398,18519.470790885101,77.590303467608607,1920.9018590757,547.99917782484101,536.51353515994197,271.64132504721499,47.035903849495398,28.819559453489799,0.63129806665422905,0.599620200008388,18093.152780801,8250.3710115232498,0,10.8055230803939,265.49222350483598,265.49222350483598,0,0,0,0.53255879430859299,3.38860340541037,10.805382673879601,3000.2971857674202,32082.569681221899,0.81758242247039503,119.247600784444,5.47586751054041e-06,1,1,3.8377357853030398,104.839935807651,219.10252376265399,105.144860554736,9.1177274002547097,57
50,10.807433266451101,314.19029412643198,54.600229141742702,21920.515534488201,2113.5330539469901,1372.9026812515101,0,348.77450578717799,9843.1317816478895,7092.6864737591504,1153.0455418653701,18444.7923983945,18522.3827018622,77.590303467608607,1920.9018590757,547.99917782484101,536.62159036861306,271.67355065689202,47.044220498976003,28.8255111367525,0.63148329457590102,0.59974020000839201,18096.017892607801,8252.0685066626902,0,10.8056688151631,265.497045568695,265.497045568695,0,0,0,0.53256242191007497,3.38863372153781,10.805527233515001,3000.2963029030898,32082.550800057499,0.81760429666155598,119.247400893232,5.4769261623732703e-06,1,1,3.8369445517330001,104.839935807651,219.10252376265399,105.144860554736,9.1177274002547097,57
50.009999999999998,10.807579047663401,314.19020178731898,54.600182969393202,21923.555277266201,2113.6610322871102,1372.9026812515101,0,348.821306032851,9844.2994079324599,7094.1672064378499,1153.28118455135,18447.704364514,18525.2946679817,77.590303467608607,1920.9018590757,547.99917782484101,536.72964703446303,271.70577713573101,47.052537279505799,28.831462895426501,0.63166852220549397,0.59986020000839502,18098.883058481701,8253.7660241945196,0,10.8058157469828,265.50190774640402,265.50190774640402,0,0,0,0.532566068913225,3.3886642722341498,10.8056730050521,3000.29542112951,32082.531942225702,0.81762635410045603,119.247199211649,5.4779957281425604e-06,1,1,3.8361556728103401,104.839935807651,219.10252376265399,105.144860554736,9.1177274002547097,57
50.020000000000003,10.8077260258717,314.19010956334699,54.6001363912264,21926.595078818002,2113.7890155762302,1372.9026812515101,0,348.868107362697,9845.4670659675503,7095.6479382467196,1153.51682716811,18450.6163862307,18528.2066896984,77.590303467608607,1920.9018590757,547.99917782484101,536.83770516946402,271.73800449088498,47.060854192161898,28.837414730127801,0.63185374954041096,0.59998020000839902,18101.748278868501,8255.4635643074198,0,10.805963863616199,265.50680963021398,265.50680963021398,0,0,0,0.53256973675324304,3.3886950556595798,10.8058199725747,3000.2945404554498,32082.513107914099,0.81764859295213499,119.24699575762099,5.4790580179542303e-06,1,1,3.8353691455989698,104.839935807651,219.10252376265399,105.144860554736,9.1177274002547097,57
50.030000000000001,10.807874188546799,314.19001745542499,54.600089411308502,21929.634939654599,2113.9170038574798,1372.9026812515101,0,348.91490978547199,9846.6347560097493,7097.12866918687,1153.7524697157501,18453.5284639948,18531.1187674625,77.590303467608607,1920.9018590757,547.99917782484101,536.94576478546799,271.77023272943501,47.069171238010803,28.843366641466499,0.63203897657807995,0.60010020000840203,18104.613554209802,8257.1611271881593,0,10.8061131528906,265.51175081452101,265.51175081452101,0,0,0,0.53257342478291603,3.3887260686456702,10.8059681247141,3000.2936608895898,32082.494297308102,0.81767101132819497,119.246790548915,5.4801457736175499e-06,1,1,3.8345849671396,104.839935807651,219.10252376265399,105.144860554736,9.1177274002547097,57
50.100000000000001,10.8089434807891,314.18937602376297,54.599749640135201,21950.9156673504,2114.81306513964,1372.9026812515101,0,349.24255806353699,9854.8095035054303,7107.4937615367799,1155.4019656211501,18473.914614526799,18551.504917994502,77.590303467608607,1920.9018590757,547.99917782484101,537.70222453555596,271.99585571401201,47.127394375628803,28.8850322166072,0.63333555730819302,0.60094020000842596,18124.672056463802,8269.0447201434799,0,10.8071900045764,265.54740595731801,265.54740595731801,0,0,0,0.53259978882876002,3.38894939719549,10.807037342601699,3000.2875356683999,32082.363302015401,0.81783281419625398,119.245306430618,5.4874908528290697e-06,1,1,3.82916122964382,104.839935807651,219.10252376265399,105.144860554736,9.1177274002547097,57
50.200000000000003,10.8105626711749,314.188470212499,54.599233117308401,21981.322115306601,2116.0936081879099,1372.9026812515101,0,349.71072624759302,9866.4906199316902,7122.3009633497704,1157.7583825367301,18503.0427755854,18580.633079053099,77.590303467608607,1920.9018590757,547.99917782484101,538.78301575469902,272.31825446123298,47.210582377104402,28.9445614209023,0.63518778837045597,0.60214020000846102,18153.3320493383,8286.0233515490108,0,10.8088190365334,265.60138244551899,265.60138244551899,0,0,0,0.53263900559552202,3.3892861916589201,10.8086564159748,3000.2788858079998,32082.178314702898,0.81807785687179801,119.243050279927,5.4979536798782596e-06,1,1,3.8216103173523601,104.839935807651,219.10252376265399,105.144860554736,9.1177274002547097,57
50.299999999999997,10.812279543910901,314.18757748009898,54.598683331931802,22011.7353229543,2117.3747206580401,1372.9026812515101,0,350.17901793511999,9878.1753535563803,7137.1080803947098,1160.11479270732,18532.177272179801,18609.7675756475,77.590303467608607,1920.9018590757,547.99917782484101,539.86397430107297,272.64075304313297,47.293785428158003,29.004099278321501,0.63703998552552199,0.60334020000849498,18181.998254245002,8303.0045629654396,0,10.810544683973699,265.65860089353902,265.65860089353902,0,0,0,0.532679855785821,3.38964187143142,10.810373166805199,3000.27036084154,32081.995998914299,0.81833772254972403,119.240648863223,5.5084346968215001e-06,1,1,3.8142885682829299,104.839935807651,219.10252376265399,105.144860554736,9.1177274002547097,57
50.399999999999999,10.8140834729413,314.18669852980003,54.598103821815499,22042.155688708899,2118.6564362495901,1372.9026812515101,0,350.64743991839799,9889.8639034865791,7151.9151139383703,1162.4711962336901,18561.3184535685,18638.908757036199,77.590303467608607,1920.9018590757,547.99917782484101,540.94510935706899,272.963356955069,47.377004355390198,29.0636462611876,0.63889214676845496,0.60454020000853004,18210.671013650401,8319.9884993537107,0,10.812356384472499,265.71870926782299,265.71870926782299,0,0,0,0.53272213981328997,3.39001433759256,10.812176967647201,3000.26196748445,32081.816498243101,0.81861080951819498,119.23811763751,5.5189375416375697e-06,1,1,3.80719254697819,104.839935807651,219.10252376265399,105.144860554736,9.1177274002547097,57
50.5,10.815964469224401,314.18583398564499,54.597497914095698,22072.583567534199,2119.9387850233902,1372.9026812515101,0,351.11599823396199,9901.5564467046006,7166.7220653100503,1164.8275932215799,18590.466630118299,18668.056933585998,77.590303467608607,1920.9018590757,547.99917782484101,542.02642907754102,273.28607108175601,47.460239893088698,29.123202788822201,0.64074427031279602,0.60574020000856399,18239.350631884601,8336.9752895676193,0,10.8142442101061,265.78137662919801,265.78137662919801,0,0,0,0.53276567082457904,3.3904016169011801,10.8140578277016,3000.2537116959002,32081.6399401079,0.81889561179667303,119.235471139187,5.5293021432589697e-06,1,1,3.8003186498656798,104.839935807651,219.10252376265399,105.144860554736,9.1177274002547097,57
50.600000000000001,10.8179131519395,314.18498439727699,54.596868734923198,22103.019273549398,2121.2217936188199,1372.9026812515101,0,351.58469820817999,9913.2531394012694,7181.52893589429,1167.1839837811699,18619.622075650899,18697.212379118599,77.590303467608607,1920.9018590757,547.99917782484101,543.10794065194295,273.60889973406103,47.543492688806197,29.1827692307543,0.64259635457747,0.60694020000859905,18268.037377443001,8353.96504732633,0,10.8161988383264,265.84629215724499,265.84629215724499,0,0,0,0.53281027115769397,3.3908018572637002,10.816006370078,3000.2455987245999,32081.466436733099,0.81919071474034399,119.232723026337,5.5395976232830401e-06,1,1,3.7936631247750499,104.839935807651,219.10252376265399,105.144860554736,9.1177274002547097,57
50.700000000000003,10.819920720088501,314.18415024452401,54.596219218833397,22133.463082514001,2122.5054854607602,1372.9026812515101,0,352.05354450069302,9924.9541182467292,7196.3357271241202,1169.5403680264401,18648.785029680199,18726.375333147898,77.590303467608607,1920.9018590757,547.99917782484101,544.189650363596,273.93184668408003,47.6267633086782,29.242345909781299,0.64444839817430599,0.608140200008633,18296.7314851798,8370.9578721417292,0,10.8182115238902,265.91316421196501,265.91316421196501,0,0,0,0.53285577553969898,3.39121332150218,10.818013795415,3000.2376331525602,32081.296086083901,0.81949479072299702,119.229886119637,5.5500931921414997e-06,1,1,3.7872220892625998,104.839935807651,219.10252376265399,105.144860554736,9.1177274002547097,57
50.799999999999997,10.8219789262102,314.18333194175,54.5955521177344,22163.9152341972,2123.78988095667,1372.9026812515101,0,352.52254114581899,9936.6595016014107,7211.1424404746704,1171.8967460747699,18677.955699545499,18755.546003013202,77.590303467608607,1920.9018590757,547.99917782484101,545.27156364619998,274.25491519856303,47.710052242493099,29.3019331048868,0.646300399896098,0.60934020000866795,18325.433158399799,8387.9538502026408,0,10.8202740718913,265.98171943397602,265.98171943397602,0,0,0,0.53290203171861295,3.3916343833670202,10.8200718523221,3000.2298189366802,32081.1289727564,0.81980659515536902,119.22697244161,5.5604286899324498e-06,1,1,3.7809915477993101,104.839935807651,219.10252376265399,105.144860554736,9.1177274002547097,57
50.899999999999999,10.8240800495429,314.18252984202002,54.594870009557297,22194.375934634601,2125.0749976842599,1372.9026812515101,0,352.99169159198902,9948.3693906699791,7225.9490774571595,1174.25311804639,18707.134262442501,18784.724565910201,77.590303467608607,1920.9018590757,547.99917782484101,546.35368513769595,274.57810807075799,47.7933599085233,29.361531054022301,0.64815235870527899,0.61054020000870202,18354.142570850599,8404.9530552176693,0,10.822378811681,266.05170187581899,266.05170187581899,0,0,0,0.53294889309980997,3.3920635200459799,10.822172826010499,3000.2221594484599,32080.965168827799,0.82012496243238697,119.223993254418,5.5709460866637503e-06,1,1,3.7749674078761601,104.839935807651,219.10252376265399,105.144860554736,9.1177274002547097,57
51,10.8262168702192,314.18174424105803,54.594175306588603,22224.845358279301,2126.3608505702,1372.9026812515101,0,353.46099873931502,9960.0838705997303,7240.7556396133996,1176.6094840639601,18736.320867359402,18813.911170827101,77.590303467608607,1920.9018590757,547.99917782484101,547.43601873154898,274.90142765072898,47.876686658126602,29.421139956757099,0.65000427372309899,0.61174020000873697,18382.859868620199,8421.9555492179697,0,10.824518571827801,266.12287216904099,266.12287216904099,0,0,0,0.53299622867558505,3.3924993093060598,10.824309490544699,3000.21465751188,32080.8047346649,0.820448802047134,119.220959096261,5.58164902031422e-06,1,1,3.7691454950753398,104.839935807651,219.10252376265399,105.144860554736,9.1177274002547097,57
51.100000000000001,10.828382647167199,314.18097538101398,54.593470263365603,22255.3236500481,2127.6474520601701,1372.9026812515101,0,353.93046497534601,9971.80301152623,7255.5621285104598,1178.96584425217,18765.515636918699,18843.105940386398,77.590303467608607,1920.9018590757,547.99917782484101,548.51856762559498,275.22487587422302,47.960032780126497,29.4807599767996,0.65185614421933502,0.61294020000877103,18411.585171943399,8438.9613833214298,0,10.826686656028199,266.19500672398902,266.19500672398902,0,0,0,0.53304391037305099,3.39294042351974,10.826475111116499,3000.2073154392901,32080.647719693799,0.82077709527430598,119.217879815879,5.5922464525792697e-06,1,1,3.76352156716111,104.839935807651,219.10252376265399,105.144860554736,9.1177274002547097,57
51.200000000000003,10.8305710915785,314.180223454052,54.5927569844796,22285.8109272701,2128.93481228062,1372.9026812515101,0,354.40009220907803,9983.5268695684608,7270.3685457358697,1181.3221987373199,18794.718669129201,18872.308972596999,77.590303467608607,1920.9018590757,547.99917782484101,549.60133436849503,275.54845429012198,48.043398504979002,29.540391244397501,0.653707969602496,0.61414020000880598,18440.318576920399,8455.9705984602006,0,10.828876819897101,266.267896959599,266.267896959599,0,0,0,0.53309182276051303,3.3933856239591398,10.828663398569899,3000.2001350657201,32080.4941631324,0.82110889118814701,119.21476460665799,5.60264015803114e-06,1,1,3.7580913272332599,104.839935807651,219.10252376265399,105.144860554736,9.1177274002547097,57
51.299999999999997,10.8327763483552,314.17948860576399,54.592037431775097,22316.3072815386,2130.2229391927399,1372.9026812515101,0,354.86988190330698,9995.2554877748098,7285.1748928930001,1183.67854764699,18823.930039054201,18901.520342521901,77.590303467608607,1920.9018590757,547.99917782484101,550.68432090392105,275.87216408656099,48.126784008736998,29.600033858620002,0.65555974941050799,0.61534020000884004,18469.0601571511,8472.9832260718904,0,10.831083248635199,266.34134856300398,266.34134856300398,0,0,0,0.53313985863829905,3.3938337598092101,10.8308684957592,3000.1931177814699,32080.3440946882,0.82144330389438103,119.211622038093,5.6135613704100302e-06,1,1,3.7528504359913901,104.839935807651,219.10252376265399,105.144860554736,9.1177274002547097,57
51.399999999999999,10.8349929719305,314.17877093839502,54.591313431532001,22346.8127804736,2131.5118387388002,1372.9026812515101,0,355.339835105372,10006.9888970224,7299.9811715968999,1186.0348911096801,18853.149800394101,18930.740103861801,77.590303467608607,1920.9018590757,547.99917782484101,551.76752861255602,276.19600611574901,48.210189416815602,29.6596878895262,0.65741148330185994,0.61654020000887499,18497.8099652889,8489.9992887571207,0,10.8333005357484,266.41518078461701,266.41518078461701,0,0,0,0.53318791710162705,3.3942837608522698,10.8330849593585,3000.1862645629099,32080.197535217099,0.82177950891248697,119.208460087191,5.6237877288367599e-06,1,1,3.7477945231553802,104.839935807651,219.10252376265399,105.144860554736,9.1177274002547097,57
51.5,10.837215905353499,314.17807051394902,54.5905866811854,22377.327469395601,2132.80151498122,1372.9026812515101,0,355.80995247639299,10018.7271168721,7314.7873834703096,1188.3912292544901,18882.377986993,18959.9682904607,77.590303467608607,1920.9018590757,547.99917782484101,552.85095835198001,276.519980917569,48.293614807572901,29.719353380226099,0.65926317104718002,0.61774020000890995,18526.5680345168,8507.0188009040994,0,10.835523662222201,266.489225748612,266.489225748612,0,0,0,0.53323590709269797,3.39473463265153,10.835307730303599,3000.17957600214,32080.054497356999,0.82211674005472701,119.205286167841,5.6348908401559996e-06,1,1,3.74291919807894,104.839935807651,219.10252376265399,105.144860554736,9.1177274002547097,57
51.600000000000001,10.8394404633109,314.17738735707502,54.589858755862402,22407.8513729146,2134.0919702348001,1372.9026812515101,0,356.28023431898902,10030.470156379401,7329.5935301400204,1190.74756221087,18911.614614266899,18989.204917734602,77.590303467608607,1920.9018590757,547.99917782484101,553.93461049453902,276.84408874194901,48.377060215704603,29.7790303488345,0.66111481252124804,0.61894020000894401,18555.334379948101,8524.0417692812207,0,10.8377479770881,266.56332780999702,266.56332780999702,0,0,0,0.53328374020009695,3.3951854559231101,10.837532129244201,3000.17305233453,32079.914986118099,0.82245428690362599,119.2021071594,5.6449207477271599e-06,1,1,3.7382200596041302,104.839935807651,219.10252376265399,105.144860554736,9.1177274002547097,57
51.700000000000003,10.841662309917499,314.17672145787998,54.589131114594998,22438.3844964405,2135.38320519226,1372.9026812515101,0,356.75068060362503,10042.218014865201,7344.3996132335096,1193.10389010831,18940.859680560799,19018.449984028499,77.590303467608607,1920.9018590757,547.99917782484101,555.01848496327602,277.16832957015401,48.460525635470901,29.838718790328599,0.66296640769540605,0.62014020000897896,18584.1089999574,8541.0681936000492,0,10.839969178062001,266.63734291409298,266.63734291409298,0,0,0,0.53333134011913297,3.3956353809414099,10.8397538156169,3000.16669346563,32079.778999457201,0.82279149149599795,119.198929433858,5.65605660085566e-06,1,1,3.7336927051881799,104.839935807651,219.10252376265399,105.144860554736,9.1177274002547097,57
51.799999999999997,10.8438774417587,314.17607277451299,54.588405106339501,22468.926827613599,2136.6752190433599,1372.9026812515101,0,357.22129099358301,10053.970682646501,7359.2056343757704,1195.4602130761,18970.1131684346,19047.703471902299,77.590303467608607,1920.9018590757,547.99917782484101,556.10258126600297,277.49270313492201,48.544011023751303,29.8984186783048,0.66481795663035403,0.62134020000901302,18612.891877441099,8558.0980670482404,0,10.842183293799399,266.71113800996801,266.71113800996801,0,0,0,0.53337863512974704,3.3960836223848201,10.841968785371099,3000.16049899577,32079.6465288053,0.82312774580318604,119.195758882153,5.6659846450202201e-06,1,1,3.72933273934804,104.839935807651,219.10252376265399,105.144860554736,9.1177274002547097,57
51.899999999999999,10.846082171582299,314.17544123569701,54.587681975666598,22499.478337662898,2137.9680095880199,1372.9026812515101,0,357.69206486863601,10065.728141728499,7374.0115951864,1197.8165312430999,18999.375045882301,19076.965349350001,77.590303467608607,1920.9018590757,547.99917782484101,557.18689852757404,277.81720893960397,48.627516302942702,29.958129966646499,0.66666945946933098,0.62254020000904797,18641.682981013899,8575.1313767953507,0,10.8443866660306,266.78459045968799,266.78459045968799,0,0,0,0.53342555583771301,3.3965294593347202,10.8441733573272,3000.15446824431,32079.517559584699,0.823462489309011,119.19260093906099,5.6759236031211904e-06,1,1,3.72513578144983,104.839935807651,219.10252376265399,105.144860554736,9.1177274002547097,57
52,10.848273108088099,314.17482674306302,54.586962868378698,22530.0389826916,2139.26157334348,1372.9026812515101,0,358.16300134747797,10077.490366461599,7388.8174972770303,1200.1728447375599,19028.645267486801,19106.235570954599,77.590303467608607,1920.9018590757,547.99917782484101,558.27143552045902,278.14184627626702,48.711041363703103,30.017852591101001,0.66852091643164602,0.62374020000908204,18670.482266139599,8592.1681044713205,0,10.84657593307,266.85758749330802,266.85758749330802,0,0,0,0.53347204596723197,3.3969722277386798,10.8463641322487,3000.1486002718898,32079.392071685899,0.82379520599366596,119.18946060774999,5.68623363506049e-06,1,1,3.72109747288322,104.839935807651,219.10252376265399,105.144860554736,9.1177274002547097,57
52.100000000000001,10.8504471447529,314.174229173382,54.5862488365687,22560.608704896,2140.5559056460202,1372.9026812515101,0,358.63409930896,10089.2573241625,7403.6233422488103,1202.5291536868699,19057.9237755145,19135.5140789822,77.590303467608607,1920.9018590757,547.99917782484101,559.35619069367306,278.466614242856,48.794586067549801,30.077586470774001,0.67037232780655998,0.62494020000911699,18699.289676205699,8609.2082266198904,0,10.848748013765899,266.93002567833298,266.93002567833298,0,0,0,0.53351804532471803,3.3974113218670401,10.848538013306101,3000.1428939017901,32079.2700399239,0.82412542268752997,119.18634248191201,5.6967728596646296e-06,1,1,3.7172134836548198,104.839935807651,219.10252376265399,105.144860554736,9.1177274002547097,57
52.200000000000003,10.852601439415199,314.17364838068301,54.585540843919702,22591.1874337175,2141.85100074714,1372.9026812515101,0,359.10535741219201,10101.0289757024,7418.4291316901199,1204.8854582174199,19087.2105009478,19164.800804415499,77.590303467608607,1920.9018590757,547.99917782484101,560.44116220013404,278.79151175941797,48.878150249314899,30.137331509539699,0.67222369394746895,0.62614020000915105,18728.105143535999,8626.2517151267402,0,10.850900092146601,267.00181041219298,267.00181041219298,0,0,0,0.53356350739259295,3.3978461862529001,10.8506921515072,3000.1373477400498,32079.151434469499,0.82445270601957699,119.183250768929,5.7073775678873096e-06,1,1,3.7134795184264502,104.839935807651,219.10252376265399,105.144860554736,9.1177274002547097,57
52.299999999999997,10.8547334029076,314.17308419824002,54.584839770341098,22621.775086933299,2143.1468519047398,1372.9026812515101,0,359.57677411553698,10112.8052760635,7433.2348671746604,1207.24175845441,19116.5053644648,19194.095667932499,77.590303467608607,1920.9018590757,547.99917782484101,561.52634792251695,279.11653758345398,48.961733719467396,30.197087597376498,0.67407501526644398,0.627340200009186,18756.9285903497,8643.2985376246306,0,10.853029602731301,267.07285543660902,267.07285543660902,0,0,0,0.53360838607696404,3.3982763171846599,10.8528239593397,3000.1319601945602,32079.036221256101,0.82477666073738298,119.180189310152,5.7176221162080799e-06,1,1,3.7098913220351699,104.839935807651,219.10252376265399,105.144860554736,9.1177274002547097,57
52.399999999999999,10.8568406836399,314.17253644046002,54.584146416706801,22652.371571686701,2144.4434514693598,1372.9026812515101,0,360.04834769456397,10124.586174864,7448.0405502594404,1209.5980545217601,19145.808277362099,19223.398580829798,77.590303467608607,1920.9018590757,547.99917782484101,562.61174549766497,279.44169032443,49.045336266307501,30.256854611624998,0.67592629222904499,0.62854020000921995,18785.7599296679,8660.3486578757802,0,10.8551342164263,267.14308237124902,267.14308237124902,0,0,0,0.53365263932329099,3.39870125736604,10.854931088033499,3000.1267294930699,32078.924362365498,0.82509692740956297,119.17716160162,5.7280776672996598e-06,1,1,3.7064446845168302,104.839935807651,219.10252376265399,105.144860554736,9.1177274002547097,57
52.5,10.8589211546503,314.17200490465899,54.583461509174697,22682.976785459799,2145.7407909656599,1372.9026812515101,0,360.52007625901098,10136.3716168549,7462.8461824832202,1211.9543465418801,19175.1191424276,19252.7094458953,77.590303467608607,1920.9018590757,547.99917782484101,563.69735233962695,279.76696845747699,49.128957658035702,30.316632418177399,0.67777752534942204,0.62974020000925501,18814.599066169001,8677.4020361328003,0,10.857211827157601,267.21242027164499,267.21242027164499,0,0,0,0.53369623209469796,3.3991205935608702,10.8570114070972,3000.1216537000601,32078.8158163892,0.82541318050038204,119.17417081294199,5.7386314438190303e-06,1,1,3.7031354456673902,104.839935807651,219.10252376265399,105.144860554736,9.1177274002547097,57
52.600000000000001,10.8609728997549,314.17148937272799,54.582785703595299,22713.590616992198,2147.0388611694898,1372.9026812515101,0,360.99195776876201,10148.161542388099,7477.6517653648698,1214.3106346356401,19204.4378547626,19282.0281582303,77.590303467608607,1920.9018590757,547.99917782484101,564.783165661373,280.09237033630399,49.212597644704097,30.3764208725967,0.679628715185703,0.63094020000928897,18843.445896994199,8694.4586294790006,0,10.859260539010601,267.28080520374601,267.28080520374601,0,0,0,0.53373913020558506,3.3995339552359201,10.8590630043182,3000.1167307327501,32078.710538770301,0.82572512630447803,119.171219806585,5.74901423533447e-06,1,1,3.6999594991645801,104.839935807651,219.10252376265399,105.144860554736,9.1177274002547097,57
52.700000000000003,10.862994201718299,314.17098961272001,54.582119589401302,22744.212947146101,2148.3376521804998,1372.9026812515101,0,361.46399004892601,10159.955887857899,7492.4573004019803,1216.6669189222,19233.764302557302,19311.354606025001,77.590303467608607,1920.9018590757,547.99917782484101,565.86918249525604,280.41789420539101,49.2962559600563,30.436219821171999,0.68147986233563995,0.63214020000932403,18872.3003125086,8711.5183921488006,0,10.861278653918401,267.34817983646599,267.34817983646599,0,0,0,0.53378130689841097,3.39994100997865,10.8610841584778,3000.1119583762202,32078.6084821267,0.82603250118595695,119.16831115486799,5.7592114899307498e-06,1,1,3.6969127962766599,104.839935807651,219.10252376265399,105.144860554736,9.1177274002547097,57
52.799999999999997,10.8649835316715,314.170505380333,54.581463693505398,22774.843649722301,2149.6371534907798,1372.9026812515101,0,361.93617080404198,10171.7545861166,7507.2627890697804,1219.0231995189499,19263.098367820901,19340.688671288601,77.590303467608607,1920.9018590757,547.99917782484101,566.95539971226697,280.743538211469,49.3799323232587,30.496029101911098,0.68333096743250998,0.63334020000935798,18901.162197017198,8728.5812758297907,0,10.8632646599557,267.41449305416899,267.41449305416899,0,0,0,0.53382273515805601,3.4003414631358999,10.8630733438986,3000.1073342975301,32078.509596553398,0.82633507000444695,119.16544715701799,5.7694560382515201e-06,1,1,3.69399134918205,104.839935807651,219.10252376265399,105.144860554736,9.1177274002547097,57
52.899999999999999,10.8669395354739,314.17003642029999,54.580818484076303,22805.4825922278,2150.9373540494698,1372.9026812515101,0,362.40849763143598,10183.557566866701,7522.06823281986,1221.37947654139,19292.439927069099,19370.030230536799,77.590303467608607,1920.9018590757,547.99917782484101,568.04181404014196,281.06930041432202,49.463626440529701,30.555848545474301,0.68518203114125997,0.63454020000939304,18930.031429437899,8745.6472299462803,0,10.8652172201494,267.47969958608599,267.47969958608599,0,0,0,0.533863392754792,3.4007350544501,10.8650292077073,3000.1028560590898,32078.413829908099,0.826632624073524,119.16262985566701,5.7799661590252097e-06,1,1,3.69119123392182,104.839935807651,219.10252376265399,105.144860554736,9.1177274002547097,57
53,10.868861024890901,314.16958246770201,54.580184373965999,22836.1296365977,2152.23824232364,1372.9026812515101,0,362.880968033785,10195.364757028199,7536.8736330793199,1223.7357501030699,19321.788851968799,19399.379155436502,77.590303467608607,1920.9018590757,547.99917782484101,569.12842208037603,281.39517879694199,49.547338006669101,30.615677976050499,0.68703305415486404,0.63574020000942699,18958.907883935,8762.7162019261305,0,10.8671351618398,267.54375965383599,267.54375965383599,0,0,0,0.53390326445750902,3.4011215568717899,10.866950553918301,3000.0985211310999,32078.321128077299,0.82692497984874702,119.159861051845,5.7904690038412801e-06,1,1,3.68850859301092,104.839935807651,219.10252376265399,105.144860554736,9.1177274002547097,57
53.100000000000001,10.8707469674429,314.169143249201,54.579561724148398,22866.784639873898,2153.5398063555199,1372.9026812515101,0,363.353579430916,10207.176081084899,7551.6789912498598,1226.0920203155299,19351.145009945001,19428.735313412701,77.590303467608607,1920.9018590757,547.99917782484101,570.21522032419205,281.72117127508102,49.631066706495702,30.675517212180399,0.68888403719091895,0.63694020000946205,18987.791430514098,8779.7881374509398,0,10.869017466449399,267.606638632255,267.606638632255,0,0,0,0.53394232874311798,3.4015007740723102,10.868836361623799,3000.0943269033701,32078.231435229602,0.82721197741118102,119.15714232000499,5.80091727897525e-06,1,1,3.6859396377242302,104.839935807651,219.10252376265399,105.144860554736,9.1177274002547097,57
53.200000000000003,10.8725964745882,314.16871848419299,54.5789508468919,22897.4474548414,2154.84203381629,1372.9026812515101,0,363.82632917087602,10218.991461408499,7566.4843087070703,1228.4482872882299,19380.5082647499,19458.098568217702,77.590303467608607,1920.9018590757,547.99917782484101,571.30220516751103,282.04727570619599,49.714812216194602,30.735366067527401,0.69073498098844599,0.63814020000949601,19016.681935578999,8796.8629806909194,0,10.870863259778099,267.66830672755998,267.66830672755998,0,0,0,0.53398057608514204,3.4018725369056,10.8706857349716,3000.0902706963302,32078.144694050101,0.827493478694596,119.15447502189799,5.8113764680456404e-06,1,1,3.68348065008048,104.839935807651,219.10252376265399,105.144860554736,9.1177274002547097,57
53.299999999999997,10.8744087949856,314.16830788588697,54.578352008831502,22928.1179306257,2156.1449120567199,1372.9026812515101,0,364.29921454031899,10230.810818563201,7581.2895867997804,1230.8045511285,19409.8784769958,19487.4687804635,77.590303467608607,1920.9018590757,547.99917782484101,572.38937292496905,282.37348989786398,49.79857420458,30.7952243516004,0.69258588630488704,0.63934020000953096,19045.579262455201,8813.9406745247597,0,10.872671802778701,267.72873867124798,267.72873867124798,0,0,0,0.53401799516760695,3.4022367046648299,10.872497923628501,3000.0863497713199,32078.060845961401,0.82776936648321398,119.151860319997,5.8218538470100603e-06,1,1,3.6811279845423699,104.839935807651,219.10252376265399,105.144860554736,9.1177274002547097,57
53.399999999999999,10.876183303153001,314.16791116231298,54.577765433949303,22958.795913251201,2157.4484281544201,1372.9026812515101,0,364.772232774202,10242.634071590101,7596.0948268495304,1233.16081194149,19439.2555046532,19516.845808120899,77.590303467608607,1920.9018590757,547.99917782484101,573.47671984303804,282.69981161561799,49.882352334275502,30.855091870427898,0.69443675391329995,0.64054020000956502,19074.4832718787,8831.0211607450492,0,10.874442482744399,267.78791342754897,267.78791342754897,0,0,0,0.53405457800228195,3.40259316082326,10.874272302316999,3000.0825613402499,32077.979831329601,0.82803954270649405,119.149299190527,5.8324731071479602e-06,1,1,3.6788780694508199,104.839935807651,219.10252376265399,105.144860554736,9.1177274002547097,57
53.5,10.8779194939932,314.16752801726898,54.5771913062257,22989.481246165,2158.7525689582899,1372.9026812515101,0,365.24538106489098,10254.4611382741,7610.9000301501601,1235.5170698301599,19468.639203518502,19546.229506986201,77.590303467608607,1920.9018590757,547.99917782484101,574.564242112275,283.02623859031598,49.966146262818498,30.914968427190001,0.69628758459970796,0.64174020000959997,19103.393822453399,8848.1043802507902,0,10.8761748049555,267.84581391594497,267.84581391594497,0,0,0,0.53409031802457996,3.4029418127207598,10.8760083662673,3000.0789025745898,32077.9015896565,0.82830392762458405,119.146792435054,5.8428231568541403e-06,1,1,3.6767274082117698,104.839935807651,219.10252376265399,105.144860554736,9.1177274002547097,57
53.600000000000001,10.879616972447399,314.16715815120102,54.576629772356,23020.173770724799,2160.0573211300898,1372.9026812515101,0,365.718656570642,10266.291935392301,7625.7051979673897,1237.8733248952401,19498.0294276493,19575.619731117,77.590303467608607,1920.9018590757,547.99917782484101,575.65193587876695,283.35276852501602,50.049955643691902,30.9748538228068,0.698138379160677,0.64294020000963403,19132.310771078501,8865.1902732268409,0,10.877868384657599,267.90242674455999,267.90242674455999,0,0,0,0.53412521040374605,3.4032825894827101,10.877705722123199,3000.0753706138198,32077.826059760599,0.82856245827015895,119.144340692353,5.8532496041152601e-06,1,1,3.67467258025113,104.839935807651,219.10252376265399,105.144860554736,9.1177274002547097,57
53.700000000000003,10.8812754459213,314.16680126202499,54.5760809443669,23050.873326655699,2161.3626711832098,1372.9026812515101,0,366.19205642349999,10278.126378946799,7640.5103315385904,1240.2295772351599,19527.426029769598,19605.016333237301,77.590303467608607,1920.9018590757,547.99917782484101,576.73979725477795,283.67939910136198,50.133780127282499,31.034747856486401,0.69998913840098498,0.64414020000966898,19161.233973345901,8882.2787793108801,0,10.879522939514899,267.957741959185,267.957741959185,0,0,0,0.53415925466062397,3.40361543948534,10.879364074298801,3000.0719625732199,32077.753179944099,0.82881508731007303,119.141944449843,5.8639598137233398e-06,1,1,3.67271024175218,104.839935807651,219.10252376265399,105.144860554736,9.1177274002547097,57
53.799999999999997,10.8828947188918,314.16645704588501,54.575544901812499,23081.579752474299,2162.6686055188802,1372.9026812515101,0,366.66557773668302,10289.9643843798,7655.3154320725598,1242.5858269461201,19556.828861649101,19634.4191651168,77.590303467608607,1920.9018590757,547.99917782484101,577.82782232866896,284.00612798556898,50.217619361777203,31.094650326235499,0.70183986313151803,0.64534020000970305,19190.163283912301,8899.3698377492401,0,10.8811382824305,268.01175280440401,268.01175280440401,0,0,0,0.53419244917381903,3.4039403316037302,10.8809832295265,3000.0686755512102,32077.6828881482,0.82906178223738303,119.13960405319,5.8744662965182198e-06,1,1,3.6708371261936898,104.839935807651,219.10252376265399,105.144860554736,9.1177274002547097,57
53.899999999999999,10.884474683848699,314.16612519786497,54.575021694252897,23112.292885883999,2163.97511045996,1372.9026812515101,0,367.139217611427,10301.8058667758,7670.12050074941,1244.9420741220399,19586.237774453799,19663.8280779216,77.590303467608607,1920.9018590757,547.99917782484101,578.91600717411097,284.33295283396598,50.301472993992498,31.154561029332601,0.703690554167263,0.646540200009738,19219.098556842298,8916.4633875414202,0,10.882714314694899,268.06445549546999,268.06445549546999,0,0,0,0.53422479617971097,3.4042572505616802,10.8825630786669,3000.06550663605,32077.615122098199,0.82930252400339999,119.137319717127,5.8850346249528204e-06,1,1,3.6690500447007701,104.839935807651,219.10252376265399,105.144860554736,9.1177274002547097,57
54,10.8860153170749,314.16580541264801,54.574511343226398,23143.012564142398,2165.2821722823401,1372.9026812515101,0,367.61297314335798,10313.650741047801,7684.9255387204703,1247.2983188545199,19615.652619072898,19693.242922540601,77.590303467608607,1920.9018590757,547.99917782484101,580.00434785862899,284.65987129814999,50.385340670145403,31.214479762768001,0.70554121232547995,0.64774020000977195,19248.039645929501,8933.5593675742493,0,10.884251019492901,268.11584900199398,268.11584900199398,0,0,0,0.53425629767223803,3.4045661993425802,10.8841035989826,3000.0624529121701,32077.549819437801,0.82953730638512901,119.135091534078,5.8953992265742298e-06,1,1,3.6673458862214998,104.839935807651,219.10252376265399,105.144860554736,9.1177274002547097,57
54.100000000000001,10.887516670018,314.165497385126,54.5740138444718,23173.738624401602,2166.5897772440098,1372.9026812515101,0,368.08684142837899,10325.498922110401,7699.73054710831,1249.65456123289,19645.073246420699,19722.663549888399,77.590303467608607,1920.9018590757,547.99917782484101,581.09284045151401,284.98688102976598,50.469222036568802,31.274406323650101,0.70739183842396502,0.64894020000980701,19276.986404992302,8950.6577167461292,0,10.885748455736801,268.16593484239002,268.16593484239002,0,0,0,0.53428695653380498,3.4048671936166599,10.8856048450434,3000.05951146601,32077.486917854199,0.82976613467944105,119.132919483864,5.90617128182203e-06,1,1,3.66572161754305,104.839935807651,219.10252376265399,105.144860554736,9.1177274002547097,57
54.200000000000003,10.888978864518601,314.16520081095501,54.573529169823502,23204.470904023499,2167.89791161223,1372.9026812515101,0,368.56081956812102,10337.350325039901,7714.5355270067603,1252.01080134419,19674.4995077161,19752.0898111838,77.590303467608607,1920.9018590757,547.99917782484101,582.18148103113401,285.31397968492098,50.553116740369497,31.334340509581299,0.70924243327949499,0.65014020000984096,19305.9386881479,8967.7583740819591,0,10.8872067522924,268.21471689128799,268.21471689128799,0,0,0,0.53431678113582004,3.4051602641133201,10.8870669328098,3000.0566793912799,32077.426355191001,0.829989024983529,119.13080344198301,5.9167468862142397e-06,1,1,3.6641742831592601,104.839935807651,219.10252376265399,105.144860554736,9.1177274002547097,57
54.299999999999997,10.8904020889774,314.16491538707902,54.573057268944602,23235.209240870201,2169.2065616884502,1372.9026812515101,0,369.03490467499302,10349.2048652226,7729.3404794810504,1254.3670392731899,19703.931254741299,19781.521558208999,77.590303467608607,1920.9018590757,547.99917782484101,583.27026569167504,285.64116492827202,50.637024430039503,31.394282119004501,0.71109299770634005,0.65134020000987602,19334.896350066199,8984.8612788390401,0,10.8886261024072,268.26220119359601,268.26220119359601,0,0,0,0.53434577636366698,3.40544545415074,10.888490053275699,3000.0539537940399,32077.368069555399,0.83020600361722197,119.12874318718001,5.9273370425216896e-06,1,1,3.6627010050017099,104.839935807651,219.10252376265399,105.144860554736,9.1177274002547097,57
54.399999999999999,10.8917865891703,314.16464081220602,54.572598071265503,23265.953473573001,2170.5157138314798,1372.9026812515101,0,369.50909387680201,10361.0624584902,7744.1454055678896,1256.7232751023801,19733.368340078399,19810.958643546099,77.590303467608607,1920.9018590757,547.99917782484101,584.35919054934095,285.96843443677801,50.720944756014603,31.454230951521399,0.71294353251493003,0.65254020000990998,19363.8592462015,9001.9663706044994,0,10.890006758497099,268.30839579038002,268.30839579038002,0,0,0,0.53437395051324299,3.4057228187661202,10.889874452004699,3000.0513317971399,32077.311999415298,0.83041710572820604,119.12673840991501,5.9377271099947401e-06,1,1,3.6612989820428501,104.839935807651,219.10252376265399,105.144860554736,9.1177274002547097,57
54.5,10.893132666918399,314.164376787246,54.572151487560703,23296.703441778998,2171.8253544787099,1372.9026812515101,0,369.98338432101502,10372.923021245701,7758.9503062756903,1259.0795089119999,19762.810617327799,19840.400920795499,77.590303467608607,1920.9018590757,547.99917782484101,585.44825174805499,286.29578590315901,50.804877371189299,31.5141868081848,0.71479403851060597,0.65374020000994504,19392.827233006701,9019.0735893848105,0,10.891349027192501,268.35331055335899,268.35331055335899,0,0,0,0.53440131184352402,3.40599242268418,10.8912204314038,3000.0488105445002,32077.258083688601,0.83062237509359504,119.124788719251,5.94816083321348e-06,1,1,3.6599654897849501,104.839935807651,219.10252376265399,105.144860554736,9.1177274002547097,57
54.600000000000001,10.894440674420901,314.16412301571,54.571717411408301,23327.458986376601,2173.1354701656501,1372.9026812515101,0,370.45777317867203,10384.786470577499,7773.7551825848204,1261.4357407800701,19792.2579413083,19869.848244776,77.590303467608607,1920.9018590757,547.99917782484101,586.53744546465805,286.62321703905502,50.888821931387703,31.574149491766399,0.71664451649248895,0.65494020000997899,19421.800168129601,9036.1828756878094,0,10.892653264679399,268.39695702912798,268.39695702912798,0,0,0,0.53442786952533705,3.4062543424163101,10.8925283439021,3000.0463872048399,32077.2062618249,0.83082186325933605,119.122893649224,5.95865276409313e-06,1,1,3.6586978796415202,104.839935807651,219.10252376265399,105.144860554736,9.1177274002547097,57
54.700000000000003,10.8957110084477,314.16387920407698,54.571295720883697,23358.2199497035,2174.44604754396,1372.9026812515101,0,370.93225764794698,10396.6527243647,7788.5600354478102,1263.7919707823801,19821.710168239701,19899.300471707498,77.590303467608607,1920.9018590757,547.99917782484101,587.62676791367301,286.95072557792901,50.972778095794901,31.634118807000199,0.718494967252431,0.65614020001001405,19450.777910592002,9053.2941705975009,0,10.8939198722629,268.43934829071799,268.43934829071799,0,0,0,0.53445363456454598,3.40650866132074,10.893798585129799,3000.0440589752302,32077.156473879899,0.83101562865726397,119.121052666246,5.9692320064641501e-06,1,1,3.6574935782220002,104.839935807651,219.10252376265399,105.144860554736,9.1177274002547097,57
54.799999999999997,10.8969441073477,314.16364506212,54.570886279803098,23388.986175734499,2175.75707339769,1372.9026812515101,0,371.40683495738801,10408.521701372099,7803.3648657896501,1266.1481989925501,19851.167155908701,19928.7574593764,77.590303467608607,1920.9018590757,547.99917782484101,588.71621535162399,287.27830927769202,51.056745527346401,31.6940945608048,0.72034539157408095,0.657340200010048,19479.7603209515,9070.4074158420899,0,10.8951492922303,268.48049879913998,268.48049879913998,0,0,0,0.53447861786392303,3.4067554715923398,10.895031593918199,3000.0418230842502,32077.108660583199,0.83120373615061605,119.119265174528,5.9799676819238803e-06,1,1,3.6563500865281,104.839935807651,219.10252376265399,105.144860554736,9.1177274002547097,57
54.899999999999999,10.8981404474192,314.163420303213,54.570488939098198,23419.757510253399,2177.06853465829,1372.9026812515101,0,371.881502368871,10420.3933213375,7818.16967450825,1268.50442548202,19880.628763819499,19958.219067287198,77.590303467608607,1920.9018590757,547.99917782484101,589.80578408095596,287.605965923101,51.1407238930841,31.754076562484201,0.72219579023200697,0.65854020001008295,19508.747261450801,9087.5225538557206,0,10.8963420039148,268.52042427151798,268.52042427151798,0,0,0,0.53450283041631597,3.4069948734064099,10.896227847752,3000.03967679478,32077.062763399299,0.83138625648172804,119.11753052208999,5.9904850786551799e-06,1,1,3.6552649790701999,104.839935807651,219.10252376265399,105.144860554736,9.1177274002547097,57
55,10.899300537232,314.1632046446,54.570103538126602,23450.533801007899,2178.3804184180799,1372.9026812515101,0,372.35625718026103,10432.2675050491,7832.9744624745599,1270.8606503200899,19910.0948533298,19987.685156797601,77.590303467608607,1920.9018590757,547.99917782484101,590.89547045357301,287.93369332791701,51.224712864476402,31.8140646239086,0.72404616399092303,0.65974020001011702,19537.7385961498,9104.6395278341697,0,10.8974985199669,268.55914155612902,268.55914155612902,0,0,0,0.53452628668819802,3.4072269716424302,10.897387851400699,3000.0376174067301,32077.018724583599,0.83156326540633996,119.115848006474,6.0007077991031102e-06,1,1,3.6542359029112301,104.839935807651,219.10252376265399,105.144860554736,9.1177274002547097,57
55.100000000000001,10.9004249186314,314.16299780764001,54.569729905646,23481.314897849399,2179.6927119424599,1372.9026812515101,0,372.83109672780603,10444.144174416901,7847.7792305331504,1273.2168735739799,19939.565287774301,20017.155591242099,77.590303467608607,1920.9018590757,547.99917782484101,591.98527087400896,288.26148933684999,51.3087121177049,31.874058559677099,0.72589651360498997,0.66094020001015197,19566.734191046799,9121.7582817849707,0,10.8986193828695,268.59666851551799,268.59666851551799,0,0,0,0.53454899570816905,3.4074518795481299,10.8985121528349,3000.0356422592499,32076.976487232099,0.83173484384704799,119.11421687900599,6.0109887272119497e-06,1,1,3.6532605766445401,104.839935807651,219.10252376265399,105.144860554736,9.1177274002547097,57
55.200000000000003,10.901514156436599,314.16279951802301,54.569367861195801,23512.100652858298,2181.0054026809398,1372.9026812515101,0,373.30601838828699,10456.0232525354,7862.5839795025004,1275.57309530882,19969.039932573,20046.630236040699,77.590303467608607,1920.9018590757,547.99917782484101,593.075181802266,288.58935182731,51.392721333924399,31.934058187263901,0.72774683981717403,0.66214020001018603,19595.733914184999,9138.87876057221,0,10.8997051616664,268.63302391673898,268.63302391673898,0,0,0,0.53457097401956399,3.40766971258221,10.8996013113938,3000.0337487328902,32076.935995325501,0.83190107632090804,119.11263635082,6.0213278629817102e-06,1,1,3.6523367893138499,104.839935807651,219.10252376265399,105.144860554736,9.1177274002547097,57
55.299999999999997,10.902568841560999,314.16260950596001,54.569017215994698,23542.890920456099,2182.3184782769999,1372.9026812515101,0,373.78101958090502,10467.9046637395,7877.3887101754399,1277.9293155876801,19998.518655328699,20076.108958796402,77.590303467608607,1920.9018590757,547.99917782484101,594.16519975632605,288.91727871094298,51.476740199487601,31.994063327145099,0.72959714335870096,0.66334020001022098,19624.737635748101,9156.0009099561194,0,10.900756448885,268.66822732801597,268.66822732801597,0,0,0,0.53459223489589403,3.40788059332528,10.900655918249001,3000.0319342513399,32076.8971937682,0.83206205141484402,119.111105596781,6.0318307077977798e-06,1,1,3.6514623992816899,104.839935807651,219.10252376265399,105.144860554736,9.1177274002547097,57
55.399999999999999,10.9035895857418,314.16242750635303,54.568677773871002,23573.6855575031,2183.6319265766601,1372.9026812515101,0,374.25609776897898,10479.7883336542,7892.1934233195998,1280.28553447166,20028.001325913301,20105.591629381001,77.590303467608607,1920.9018590757,547.99917782484101,595.25532131437501,289.24526793499803,51.560768406148597,32.054073802913798,0.73144742494854498,0.66454020001025504,19653.7452281445,9173.1246766282093,0,10.901773857669999,268.70229902244301,268.70229902244301,0,0,0,0.53461279002209905,3.4080846468570098,10.901676589583101,3000.0301962831199,32076.860028422499,0.83221786098008599,119.109623759543,6.0421916714403804e-06,1,1,3.65063533305206,104.839935807651,219.10252376265399,105.144860554736,9.1177274002547097,57
55.5,10.9045770178094,314.16225325894902,54.568349332330001,23604.484423386199,2184.94573563635,1372.9026812515101,0,374.73125046140802,10491.6741892382,7906.9981196778799,1282.64175201988,20057.487816542001,20135.078120009701,77.590303467608607,1920.9018590757,547.99917782484101,596.34554311673105,289.57331748352999,51.644805651238102,32.114089441376997,0.73329768529300399,0.66574020001029,19682.756566080901,9190.2500082419592,0,10.9027580189896,268.73525988406999,268.73525988406999,0,0,0,0.534632656554615,3.4082820026875398,10.902663948400001,3000.0285323429798,32076.824446140501,0.83236859956135201,119.108189954208,6.0529382608365301e-06,1,1,3.6498535840523498,104.839935807651,219.10252376265399,105.144860554736,9.1177274002547097,57
55.600000000000001,10.9055317830313,314.16208650845698,54.568031683241202,23635.2873800944,2186.2598937295402,1372.9026812515101,0,375.20647521396597,10503.5621588215,7921.8027999688102,1284.99796828951,20086.9780018399,20164.568305307599,77.590303467608607,1920.9018590757,547.99917782484101,597.43586186752202,289.90142537845099,51.728851637817101,32.1741100726437,0.73514792508530502,0.66694020001032395,19711.7715266263,9207.3768534393203,0,10.9037095791836,268.76713132541499,268.76713132541499,0,0,0,0.534651846494404,3.4084727919775699,10.9036186449885,3000.0269399930698,32076.7903947878,0.83251436429494197,119.106803271329,6.0634265537373696e-06,1,1,3.6491152113812402,104.839935807651,219.10252376265399,105.144860554736,9.1177274002547097,57
55.700000000000003,10.9064545398005,314.16192700466399,54.567724613807101,23666.0942922836,2187.5743893526201,1372.9026812515101,0,375.68176963037001,10515.4521721373,7936.60746488717,1287.3541833358499,20116.471758896201,20194.062062363999,77.590303467608607,1920.9018590757,547.99917782484101,598.52627433610496,290.22958968039399,51.812906074804701,32.234135530195097,0.73699814500529304,0.66814020001035901,19740.789989266301,9224.5051618733305,0,10.904629197510401,268.797935204922,268.797935204922,0,0,0,0.534670376011395,3.40865715008953,10.9045413341846,3000.0254168440501,32076.7578232673,0.83265525440113797,119.105462781132,6.0737002058886e-06,1,1,3.6484183385261599,104.839935807651,219.10252376265399,105.144860554736,9.1177274002547097,57
55.799999999999997,10.907345956479199,314.161774502529,54.567427907272503,23696.905027331199,2188.8892112297899,1372.9026812515101,0,376.15713136320699,10527.344160349499,7951.4121151043601,1289.71039721231,20145.968967311201,20223.5592707789,77.590303467608607,1920.9018590757,547.99917782484101,599.61677735826595,290.55780848948302,51.896968677087798,32.2941656509458,0.73884834571914204,0.66934020001039296,19769.811835948301,9241.6348842269708,0,10.9055175439303,268.82769375227798,268.82769375227798,0,0,0,0.534688259087997,3.4088352126661001,10.9054326867408,3000.02396055593,32076.726681537799,0.83279137070026599,119.10416753661499,6.0842503444291702e-06,1,1,3.64776115205549,104.839935807651,219.10252376265399,105.144860554736,9.1177274002547097,57
55.899999999999999,10.908206712081199,314.16162876224399,54.567141343565702,23727.719455382099,2190.2043483172902,1372.9026812515101,0,376.63255811469401,10539.238056074701,7966.2167512689402,1292.0666099705099,20175.469509235001,20253.059812702701,77.590303467608607,1920.9018590757,547.99917782484101,600.70736783718701,290.886079945939,51.981039165610298,32.3542002752936,0.74069852787913504,0.67054020001042802,19798.836951120498,9258.7659722290191,0,10.906375297079601,268.856429500155,268.856429500155,0,0,0,0.53470551182878601,3.4090071184420001,10.906293377956899,3000.02256883873,32076.696920627499,0.83292281571444804,119.102916576347,6.0947495512664301e-06,1,1,3.64714190029038,104.839935807651,219.10252376265399,105.144860554736,9.1177274002547097,57
56,10.9090374903023,314.161489549306,54.566864700052299,23758.5374493862,2191.5197898068,1372.9026812515101,0,377.10804763728498,10551.133793400801,7981.0213740071304,1294.4228216602801,20204.973269398201,20282.5635728659,77.590303467608607,1920.9018590757,547.99917782484101,601.79804274423395,291.21440223058801,52.065117267445501,32.414239247159102,0.74254869212346997,0.67174020001046197,19827.865221761102,9275.8983786665194,0,10.907203142277099,268.88416521698798,268.88416521698798,0,0,0,0.534722148313586,3.4091730060702901,10.907124094501301,3000.0212394530899,32076.668492647499,0.83304969275375296,119.10170892775299,6.1052414821460801e-06,1,1,3.6465588919602401,104.839935807651,219.10252376265399,105.144860554736,9.1177274002547097,57
56.100000000000001,10.9098389816125,314.161356634551,54.566597752074102,23789.3588851268,2192.8355251281801,1372.9026812515101,0,377.583597734139,10563.031307900301,7995.8259839232696,1296.7790323297099,20234.4801351356,20312.070438603299,77.590303467608607,1920.9018590757,547.99917782484101,602.88879911953597,291.54277356522903,52.1492027158491,32.474282414014901,0.74439883907611404,0.67294020001049704,19856.896537401801,9293.0320573941499,0,10.9080017697397,268.91092384676301,268.91092384676301,0,0,0,0.53473818187340605,3.4093330161877899,10.907925529863901,3000.0199702106802,32076.641350800099,0.83317210623297699,119.100543609466,6.1157079471740897e-06,1,1,3.6460104948446599,104.839935807651,219.10252376265399,105.144860554736,9.1177274002547097,57
56.200000000000003,10.910611878979401,314.16122979419202,54.5663402736294,23820.183641242002,2194.1515439514701,1372.9026812515101,0,378.05920625943901,10574.930536640601,8010.6305816003896,1299.1352420251901,20263.989996402801,20341.5802998705,77.590303467608607,1920.9018590757,547.99917782484101,603.97963407240195,291.87119221291999,52.233295250297303,32.534329626905702,0.74624896934670204,0.67414020001053099,19885.930790143699,9310.1669633409601,0,10.908771872920299,268.93672845288802,268.93672845288802,0,0,0,0.53475363052576497,3.4094872892319299,10.908698370712999,3000.0187589744701,32076.615449384801,0.833290161016085,119.09941963430001,6.1261998780537397e-06,1,1,3.6454951344061,104.839935807651,219.10252376265399,105.144860554736,9.1177274002547097,57
56.299999999999997,10.911356877848,314.16110880983098,54.566092037726499,23851.0115992397,2195.4678361884498,1372.9026812515101,0,378.53487111863302,10586.831418190301,8025.4351676006399,1301.49145079145,20293.502745786998,20371.093049254701,77.590303467608607,1920.9018590757,547.99917782484101,605.07054478157499,292.199656478159,52.3173946165129,32.594380740462398,0.74809908353045196,0.67534020001056605,19914.967874668699,9327.3030525149297,0,10.9095141469359,268.961602165096,268.961602165096,0,0,0,0.53476850788224894,3.4096359664208098,10.909443315085801,3000.0176036589301,32076.590743802401,0.83340396241032,119.098336010785,6.1364626162685496e-06,1,1,3.6450112924175699,104.839935807651,219.10252376265399,105.144860554736,9.1177274002547097,57
56.399999999999999,10.9120746735169,314.16099346847398,54.5658528171057,23881.842643504999,2196.7843919934699,1372.9026812515101,0,379.01059026851198,10598.7338926225,8040.2397424658902,1303.8476586716399,20323.0182785119,20400.608581979599,77.590303467608607,1920.9018590757,547.99917782484101,606.16152849532898,292.52816470695802,52.401500566472897,32.654435612904699,0.749949182208142,0.6765402000106,19944.007688243699,9344.4402820043197,0,10.910229287092999,268.985568129591,268.985568129591,0,0,0,0.53478282973975,3.40977918878303,10.9101610564721,3000.0165022300998,32076.567190557002,0.83351361576286098,119.097291746322,6.1471473600249704e-06,1,1,3.6445575055857899,104.839935807651,219.10252376265399,105.144860554736,9.1177274002547097,57
56.5,10.912765959762501,314.16088356251498,54.565622384531203,23912.676661302099,2198.10120176381,1372.9026812515101,0,379.48636171721103,10610.637901514299,8055.0443067181504,1306.2038657072801,20352.5364924364,20430.126795904202,77.590303467608607,1920.9018590757,547.99917782484101,607.25258253143204,292.85671528684998,52.485612858407897,32.714494106039297,0.75179926594608504,0.67774020001063495,19973.050130719599,9361.5786099778707,0,10.9109179876263,269.00864946635897,269.00864946635897,0,0,0,0.53479661033265302,3.40991709656178,10.9108522906354,3000.0154527054901,32076.544747253502,0.833619226247858,119.09628584844999,6.1579230532515803e-06,1,1,3.6441323641747601,104.839935807651,219.10252376265399,105.144860554736,9.1177274002547097,57
56.600000000000001,10.9134314300392,314.16077888972802,54.565400513239197,23943.513542770699,2199.4182561396201,1372.9026812515101,0,379.96218352411398,10622.543387944799,8069.8488608601201,1308.5600719383699,20382.057288050899,20459.647591518598,77.590303467608607,1920.9018590757,547.99917782484101,608.34370427698104,293.18530664681202,52.569731256786397,32.774556085251099,0.75364933529615896,0.67894020001066901,20002.095104527099,9378.7179956821001,0,10.911580940444701,269.03086922671798,269.03086922671798,0,0,0,0.53480986173948097,3.4100498295523298,10.9115177156127,3000.01445315401,32076.5233725951,0.83372089904716495,119.095317326808,6.16830584476702e-06,1,1,3.64373451063312,104.839935807651,219.10252376265399,105.144860554736,9.1177274002547097,57
56.700000000000003,10.9140717728121,314.16067925324899,54.565186977372697,23974.3531809175,2200.73554600333,1372.9026812515101,0,380.43805379966801,10634.4502964891,8084.6534053757296,1310.9162774034201,20411.580568465699,20489.170871933398,77.590303467608607,1920.9018590757,547.99917782484101,609.43489118811101,293.513937257122,52.653855532292198,32.834621419488101,0.75549939079583694,0.68014020001070397,20031.142514666299,9395.8583994374494,0,10.912218833927,269.05225035253102,269.05225035253102,0,0,0,0.534822602740752,3.4101775285954901,10.9121580112514,3000.0135016957202,32076.5030263804,0.83381873863466105,119.09438519502601,6.1789214669261102e-06,1,1,3.6433626382244699,104.839935807651,219.10252376265399,105.144860554736,9.1177274002547097,57
56.799999999999997,10.9146876715355,314.16058446153602,54.5649815523944,24005.195471601801,2202.0530624786502,1372.9026812515101,0,380.91397070508901,10646.3585732105,8099.45794073052,1313.27248213948,20441.106239397199,20518.696542864898,77.590303467608607,1920.9018590757,547.99917782484101,610.52614078960801,293.84260562912601,52.737985461787602,32.894689981239502,0.75734943296826696,0.68134020001073803,20060.192268692401,9412.9997826320105,0,10.912832351984401,269.07281564437397,269.07281564437397,0,0,0,0.53483484677090098,3.41030032999234,10.9127738642201,3000.01259650154,32076.483669494501,0.83391284877018002,119.093488472526,6.1892678786534799e-06,1,1,3.6430154896656499,104.839935807651,219.10252376265399,105.144860554736,9.1177274002547097,57
56.899999999999999,10.9152798059762,314.16049432833501,54.564784015277198,24036.040313518301,2203.37079692926,1372.9026812515101,0,381.38993245203602,10658.268165650399,8114.2624673723403,1315.62868618218,20470.634209150201,20548.2245126179,77.590303467608607,1920.9018590757,547.99917782484101,611.617450674407,294.17131031496598,52.8221208282703,32.954761646510299,0.75919946232236302,0.68254020001077298,20089.2442766985,9430.1421077141495,0,10.9134221730212,269.09258772631301,269.09258772631301,0,0,0,0.53484660677067197,3.4104183721439201,10.9133659566396,3000.0117357928698,32076.465263902701,0.83400333269926397,119.09262618535401,6.1997743614483599e-06,1,1,3.6426918557744599,104.839935807651,219.10252376265399,105.144860554736,9.1177274002547097,57
57,10.91584884886,314.16040867262802,54.564594144894599,24066.887608174198,2204.6887409569999,1372.9026812515101,0,381.86593730217999,10670.179022816499,8129.0669857316698,1317.9848895657899,20500.1643885958,20577.7546920635,77.590303467608607,1920.9018590757,547.99917782484101,612.70881850300896,294.50004990724898,52.906261420821401,33.014836294791003,0.76104947935290601,0.68374020001080704,20118.2984512939,9447.2853381836194,0,10.913988969136801,269.11158901875001,269.11158901875001,0,0,0,0.53485789993458899,3.4105317903310199,10.9139349547149,3000.0109178411199,32076.4477726396,0.83409029263810197,119.091797367883,6.2101280491333497e-06,1,1,3.6423905741276701,104.839935807651,219.10252376265399,105.144860554736,9.1177274002547097,57
57.100000000000001,10.916395466141401,314.16032731858797,54.564411722253602,24097.7372598644,2206.00688639997,1372.9026812515101,0,382.34198356674,10682.0910951683,8143.8714962221602,1320.34109232322,20529.696691147099,20607.286994614798,77.590303467608607,1920.9018590757,547.99917782484101,613.80024200280604,294.82882303866398,52.990407034546202,33.0749138090221,0.76289948454067802,0.68494020001084199,20147.354707580598,9464.4294385813992,0,10.914533405257099,269.129841708931,269.129841708931,0,0,0,0.534868735842849,3.4106407190785899,10.914481533745899,3000.0101409672702,32076.431159799798,0.834173829812354,119.091001063824,6.2205253925640102e-06,1,1,3.6421105277325601,104.839935807651,219.10252376265399,105.144860554736,9.1177274002547097,57
57.200000000000003,10.9169203150642,314.16025009551498,54.564236530856803,24128.589175641999,2207.3252253300602,1372.9026812515101,0,382.81806960592002,10694.004334601799,8158.6759992411899,1322.69729448609,20559.2310327306,20636.8213361983,77.590303467608607,1920.9018590757,547.99917782484101,614.89171896734194,295.15762838153898,53.074557470506598,33.134994075555902,0.76474947835261298,0.68614020001087594,20176.412963125,9481.5743744778792,0,10.915056138475,269.14736772846402,269.14736772846402,0,0,0,0.53487913075413396,3.4107452909034599,10.915006346294801,3000.0094035412299,32076.415390524799,0.83425404415822801,119.09023632781199,6.2309336499310996e-06,1,1,3.64185064371198,104.839935807651,219.10252376265399,105.144860554736,9.1177274002547097,57
57.299999999999997,10.9174240458771,314.16017683777198,54.564068356751903,24159.4432652863,2208.6437500504398,1372.9026812515101,0,383.29419382833902,10705.918694432199,8173.4804951702099,1325.0534960847599,20588.7673317566,20666.357635224402,77.590303467608607,1920.9018590757,547.99917782484101,615.98324725548798,295.48646464736902,53.158712535649002,33.195076984112802,0.766599461241945,0.68734020001091101,20205.473137928599,9498.7201124607709,0,10.9155578173651,269.16418872999498,269.16418872999498,0,0,0,0.53488909997899303,3.4108456371473199,10.9155100381031,3000.0087039813202,32076.400430990499,0.83433103458246705,119.08950222561199,6.2413819250650704e-06,1,1,3.6416098920057198,104.839935807651,219.10252376265399,105.144860554736,9.1177274002547097,57
57.399999999999999,10.9179072989839,314.16010738471903,54.563906988886302,24190.299441267998,2209.9624530927299,1372.9026812515101,0,383.77035469038401,10717.834129375,8188.2849843753602,1327.40969714836,20618.305509086,20695.895812553699,77.590303467608607,1920.9018590757,547.99917782484101,617.07482479057296,295.81533058630998,53.242872042725203,33.255162427737503,0.76844943364839802,0.68854020001094496,20234.535154395999,9515.8666201213691,0,10.916039081413301,269.180326067723,269.180326067723,0,0,0,0.53489865339235698,3.41094188621565,10.915993257185599,3000.0080407535202,32076.386248392799,0.834404898524434,119.088797835674,6.2519029597751796e-06,1,1,3.6413872840887098,104.839935807651,219.10252376265399,105.144860554736,9.1177274002547097,57
57.5,10.918370704633301,314.16004158063703,54.5637522192552,24221.157618712201,2211.2813272138701,1372.9026812515101,0,384.24655069553802,10729.750595526601,8203.0894672078393,1329.76589770484,20647.845487994899,20725.4357914627,77.590303467608607,1920.9018590757,547.99917782484101,618.16644955944798,296.14422498661798,53.327035810209303,33.315250302749,0.77029939599835895,0.68974020001098002,20263.598937299801,9533.0138660400298,0,10.916500560494599,269.19580077956903,269.19580077956903,0,0,0,0.53490780776018998,3.4110341654168699,10.916456626546299,3000.00741237083,32076.372810933,0.83447573190655799,119.088122249771,6.2623439589515303e-06,1,1,3.6411818717072602,104.839935807651,219.10252376265399,105.144860554736,9.1177274002547097,57
57.600000000000001,10.9188148840541,314.159979274656,54.563603842991803,24252.017715358499,2212.6003653929301,1372.9026812515101,0,384.72278039365602,10741.6680503434,8217.8939440043996,1332.1220977810001,20677.3871941385,20754.9774976062,77.590303467608607,1920.9018590757,547.99917782484101,619.25811961149998,296.47314667408602,53.411203662209999,33.375340508691004,0.77214934870508201,0.69094020001101397,20292.6644137453,9550.1618197713997,0,10.9169428743901,269.21063357065998,269.21063357065998,0,0,0,0.53491657185104802,3.41112259955898,10.9169007760102,3000.0068173925301,32076.360087802001,0.83454362930569304,119.087474573398,6.2725957832299198e-06,1,1,3.6409927456345401,104.839935807651,219.10252376265399,105.144860554736,9.1177274002547097,57
57.700000000000003,10.919240447619201,314.15992032066998,54.563461658612603,24282.879651520001,2213.91956082765,1372.9026812515101,0,385.19904238021297,10753.5864526191,8232.6984150878707,1334.47829740252,20706.930555511801,20784.5208589795,77.590303467608607,1920.9018590757,547.99917782484101,620.34983305762796,296.80209451142298,53.495375428377997,33.435432948277999,0.77399929216889796,0.69214020001104903,20321.731513132101,9567.3104518280907,0,10.9173666323713,269.22484479907098,269.22484479907098,0,0,0,0.53492496193258898,3.4112073119700299,10.9173263081175,3000.0062544234402,32076.3480491642,0.83460868367046903,119.086853926836,6.2830804381519598e-06,1,1,3.6408190344457201,104.839935807651,219.10252376265399,105.144860554736,9.1177274002547097,57
57.799999999999997,10.9196479948078,314.15986457725597,54.563325468136597,24313.7433500392,2215.2389069308401,1372.9026812515101,0,385.67533529551599,10765.5057624622,8247.5028807674007,1336.83449659402,20736.475502409099,20814.065805876799,77.590303467608607,1920.9018590757,547.99917782484101,621.44158806917301,297.131067397626,53.579550943808599,33.495527527339497,0.77584922677743695,0.69334020001108299,20350.800167114001,9584.45973366422,0,10.9177724328735,269.23845446457199,269.23845446457199,0,0,0,0.534932989035248,3.4112884224328499,10.917733825408501,3000.0057221130401,32076.336666139799,0.83467098631357195,119.086259445672,6.2937215261626997e-06,1,1,3.6406599033139999,104.839935807651,219.10252376265399,105.144860554736,9.1177274002547097,57
57.899999999999999,10.920038113343301,314.15981190758703,54.563195077132598,24344.6087362447,2216.5583973266998,1372.9026812515101,0,386.15165782391898,10777.425941273001,8262.3073413391394,1339.1906953790501,20766.0219673834,20843.612270851201,77.590303467608607,1920.9018590757,547.99917782484101,622.53338287682095,297.460064267338,53.663730048947002,33.555624154764402,0.77769915290582903,0.69454020001111805,20379.870309559999,9601.6096376589394,0,10.918160863149501,269.251482196751,269.251482196751,0,0,0,0.53494066615492297,3.4113660499724801,10.9181239145073,3000.0052191547502,32076.325910788299,0.83473062677809495,119.08569028100899,6.3042934925761099e-06,1,1,3.6405145528295,104.839935807651,219.10252376265399,105.144860554736,9.1177274002547097,57
58,10.9204113816317,314.15976217934701,54.563070294821301,24375.4757379037,2217.8780258469101,1372.9026812515101,0,386.62800869297001,10789.3469517183,8277.1117970864798,1341.54689378017,20795.5698852034,20873.1601886711,77.590303467608607,1920.9018590757,547.99917782484101,623.62521576947404,297.789084090166,53.747912589483001,33.6157227424412,0.77954907091696801,0.695740200011152,20408.941876510999,9618.7601370980792,0,10.918532499006799,269.263947245905,269.263947245905,0,0,0,0.53494800389536001,3.4114403100863302,10.9184971552168,3000.00474428504,32076.315756089702,0.834787693208491,119.085145599904,6.3149745983537303e-06,1,1,3.6403822178383902,104.839935807651,219.10252376265399,105.144860554736,9.1177274002547097,57
58.100000000000001,10.920768364243701,314.15971526463602,54.5629509342495,24406.344285175499,2219.1977865267299,1372.9026812515101,0,387.10438667257199,10801.268757707199,8291.9162482806096,1343.9030918189601,20825.119192809201,20902.709496276901,77.590303467608607,1920.9018590757,547.99917782484101,624.71708509309201,298.11812586999901,53.832098416248598,33.675823205199599,0.78139898116173101,0.69694020001118695,20438.014806137198,9635.9112061569504,0,10.918887904604,269.27586847595597,269.27586847595597,0,0,0,0.53495501353983399,3.41151131662361,10.9188541136973,3000.0042962825601,32076.306175926198,0.83484227165826397,119.084624586133,6.3255902205128197e-06,1,1,3.64026216630621,104.839935807651,219.10252376265399,105.144860554736,9.1177274002547097,57
58.200000000000003,10.9211096142157,314.15967103988601,54.562836812313698,24437.214310563399,2220.5176736009498,1372.9026812515101,0,387.58079057411499,10813.1913243654,8306.7206951808403,1346.2592895160501,20854.669829268601,20932.260132736301,77.590303467608607,1920.9018590757,547.99917782484101,625.80898924951896,298.44718864431201,53.916287385113698,33.735925460748703,0.783248883979208,0.69814020001122101,20467.089038695001,9653.0628198818104,0,10.9192276322308,269.28726435683097,269.28726435683097,0,0,0,0.53496170901969298,3.41157918084552,10.919195337919501,3000.0038739673,32076.297145064102,0.83489444644000399,119.08412644028699,6.3359475461766098e-06,1,1,3.6401536982034499,104.839935807651,219.10252376265399,105.144860554736,9.1177274002547097,57
58.299999999999997,10.9214356738539,314.159629385762,54.562727749709303,24468.085748865,2221.83768149975,1372.9026812515101,0,388.05721924960397,10825.114618010201,8321.5251380350201,1348.6154868911599,20884.221735732201,20961.8120391999,77.590303467608607,1920.9018590757,547.99917782484101,626.90092669529201,298.77627148345402,54.000479356876802,33.796029429616297,0.78509877969698105,0.69934020001125596,20496.164516483099,9670.2149541713497,0,10.919552222166899,269.29815295947702,269.29815295947702,0,0,0,0.53496809952852897,3.4116440112833399,10.919521373580199,3000.0034761997099,32076.2886391348,0.83494430024690103,119.083650379556,6.3463376136496697e-06,1,1,3.6400561444151802,104.839935807651,219.10252376265399,105.144860554736,9.1177274002547097,57
58.399999999999999,10.921747072238199,314.15959018706798,54.562623571179302,24498.958537123599,2223.1578048445999,1372.9026812515101,0,388.53367159075998,10837.0386061233,8336.3295770799305,1350.9716839631501,20913.774855386699,20991.3651588545,77.590303467608607,1920.9018590757,547.99917782484101,627.99289594043501,299.10537348992398,54.084674197158101,33.856135035085501,0.78694866863134505,0.70054020001129003,20525.241183796501,9687.3675857581202,0,10.9198622025904,269.30855195257402,269.30855195257402,0,0,0,0.53497419576016203,3.4117059144203101,10.919832750459999,3000.0031018797599,32076.280634614599,0.83499191376959903,119.08319563880799,6.3563602452631997e-06,1,1,3.6399688656741001,104.839935807651,219.10252376265399,105.144860554736,9.1177274002547097,57
58.5,10.9220443260072,314.15955333266101,54.562524105403398,24529.832614577401,2224.47803844391,1372.9026812515101,0,389.01014652812898,10848.9632573256,8351.1340125418192,1353.3278807500001,20943.329133409799,21020.919436877601,77.590303467608607,1920.9018590757,547.99917782484101,629.08489554723803,299.43449379765798,54.1688717762895,33.9162422031335,0.78879855108757202,0.70174020001132498,20554.318986882099,9704.5206921895206,0,10.920158089419999,269.31847859701202,269.31847859701202,0,0,0,0.53498001085744196,3.4117649934784802,10.920129980149801,3000.0027499460998,32076.273108807502,0.83503736581485999,119.08276147010901,6.3666084315627796e-06,1,1,3.6398912515174402,104.839935807651,219.10252376265399,105.144860554736,9.1177274002547097,57
58.600000000000001,10.922327940825401,314.15951871534497,54.562429185064602,24560.707922608501,2225.7983772889302,1372.9026812515101,0,389.48664303017,10860.888541349799,8365.9384446365002,1355.68407726891,20972.884516923099,21050.474820390798,77.590303467608607,1920.9018590757,547.99917782484101,630.176924129035,299.763631571281,54.253071969203702,33.976350862365997,0.79064842736015595,0.70294020001135904,20583.397873893198,9721.6742518087794,0,10.9204403863561,269.32794974706599,269.32794974706599,0,0,0,0.53498555106030099,3.4118213503866701,10.920413576513999,3000.0024193750801,32076.266039823699,0.83508073352854795,119.08234714300799,6.3771440181881198e-06,1,1,3.6398227192681598,104.839935807651,219.10252376265399,105.144860554736,9.1177274002547097,57
58.700000000000003,10.922598409102401,314.15948623178099,54.562338646847401,24591.584404693,2227.1188165493099,1372.9026812515101,0,389.96316010235699,10872.814429014499,8380.7428735699305,1358.04027353624,21002.4409549456,21080.031258413299,77.590303467608607,1920.9018590757,547.99917782484101,631.26898034898295,300.092786005383,54.337274655324897,34.036460943956399,0.792498297733087,0.70414020001139399,20612.477794843599,9738.8282437359194,0,10.920709584809901,269.33698184784203,269.33698184784203,0,0,0,0.53499083026789396,3.4118750837501399,10.920684023858501,3000.0021091798899,32076.259406560399,0.83512209204568799,119.08195194453,6.3875086198095198e-06,1,1,3.6397627130416801,104.839935807651,219.10252376265399,105.144860554736,9.1177274002547097,57
58.799999999999997,10.9228562108889,314.159455782392,54.562252331481197,24622.462006349699,2228.4393515688898,1372.9026812515101,0,390.43969678626701,10884.7408921974,8395.5472995384698,1360.39646956764,21031.998398347801,21109.588701815599,77.590303467608607,1920.9018590757,547.99917782484101,632.36106291882402,300.42195632379003,54.4214797184584,34.0965723815807,0.794348162480084,0.70534020001142805,20641.558701561898,9755.9826478488503,0,10.920966163876701,269.34559093415299,269.34559093415299,0,0,0,0.53499585645200298,3.41192628965505,10.920941806489299,3000.0018184096498,32076.253188683899,0.83516151462627797,119.081575179369,6.3979314290918401e-06,1,1,3.6397107027751701,104.839935807651,219.10252376265399,105.144860554736,9.1177274002547097,57
58.899999999999999,10.9231018146594,314.15942727126702,54.562170083703997,24653.340675088901,2229.7599778613699,1372.9026812515101,0,390.91625215866702,10896.6679038083,8410.3517227292905,1362.7526653780001,21061.556799804301,21139.147103272,77.590303467608607,1920.9018590757,547.99917782484101,633.45317059765796,300.75114177881198,54.505687046677899,34.1566851113543,0.79619802186486099,0.706540200011463,20670.640547645799,9773.1374447638009,0,10.9212105903837,269.35379263198899,269.35379263198899,0,0,0,0.53500063900981698,3.4119750623721798,10.921187392796099,3000.00154614845,32076.247366608401,0.83519907277390604,119.081216169722,6.4086125348694597e-06,1,1,3.6396661832814599,104.839935807651,219.10252376265399,105.144860554736,9.1177274002547097,57
59,10.923335675825101,314.15940060606101,54.5620917522767,24684.220360362098,2231.0806911059999,1372.9026812515101,0,391.39282533061402,10908.595437763101,8425.1561433206807,1365.1088609814999,21091.116113747201,21168.7064172149,77.590303467608607,1920.9018590757,547.99917782484101,634.54530219072501,301.080341650528,54.589896532218198,34.216799071769501,0.79804787614138595,0.70774020001149796,20699.723288416899,9790.2926158166792,0,10.921443318962099,269.36160216073699,269.36160216073699,0,0,0,0.535005188770315,3.4120214928713199,10.9214212352526,3000.0012915144898,32076.241921476802,0.835234836007267,119.080874255355,6.41904262010939e-06,1,1,3.63962867332897,104.839935807651,219.10252376265399,105.144860554736,9.1177274002547097,57
59.100000000000001,10.9235582385268,314.159375697911,54.562017189921299,24715.101013510801,2232.4014871433001,1372.9026812515101,0,391.86941544655201,10920.523468957101,8439.9605614824195,1367.46505639165,21120.6762963207,21198.2665997884,77.590303467608607,1920.9018590757,547.99917782484101,635.63745654817501,301.40955524604601,54.674108071363399,34.276914203632103,0.79989772555413197,0.70894020001153202,20728.806880874399,9807.4481430441192,0,10.921664792023099,269.36903433223199,269.36903433223199,0,0,0,0.53500951174299005,3.4120656704939401,10.9216437840587,3000.0010536591799,32076.236835142801,0.83526887213340895,119.080548793331,6.4295782067347301e-06,1,1,3.63959771474316,104.839935807651,219.10252376265399,105.144860554736,9.1177274002547097,57
59.200000000000003,10.923769933859401,314.15935246133301,54.561946253385798,24745.9825877162,2233.7223619707802,1372.9026812515101,0,392.34602168340399,10932.4519732383,8454.7649773760404,1369.82125162131,21150.237305333801,21227.827608801501,77.590303467608607,1920.9018590757,547.99917782484101,636.72963256385799,301.73878189877399,54.758321564337898,34.337030449998899,0.80174757033833199,0.71014020001156697,20757.891283650701,9824.6040091642408,0,10.921875439912,269.37610355576697,269.37610355576697,0,0,0,0.53501362065117797,3.41210768097549,10.921855462129299,3000.00083176621,32076.232090150301,0.835301246975231,119.08023915829401,6.4402775024063902e-06,1,1,3.63957287153419,104.839935807651,219.10252376265399,105.144860554736,9.1177274002547097,57
59.299999999999997,10.9239711814031,314.15933081413101,54.561878803318201,24776.865037949301,2235.0433117386801,1372.9026812515101,0,392.82264324969299,10944.380927381901,8469.5693911551807,1372.1774466827201,21179.799100215401,21257.389403683101,77.590303467608607,1920.9018590757,547.99917782484101,637.82182917412399,302.06802096770502,54.842536915198103,34.397147756114798,0.80359741072022195,0.71134020001160103,20786.976456965898,9841.7601975582293,0,10.922075680995301,269.38282384087597,269.38282384087597,0,0,0,0.53501752038588402,3.4121476088613001,10.922056696926999,3000.0006250506499,32076.227669714299,0.83533202460487799,119.07994474191899,6.4507585193496197e-06,1,1,3.6395537290475399,104.839935807651,219.10252376265399,105.144860554736,9.1177274002547097,57
59.399999999999999,10.924162389411601,314.15931067730401,54.561814704290498,24807.7483209204,2236.3643327457398,1372.9026812515101,0,393.29927938464499,10956.3103090638,8484.3738029659198,1374.5336415874699,21209.3616419684,21286.9519454361,77.590303467608607,1920.9018590757,547.99917782484101,638.91404535662002,302.39727183669402,54.926754031724798,34.457266069352698,0.80544724691730596,0.71254020001163598,20816.0623625839,9858.9166922516106,0,10.9222659217599,269.38920880053797,269.38920880053797,0,0,0,0.53502122161301802,3.41218553600776,10.922247890903201,3000.00043275812,32076.223557702499,0.83536126737163996,119.07966495301299,6.4611376728862499e-06,1,1,3.63953989313835,104.839935807651,219.10252376265399,105.144860554736,9.1177274002547097,57
59.5,10.924343952843801,314.159291974957,54.5617538248042,24838.6323950306,2237.6854214350201,1372.9026812515101,0,393.775929357314,10968.240096834999,8499.1782129469502,1376.8898363466301,21238.924893124899,21316.515196592602,77.590303467608607,1920.9018590757,547.99917782484101,640.00628012911704,302.72653391375297,55.010972825316699,34.517385339151197,0.80729707913859206,0.71374020001167005,20845.1489637677,9876.0734778958995,0,10.9224465569188,269.39527165456701,269.39527165456701,0,0,0,0.53502473349695301,3.4122215410600401,10.922429437414401,3000.0002541638701,32076.219738617099,0.83538903560025102,119.079399217541,6.4716332417447103e-06,1,1,3.63953098936951,104.839935807651,219.10252376265399,105.144860554736,9.1177274002547097,57
59.600000000000001,10.924516256954901,314.15927463421002,54.561696037075301,24869.517220322301,2239.0065743897499,1372.9026812515101,0,394.25259246572301,10980.1702700965,8513.9826212300704,1379.2460309706701,21268.4888177018,21346.0791211695,77.590303467608607,1920.9018590757,547.99917782484101,641.09853254833399,303.05580663034198,55.095193210884801,34.577505516955,0.80914690758484598,0.714940200011705,20874.2362252362,9893.2305397503205,0,10.9226179695843,269.40102523534,269.40102523534,0,0,0,0.53502805859506297,3.4122557014160799,10.922601732090699,3000.0000885719301,32076.216197575301,0.83541538813930705,119.079146977688,6.4825871959328702e-06,1,1,3.6395266622325502,104.839935807651,219.10252376265399,105.144860554736,9.1177274002547097,57
59.700000000000003,10.9246796736261,314.15925858509797,54.561641217213797,24900.402758431799,2240.3277883292399,1372.9026812515101,0,394.72926803600097,10992.1008090739,8528.7870279402705,1381.6022254695399,21298.053381156798,21375.643684624501,77.590303467608607,1920.9018590757,547.99917782484101,642.19080170878794,303.38508944069099,55.179415106749097,34.637626556155404,0.81099673244882498,0.71614020001173895,20903.3241131209,9910.3878636640293,0,10.922780531469201,269.40648199439403,269.40648199439403,0,0,0,0.535031209635496,3.4122880911015101,10.922765136456301,2999.9999353141998,32076.212920290101,0.83544038179937696,119.07890769263901,6.4926898630801597e-06,1,1,3.6395265743925398,104.839935807651,219.10252376265399,105.144860554736,9.1177274002547097,57
59.799999999999997,10.924834564723399,314.15924376050498,54.561589244990103,24931.288972540999,2241.6490601048599,1372.9026812515101,0,395.20595542154501,11004.0316947927,8543.5914331960794,1383.95841985268,21327.618550345502,21405.208853813201,77.590303467608607,1920.9018590757,547.99917782484101,643.28308674165498,303.71438182110501,55.2636384345358,34.697748412031601,0.81284655391551397,0.71734020001177401,20932.412594924001,9927.5454360583099,0,10.9229346028677,269.411654001709,269.411654001709,0,0,0,0.53503419177438905,3.41231878254152,10.9229200165828,2999.9997937497701,32076.209893056101,0.83546407186602301,119.078680837561,6.5034364524763103e-06,1,1,3.63953040595446,104.839935807651,219.10252376265399,105.144860554736,9.1177274002547097,57
59.899999999999999,10.9249812804035,314.159230096052,54.561540003912697,24962.175827330801,2242.9703866960099,1372.9026812515101,0,395.68265400217598,11015.9629090538,8558.3958371098797,1386.3146141290199,21357.184293477701,21434.774596945401,77.590303467608607,1920.9018590757,547.99917782484101,644.37538681364504,304.04368326929,55.347863119075299,34.757871041692397,0.814696372162381,0.71854020001180796,20961.501639475598,9944.7032439087907,0,10.923080533070401,269.41655295952103,269.41655295952103,0,0,0,0.53503701324698905,3.4123478467205901,10.923066720351899,2999.9996632638499,32076.207102726799,0.83548651184016198,119.078465903943,6.5137865021824803e-06,1,1,3.6395378537520999,104.839935807651,219.10252376265399,105.144860554736,9.1177274002547097,57
59.969999999999999,10.9250792996349,314.15922118806799,54.561507099549303,24983.796988696198,2243.8953463691,1372.9026812515101,0,396.01634935030302,11024.3149451467,8568.7589191082407,1387.9639500634601,21377.880638794901,21455.4709422626,77.590303467608607,1920.9018590757,547.99917782484101,645.14000538317805,304.274199419659,55.406821166809202,34.799957320768598,0.81599124311079996,0.71938020001183201,20981.8642894447,9956.7138427929294,0,10.923178021771101,269.419825849061,269.419825849061,0,0,0,0.53503889549419403,3.4123672592414098,10.9231647320485,2999.99957819887,32076.205283685402,0.83550150392318001,119.07832227896699,6.5209351305384197e-06,1,1,3.6395450644905898,104.839935807651,219.10252376265399,105.144860554736,9.1177274002547097,57
59.979999999999997,10.9250929957284,314.15921995823402,54.561502501431697,24986.885749646801,2244.0274854855802,1372.9026812515101,0,396.06402052675901,11025.5081052639,8570.2393593463603,1388.1995694789,21380.837280699401,21458.427584167101,77.590303467608607,1920.9018590757,547.99917782484101,645.24923716144394,304.30713063234998,55.415243795040602,34.805969674856598,0.81617622455618899,0.71950020001183601,20984.773260172798,9958.4296513090703,0,10.9231916432385,269.42028315813502,269.42028315813502,0,0,0,0.53503915737955099,3.4123699714637299,10.9231784290387,2999.9995664548201,32076.2050325491,0.83550359875719105,119.07830220855,6.5220629039686199e-06,1,1,3.63954622220959,104.839935807651,219.10252376265399,105.144860554736,9.1177274002547097,57
59.990000000000002,10.9251066161381,314.15921873890801,54.561497928619197,24989.974516403701,2244.15962509884,1372.9026812515101,0,396.11169180462298,11026.701268357099,8571.7197995729293,1388.43518889342,21383.793927802999,21461.384231270698,77.590303467608607,1920.9018590757,547.99917782484101,645.358469075936,304.34006192717999,55.4236664355616,34.811982035953299,0.81636120597239803,0.71962020001183902,20987.682235998502,9960.1454619583092,0,10.923205189316599,269.42073793851398,269.42073793851398,0,0,0,0.53503941955482004,3.4123726686654599,10.923192046448101,2999.9995548111101,32076.2047835583,0.835505682017885,119.07828224858901,6.5231251937802898e-06,1,1,3.6395474110214199,104.839935807651,219.10252376265399,105.144860554736,9.1177274002547097,57
60,10.925120160634201,314.15921753002999,54.561493381017598,24993.0632889349,2244.2917652061701,1372.9026812515101,0,396.15936318333399,11027.8944344098,8573.2002397880497,1388.67080830703,21386.750580076699,21464.340883544399,77.590303467608607,1920.9018590757,547.99917782484101,645.46770112590104,304.37299330369399,55.432089088304203,34.817994404019899,0.81654618735958495,0.71974020001184302,20990.591216893499,9961.8612747289098,0,10.9232186603285,269.42119020101899,269.42119020101899,0,0,0,0.53503968007688996,3.4123753504766401,10.923205588824199,2999.9995432671699,32076.2045367012,0.83550775367007601,119.078262398673,6.5241583797614996e-06,1,1,3.6395486306596299,104.839935807651,219.10252376265399,105.144860554736,9.1177274002547097,57
60.009999999999998,10.925133630712899,314.15921633154198,54.561488858481702,24996.152067208401,2244.4239058048302,1372.9026812515101,0,396.20703466233198,11029.0876034058,8574.6806799918395,1388.9064277197399,21389.707237492101,21467.2975409598,77.590303467608607,1920.9018590757,547.99917782484101,645.57693331058499,304.40592476144002,55.440511753200802,34.8240067790178,0.81673116871791296,0.71986020001184603,20993.500202829899,9963.5770896091199,0,10.923232056599099,269.42163995653698,269.42163995653698,0,0,0,0.53503993702428898,3.4123780176288099,10.9232190607145,2999.9995318224601,32076.2042919659,0.83550981394253698,119.078242658169,6.5251188061665701e-06,1,1,3.6395498808592701,104.839935807651,219.10252376265399,105.144860554736,9.1177274002547097,57
60.020000000000003,10.925147025684501,314.15921514338902,54.561484360936497,24999.240851192699,2244.5560468920999,1372.9026812515101,0,396.25470624106202,11030.2807753285,8576.1611201843807,1389.14204713155,21392.6639000205,21470.254203488199,77.590303467608607,1920.9018590757,547.99917782484101,645.68616562924399,304.43885629996601,55.448934430183897,34.830019160908499,0.81691615004754004,0.71998020001184904,20996.4091937796,9965.2929065872795,0,10.9232453784404,269.42208721552299,269.42208721552299,0,0,0,0.53504019471985798,3.4123806697496102,10.923232453023999,2999.99952047643,32076.2040493407,0.83551186272975497,119.078223026749,6.5261810959782502e-06,1,1,3.6395511613568399,104.839935807651,219.10252376265399,105.144860554736,9.1177274002547097,57
60.030000000000001,10.9251603463957,314.15921396550999,54.561479888256301,25002.329640856198,2244.6881884652998,1372.9026812515101,0,396.302377918969,11031.473950161901,8577.6415603657697,1389.37766654247,21395.620567633701,21473.210871101401,77.590303467608607,1920.9018590757,547.99917782484101,645.795398081131,304.47178791882499,55.457357119186298,34.836031549653804,0.81710113134862605,0.72010020001185304,20999.318189714901,9967.0087256517108,0,10.923258626181999,269.42253198902199,269.42253198902199,0,0,0,0.53504045019469904,3.41238330733951,10.9232457725739,2999.9995092285199,32076.203808813902,0.83551390016120197,119.078203503864,6.5271742641925803e-06,1,1,3.6395524718902998,104.839935807651,219.10252376265399,105.144860554736,9.1177274002547097,57
60.100000000000001,10.9252515338228,314.15920600330497,54.561449267000199,25023.951324893998,2245.6131928590999,1372.9026812515101,0,396.63608239525701,11039.826254141,8588.0046413313503,1391.0270023947301,21416.317380936998,21493.907684404701,77.590303467608607,1920.9018590757,547.99917782484101,646.560028912907,304.702311462853,55.516316273165899,34.878118459613098,0.81839599967022203,0.72094020001187697,21019.681298541898,9979.0195165522691,0,10.923349312181101,269.42557670124,269.42557670124,0,0,0,0.53504219734292502,3.41240136019591,10.923336953965199,2999.9994331950702,32076.2021829039,0.83552784754109,119.078069844618,6.5345229813829098e-06,1,1,3.6395624649238698,104.839935807651,219.10252376265399,105.144860554736,9.1177274002547097,57
60.200000000000003,10.9253757170619,314.15919545924402,54.561407556070201,25054.839904111301,2246.93466699491,1372.9026812515101,0,397.11281109219101,11051.7583522318,8602.8090418350093,1393.3831963997,21445.884668083101,21523.474971550801,77.590303467608607,1920.9018590757,547.99917782484101,647.652369441426,305.03163730473898,55.600544607514003,34.9382431707322,0.82024580925054702,0.72214020001191204,21048.771856991101,9996.1779579162703,0,10.923472805566201,269.42972308071398,269.42972308071398,0,0,0,0.53504457335907096,3.4124259388062201,10.923461129550599,2999.9993325066998,32076.2000297698,0.83554684191275896,119.077887779984,6.54510222375393e-06,1,1,3.63957909951852,104.839935807651,219.10252376265399,105.144860554736,9.1177274002547097,57
60.299999999999997,10.9254930188901,314.15918584362402,54.5613681457558,25085.728996808401,2248.2561850664401,1372.9026812515101,0,397.58954875161999,11063.6907133487,8617.6134413890795,1395.7393903291099,21475.4524147312,21553.0427181989,77.590303467608607,1920.9018590757,547.99917782484101,648.74472200944899,305.360970406148,55.684774028020499,34.998368501246397,0.82209561625018102,0.72334020001194599,21077.862865979801,10013.336587846001,0,10.923589447071301,269.43363961379299,269.43363961379299,0,0,0,0.53504681461177295,3.4124491481050798,10.923578422534799,2999.9992406842898,32076.198066226701,0.83556478394071299,119.077715757468,6.5558378992136602e-06,1,1,3.6395982915192899,104.839935807651,219.10252376265399,105.144860554736,9.1177274002547097,57
60.399999999999999,10.9256037365253,314.15917710455801,54.561330937043202,25116.618574482702,2249.5777446355401,1372.9026812515101,0,398.066294873495,11075.623322817601,8632.4178400786004,1398.0955841897101,21505.020595249,21582.610898716699,77.590303467608607,1920.9018590757,547.99917782484101,649.837085945166,305.69031036207002,55.769004474080198,35.058494416579201,0.823945420812351,0.72454020001198105,21106.954300375801,10030.495395837999,0,10.923699533114201,269.43733623463203,269.43733623463203,0,0,0,0.53504892686938499,3.4124710476705,10.9236891307773,2999.9991572323502,32076.1962816792,0.83558171905303302,119.077553344862,6.5663953137118403e-06,1,1,3.6396198114989202,104.839935807651,219.10252376265399,105.144860554736,9.1177274002547097,57
60.5,10.9257081574021,314.15916919241801,54.5612958341964,25147.508609864301,2250.89934336943,1372.9026812515101,0,398.543048979491,11087.5561666013,8647.2222379838404,1400.45177798791,21534.5891851173,21612.179488584999,77.590303467608607,1920.9018590757,547.99917782484101,650.92946060596205,306.01965678508299,55.853235887721503,35.118620883657798,0.82579522307406605,0.725740200012015,21136.046136138299,10047.654371844599,0,10.9238033501421,269.44082254380999,269.44082254380999,0,0,0,0.53505091527968396,3.4124916949242698,10.9237935430428,2999.99908167698,32076.1946659928,0.83559769118506,119.077400124268,6.5769818320404696e-06,1,1,3.63964344294331,104.839935807651,219.10252376265399,105.144860554736,9.1177274002547097,57
60.600000000000001,10.925806558920099,314.15916205975401,54.561262744750103,25178.399076875601,2252.2209790372399,1372.9026812515101,0,399.01981061226502,11099.4892312787,8662.0266351804694,1402.8079717297101,21564.158160892901,21641.7484643606,77.590303467608607,1920.9018590757,547.99917782484101,652.02184537742403,306.34900930476402,55.937468213516702,35.178747870860903,0.82764502316637001,0.72694020001204995,21165.138350281199,10064.813506258401,0,10.923901174860401,269.44410781593899,269.44410781593899,0,0,0,0.53505278447556304,3.4125111449740699,10.923891939000899,2999.9990135650601,32076.193209478301,0.83561274274059205,119.077255692066,6.5869899117387797e-06,1,1,3.6396689816858299,104.839935807651,219.10252376265399,105.144860554736,9.1177274002547097,57
60.700000000000003,10.925899208859599,314.15915566122999,54.561231579391801,25209.2899505895,2253.5426495064698,1372.9026812515101,0,399.49657933473901,11111.4225040234,8676.83103173979,1405.1641654207999,21593.727500171201,21671.3178036389,77.590303467608607,1920.9018590757,547.99917782484101,653.11423967238295,306.67836756710301,56.021701398495203,35.238875347969703,0.82949482121451701,0.72814020001208402,21194.230920836999,10081.9727898976,0,10.923993274377899,269.44720100447302,269.44720100447302,0,0,0,0.53505454178455203,3.41252945082738,10.923984582405,2999.9989524636599,32076.191902877599,0.83562691465511296,119.077119658401,6.5975182224065099e-06,1,1,3.6396962353622899,104.839935807651,219.10252376265399,105.144860554736,9.1177274002547097,57
60.799999999999997,10.925986367342199,314.15914995353398,54.561202251832697,25240.181207190701,2254.8643527396898,1372.9026812515101,0,399.97335472941199,11123.3559725833,8691.6354277289702,1407.5203590665201,21623.297181550901,21700.8874850186,77.590303467608607,1920.9018590757,547.99917782484101,654.20664292996003,307.00773123393998,56.105935392058399,35.299003286119799,0.831344617338173,0.72934020001211897,21223.323826822099,10099.132213990801,0,10.9240799065466,269.45011075304399,269.45011075304399,0,0,0,0.53505619116636205,3.4125466659307202,10.924071734734801,2999.9988979591799,32076.1907373463,0.83564024669542802,119.07699164661599,6.6079701355192802e-06,1,1,3.63972502288355,104.839935807651,219.10252376265399,105.144860554736,9.1177274002547097,57
60.899999999999999,10.9260682822812,314.159144895319,54.561174678969799,25271.0728239364,2256.18608679113,1372.9026812515101,0,400.45013639765398,11135.2896252599,8706.4398232111198,1409.8765526718901,21652.867184597799,21730.457488065498,77.590303467608607,1920.9018590757,547.99917782484101,655.29905461465,307.337099982398,56.1901701458956,35.359131657751902,0.83319441165161801,0.73054020001215303,21252.417048200801,10116.291770162799,0,10.924161320072599,269.45284539914098,269.45284539914098,0,0,0,0.53505773838772897,3.41256283857832,10.9241536438276,2999.9988496567798,32076.1897044414,0.83565277676349803,119.076871293962,6.6184511524625097e-06,1,1,3.6397551739280001,104.839935807651,219.10252376265399,105.144860554736,9.1177274002547097,57
61,10.926145195865301,314.159140447129,54.561148780479499,25301.964779118702,2257.50784980353,1372.9026812515101,0,400.92692395904999,11147.2234508894,8721.2442182455998,1412.2327462416399,21682.4374898118,21760.0277932795,77.590303467608607,1920.9018590757,547.99917782484101,656.39147421541895,307.66647350435602,56.2744056139043,35.419260436567598,0.83504420426393799,0.73174020001218798,21281.510565853401,10133.4514504208,0,10.9242377547725,269.45541298266602,269.45541298266602,0,0,0,0.53505918916027595,3.41257801751558,10.9242305484258,2999.9988071797002,32076.1887961057,0.83566454188791095,119.07675824982501,6.62905222270638e-06,1,1,3.63978652845049,104.839935807651,219.10252376265399,105.144860554736,9.1177274002547097,57
61.100000000000001,10.926217338847501,314.15913657133302,54.561124479057,25332.857052027499,2258.8296400049899,1372.9026812515101,0,401.40371705074301,11159.1574388231,8736.0486128881093,1414.58893978019,21712.008078592102,21789.598382059801,77.590303467608607,1920.9018590757,547.99917782484101,657.48390124482205,307.995851505914,56.358641752109698,35.479389597481997,0.83689399527919694,0.73294020001222204,21310.604361541999,10150.611247140399,0,10.924309441787299,269.45782125303401,269.45782125303401,0,0,0,0.53506054395570402,3.4125922488084601,10.9243026895456,2999.99877016857,32076.188004654901,0.83567557735012399,119.076652176766,6.6396496549714399e-06,1,1,3.6398189362102502,104.839935807651,219.10252376265399,105.144860554736,9.1177274002547097,57
61.200000000000003,10.9262849354993,314.15913323205302,54.561101700136597,25363.749622914402,2260.1514557057799,1372.9026812515101,0,401.88051532679401,11171.091578908799,8750.8530071908808,1416.9451332917099,21741.578933205601,21819.169236673399,77.590303467608607,1920.9018590757,547.99917782484101,658.57633523815002,308.32523370686903,56.442878518587897,35.539519116581197,0.83874378479663503,0.73414020001225699,21339.698417879499,10167.771153051999,0,10.924376603824401,269.46007767729401,269.46007767729401,0,0,0,0.53506181173482303,3.41260557709405,10.924370280918099,2999.9987382807999,32076.187322762398,0.83568591744203802,119.076552749306,6.6498323576524896e-06,1,1,3.6398522563148501,104.839935807651,219.10252376265399,105.144860554736,9.1177274002547097,57
61.299999999999997,10.9263482005763,314.15913039511003,54.561080371933897,25394.642472957701,2261.4732952955101,1372.9026812515101,0,402.357318457563,11183.025861472801,8765.6574012028505,1419.30132678009,21771.150036754501,21848.740340222201,77.590303467608607,1920.9018590757,547.99917782484101,659.668775752589,308.65461984022397,56.5271158733905,35.599648971078501,0.84059357291082903,0.73534020001229095,21368.792718297598,10184.9311612286,0,10.9244394552926,269.46218944456803,269.46218944456803,0,0,0,0.53506299535808199,3.4126180445310199,10.9244335408221,2999.99871118999,32076.1867434489,0.83569559500165902,119.07645965410499,6.6601314756553603e-06,1,1,3.63988635678131,104.839935807651,219.10252376265399,105.144860554736,9.1177274002547097,57
61.399999999999999,10.926407341953199,314.15912802795401,54.5610604253174,25425.5355842276,2262.7951572399802,1372.9026812515101,0,402.834126129092,11194.960277301199,8780.4617949698404,1421.6575202489701,21800.721373144599,21878.311676612298,77.590303467608607,1920.9018590757,547.99917782484101,660.76122236640799,308.98400965168003,56.611353778469898,35.659779139271798,0.842443359711884,0.73654020001232601,21397.887247016199,10202.0912650719,0,10.9244982025658,269.46416347489799,269.46416347489799,0,0,0,0.53506409803917299,3.4126296938211902,10.9244926784413,2999.99868858531,32076.186260067501,0.83570464181602,119.076372589405,6.6712964326143299e-06,1,1,3.6399211141130001,104.839935807651,219.10252376265399,105.144860554736,9.1177274002547097,57
61.5,10.926462558144999,314.15912609959298,54.561041793784703,25456.4289396532,2264.1170400785099,1372.9026812515101,0,403.31093804252902,11206.894817623799,8795.2661885346606,1424.01371370176,21830.2929270561,21907.883230523799,77.590303467608607,1920.9018590757,547.99917782484101,661.85367467816002,309.31340289917301,56.6955921976094,35.719909600503797,0.84429314528557997,0.73774020001235996,21426.981989014199,10219.2514583009,0,10.9245530443264,269.46600643071798,269.46600643071798,0,0,0,0.53506512552741203,3.4126405643348399,10.9245478893172,2999.9986701708099,32076.185866289401,0.835713088241816,119.076291264925,6.6817738115787498e-06,1,1,3.6399564128930302,104.839935807651,219.10252376265399,105.144860554736,9.1177274002547097,57
61.600000000000001,10.9265140413551,314.159124580548,54.561024413332099,25487.322522989602,2265.4389424210999,1372.9026812515101,0,403.78775391355202,11218.829474096299,8810.0705819372306,1426.3699071416499,21859.864683913798,21937.454987381501,77.590303467608607,1920.9018590757,547.99917782484101,662.94613230592097,309.64279935240501,56.779831096352702,35.780040335121903,0.84614292971355198,0.73894020001239502,21456.076930000701,10236.4117349396,0,10.9246041715805,269.46772471732402,269.46772471732402,0,0,0,0.53506607987516097,3.41265069377256,10.924599368991,2999.9986556650101,32076.185556095399,0.83572096367151305,119.07621540128901,6.6916400101035799e-06,1,1,3.6399921453932498,104.839935807651,219.10252376265399,105.144860554736,9.1177274002547097,57
61.700000000000003,10.9265619758997,314.15912344280298,54.561008222414102,25518.216318787501,2266.76086294571,1372.9026812515101,0,404.264573471804,11230.764238784701,8824.8749752148196,1428.72610057158,21889.436629858501,21967.0269333262,77.590303467608607,1920.9018590757,547.99917782484101,664.03859488653495,309.972198792396,56.864070441936903,35.840171324439602,0.84799271307343604,0.74014020001242897,21485.1720563872,10253.572089305,0,10.924651767862899,269.469324489722,269.469324489722,0,0,0,0.53506696582093505,3.41266011892704,10.9246472993618,2999.9986448003501,32076.185323763901,0.835728296292235,119.076144729853,6.7022883740719399e-06,1,1,3.6400282111975999,104.839935807651,219.10252376265399,105.144860554736,9.1177274002547097,57
61.799999999999997,10.9266065389036,314.159122659714,54.560993161918198,25549.110312360801,2268.0828003956799,1372.9026812515101,0,404.74139646035599,11242.6991041487,8839.6793684021195,1431.08229399433,21919.008751719,21996.599055186802,77.590303467608607,1920.9018590757,547.99917782484101,665.13106207487795,310.30160101103502,56.948310203225901,35.900302550698399,0.849842495439039,0.74134020001246403,21514.267355259199,10270.7325159961,0,10.924696009722201,269.47081166889001,269.47081166889001,0,0,0,0.53506778578883896,3.4126688754157901,10.9246918600547,2999.9986373223901,32076.185163854399,0.83573511319207505,119.076078992595,6.7116961872670799e-06,1,1,3.6400645168393502,104.839935807651,219.10252376265399,105.144860554736,9.1177274002547097,57
61.899999999999999,10.926647900906101,314.15912220601098,54.560979174961297,25580.004489758099,2269.4047535771301,1372.9026812515101,0,405.21822263518698,11254.634063027001,8854.4837615312808,1433.4384874124601,21948.581036986001,22026.1713404537,77.590303467608607,1920.9018590757,547.99917782484101,666.22353354316999,310.63100581066698,57.032550350648002,35.960433997033,0.85169227688047,0.74254020001249799,21543.3628143514,10287.8930098828,0,10.9247370663912,269.472191930669,269.472191930669,0,0,0,0.53506854390604497,3.41267699720296,10.924733219326299,2999.9986329898502,32076.185071206699,0.83574144045262999,119.07601794122201,6.7245309764985004e-06,1,1,3.6401009754562299,104.839935807651,219.10252376265399,105.144860554736,9.1177274002547097,57
62,10.926686224031799,314.15912205768097,54.560966207164597,25610.898837731798,2270.7267213564801,1372.9026812515101,0,405.69505176463002,11266.569108620801,8869.2881546322405,1435.79468082832,21978.153473783201,22055.7437772509,77.590303467608607,1920.9018590757,547.99917782484101,667.316008980231,310.96041300364698,57.116790856129597,36.0205656474321,0.85354205746430201,0.74374020001253305,21572.458422019099,10305.053566094301,0,10.924775100634401,269.473470734187,269.473470734187,0,0,0,0.53506924431320102,3.41268451666493,10.9247715386118,2999.9986315734,32076.1850409172,0.83574730286912402,119.075961338374,6.7402252170722898e-06,1,1,3.6401375064455199,104.839935807651,219.10252376265399,105.144860554736,9.1177274002547097,57
62.100000000000001,10.926721666322001,314.15912219193501,54.560954205980302,25641.793343712201,2272.0487026580699,1372.9026812515101,0,406.17188362894598,11278.504234481199,8884.0925477326891,1438.1508742441299,22007.7260508457,22085.3163543134,77.590303467608607,1920.9018590757,547.99917782484101,668.40848809089596,311.28982241198599,57.201031693041102,36.0806974867088,0.85539183725370604,0.744940200012567,21601.554167217299,10322.2141800105,0,10.9248102687499,269.47465332190598,269.47465332190598,0,0,0,0.535069888044441,3.4126914650476499,10.9248069793466,2999.9986328554301,32076.185068332401,0.83575272461289996,119.075908954683,6.7555629357229901e-06,1,1,3.64017403516144,104.839935807651,219.10252376265399,105.144860554736,9.1177274002547097,57
62.200000000000003,10.9267543777627,314.159122587171,54.560943121213199,25672.687995779299,2273.37069646184,1372.9026812515101,0,406.64871801979098,11290.439434493701,8898.8969408583307,1440.50706766199,22037.298757492601,22114.8890609603,77.590303467608607,1920.9018590757,547.99917782484101,669.50097059531504,311.61923386692501,57.285272836135,36.140829500464598,0.85724161630858597,0.74614020001260195,21630.650039473399,10339.374847249999,0,10.9248427206652,269.47574472279302,269.47574472279302,0,0,0,0.53507048038314098,3.4126978723999999,10.924839687049801,2999.9986366296598,32076.185149040899,0.83575772862369502,119.075860571051,6.7679684434551703e-06,1,1,3.6402104925958199,104.839935807651,219.10252376265399,105.144860554736,9.1177274002547097,57
62.299999999999997,10.9267845027817,314.15912322294099,54.560932904572802,25703.582782637401,2274.6927018011402,1372.9026812515101,0,407.12555473979103,11302.374702866,8913.7013340327103,1442.8632610837101,22066.871583605702,22144.461887073401,77.590303467608607,1920.9018590757,547.99917782484101,670.59345622837498,311.94864720859402,57.369514261493201,36.200961675059403,0.85909139468571005,0.74734020001263601,21659.746028866499,10356.535563662501,0,10.9248725999516,269.47674975279801,269.47674975279801,0,0,0,0.53507102145793295,3.4127037671340501,10.924869811788099,2999.9986427008198,32076.185278867299,0.83576233699161595,119.075815976692,6.7781111283693496e-06,1,1,3.6402468150937901,104.839935807651,219.10252376265399,105.144860554736,9.1177274002547097,57
62.399999999999999,10.926812179608,314.159124079886,54.560923509953398,25734.477693587502,2276.0147177603999,1372.9026812515101,0,407.60239360204201,11314.310034112899,8928.5057272775593,1445.2194545110401,22096.444519602999,22174.034823070699,77.590303467608607,1920.9018590757,547.99917782484101,671.68594473901896,312.27806228560098,57.453755946465797,36.261093997576801,0.86094117243884805,0.74854020001267096,21688.842126001498,10373.6963253167,0,10.9249000442033,269.47767302754397,269.47767302754397,0,0,0,0.53507151689494103,3.4127091772635598,10.9248974854381,2999.9986508840402,32076.185453858401,0.83576657085900297,119.07577497035901,6.7871333158109303e-06,1,1,3.64028294405297,104.839935807651,219.10252376265399,105.144860554736,9.1177274002547097,57
62.5,10.9268375402429,314.15912513970198,54.560914893113498,25765.3727185034,2277.3367434730399,1372.9026812515101,0,408.07923442969002,11326.245423044,8943.3101206128795,1447.5756479455799,22126.017556417599,22203.607859885298,77.590303467608607,1920.9018590757,547.99917782484101,672.778435889702,312.60747895469399,57.537997869621698,36.321226455795298,0.86279094961889202,0.74974020001270503,21717.938321988499,10390.857128493,0,10.924925185106,269.47851896461401,269.47851896461401,0,0,0,0.535071968414774,3.41271412868895,10.9249228421504,2999.9986610045398,32076.1856702765,0.83577045041603704,119.075737358943,6.7988185037393098e-06,1,1,3.6403188256636598,104.839935807651,219.10252376265399,105.144860554736,9.1177274002547097,57
62.600000000000001,10.926860711863499,314.15912638504801,54.560907011617502,25796.267847807099,2278.6587781193798,1372.9026812515101,0,408.55607705551699,11338.180864751899,8958.1145140569606,1449.9318413887599,22155.590685476702,22233.180988944401,77.590303467608607,1920.9018590757,547.99917782484101,673.87092945580901,312.93689708042302,57.6222400106967,36.381359038159502,0.86464072627397703,0.75094020001273998,21747.0346084218,10408.0179696738,0,10.924948149133201,269.47929180690602,269.47929180690602,0,0,0,0.53507237628469995,3.4127186468684001,10.9249460138017,2999.9986728967101,32076.185924580401,0.83577399511525796,119.075702957215,6.80924131302163e-06,1,1,3.6403544106467098,104.839935807651,219.10252376265399,105.144860554736,9.1177274002547097,57
62.700000000000003,10.9268818156884,314.15912779955698,54.5608998248766,25827.163072446401,2279.9808209247699,1372.9026812515101,0,409.03292132151802,11350.1163545994,8972.9189076264902,1452.2880348419301,22185.163898679799,22262.754202147498,77.590303467608607,1920.9018590757,547.99917782484101,674.96342522511702,313.26631653481002,57.706482350543702,36.4414917337511,0.86649050244959702,0.75214020001277404,21776.130977359,10425.1788455351,0,10.9249690571499,269.479995609306,269.479995609306,0,0,0,0.53507274538652105,3.4127227560000302,10.9249671163525,2999.9986864042799,32076.186213428002,0.83577722349815198,119.075671588009,6.8183690018486198e-06,1,1,3.6403896540068499,104.839935807651,219.10252376265399,105.144860554736,9.1177274002547097,57
62.799999999999997,10.9269009677159,314.15912936779603,54.560893294082398,25858.058383872001,2281.3028711575298,1372.9026812515101,0,409.50976707851498,11362.0518882085,8987.7233013367204,1454.6442283063,22214.737188378698,22292.327491846401,77.590303467608607,1920.9018590757,547.99917782484101,676.05592299724799,313.59573719701399,57.790724871084898,36.501624532261701,0.86834027818872905,0.75334020001280899,21805.2274213009,10442.3397529381,0,10.924988024620101,269.48063424564901,269.48063424564901,0,0,0,0.53507307695196504,3.4127264789179099,10.9249862680372,2999.99870137986,32076.1865336677,0.83578015330789701,119.07564308193,6.8296321842353799e-06,1,1,3.6404245147910901,104.839935807651,219.10252376265399,105.144860554736,9.1177274002547097,57
62.899999999999999,10.9269182797502,314.15913107517298,54.560887382032597,25888.953774015201,2282.6249281271698,1372.9026812515101,0,409.98661418576302,11373.9874614486,9002.5276952013992,1457.0004217829501,22244.310547357702,22321.900850825401,77.590303467608607,1920.9018590757,547.99917782484101,677.14842258315502,313.92515895303399,57.874967555264803,36.561757423966398,0.87019005353191903,0.75454020001284305,21834.3239331726,10459.5006889214,0,10.9250051622814,269.48121143132403,269.48121143132403,0,0,0,0.53507337413748401,3.4127298385671598,10.925003577995099,2999.9987176841,32076.1868823199,0.83578280164638097,119.075617276594,6.8399458541534799e-06,1,1,3.6404589558629898,104.839935807651,219.10252376265399,105.144860554736,9.1177274002547097,57
63,10.926933856858501,314.15913290795299,54.560882053258197,25919.849235268,2283.9469911825499,1372.9026812515101,0,410.46346251059202,11385.923070426001,9017.3320892330303,1459.3566152728899,22273.8839688144,22351.474272282099,77.590303467608607,1920.9018590757,547.99917782484101,678.24092380463401,314.254581695404,57.959210387006102,36.621890399697897,0.87203982851740502,0.75574020001287801,21863.420506304501,10476.661650693,0,10.9250205757874,269.48173071127599,269.48173071127599,0,0,0,0.53507363865490698,3.4127328545722002,10.925019153091901,2999.9987351858699,32076.187256580099,0.83578518458512496,119.075594017182,6.8499830376822501e-06,1,1,3.6404929436849098,104.839935807651,219.10252376265399,105.144860554736,9.1177274002547097,57
63.100000000000001,10.926947801790201,314.159134853203,54.560877273770501,25950.744760461501,2285.26905971019,1372.9026812515101,0,410.940311928038,11397.8587114732,9032.1364834427804,1461.71280877701,22303.457446342101,22381.047749809801,77.590303467608607,1920.9018590757,547.99917782484101,679.33342649383496,314.58400532290199,58.043453351165297,36.682023450822101,0.87388960318122,0.75694020001291196,21892.517134414898,10493.822635622801,0,10.925034366078799,269.48219547244503,269.48219547244503,0,0,0,0.53507387104925297,3.4127355486529098,10.9250330979194,2999.9987537616398,32076.187653806701,0.83578731784133398,119.07557315533801,6.8607369030360099e-06,1,1,3.64052644810966,104.839935807651,219.10252376265399,105.144860554736,9.1177274002547097,57
63.200000000000003,10.9269602101931,314.15913689874299,54.560873011206297,25981.6403428472,2286.5911331325201,1372.9026812515101,0,411.41716232049998,11409.7943811388,9046.9408778406905,1464.0690022961001,22333.030973911002,22410.621277378799,77.590303467608607,1920.9018590757,547.99917782484101,680.42593049280299,314.913429740271,58.127696433491401,36.7421565692133,0.87573937755728404,0.75814020001294702,21921.6138115914,10510.9836412353,0,10.925046629626999,269.482608951918,269.482608951918,0,0,0,0.53507407488932601,3.4127379389325299,10.925045505700799,2999.9987732950999,32076.188071512999,0.83578921604600798,119.07555454979899,6.87142892275006e-06,1,1,3.6405594421816998,104.839935807651,219.10252376265399,105.144860554736,9.1177274002547097,57
63.299999999999997,10.926971175219199,314.15913903312901,54.560869234561999,26012.535976077899,2287.9132109063398,1372.9026812515101,0,411.894013577414,11421.730076178101,9061.7452724356608,1466.4251958308701,22362.6045458525,22440.1948493202,77.590303467608607,1920.9018590757,547.99917782484101,681.51843565302704,315.24285485795099,58.211939620586001,36.802289747232898,0.87758915167750295,0.75934020001298097,21950.710532275902,10528.144665203101,0,10.925057458455299,269.48297423763898,269.48297423763898,0,0,0,0.53507425163671196,3.4127400444340501,10.9250564696595,2999.9987936769899,32076.188507362,0.83579089344850299,119.075538065239,6.8823392211925196e-06,1,1,3.64059190194738,104.839935807651,219.10252376265399,105.144860554736,9.1177274002547097,57
63.399999999999999,10.926980784826901,314.15914124560402,54.5608659143371,26043.431654189098,2289.2352925211699,1372.9026812515101,0,412.37086559492502,11433.665793542999,9076.5496672355403,1468.78138938195,22392.178156841201,22469.7684603089,77.590303467608607,1920.9018590757,547.99917782484101,682.61094183501496,315.57228059181699,58.296182899864,36.862422977705201,0.87943892557185399,0.76054020001301603,21979.8072912471,10545.3057053394,0,10.9250669404534,269.48329427895698,269.48329427895698,0,0,0,0.53507440283339602,3.41274188231022,10.925066078471,2999.99881480457,32076.188959157,0.83579236350383401,119.075523572891,6.8920271587558099e-06,1,1,3.6406238062740601,104.839935807651,219.10252376265399,105.144860554736,9.1177274002547097,57
63.5,10.926989123184701,314.159143526094,54.560863022339198,26074.327371582,2290.5573774978898,1372.9026812515101,0,412.84771827557802,11445.6015303733,9091.3540622472301,1471.13758294988,22421.751801880499,22499.342105348202,77.590303467608607,1920.9018590757,547.99917782484101,683.703448907861,315.90170686292998,58.380426259515403,36.922556253897802,0.88128869926848097,0.76174020001304998,22008.904083605699,10562.4667595922,0,10.9250751592272,269.48357188155802,269.48357188155802,0,0,0,0.53507453111273595,3.4127434697725598,10.925074413989901,2999.9988365816498,32076.189424840999,0.83579363908737303,119.075510949698,6.9027810241095696e-06,1,1,3.6406551366747402,104.839935807651,219.10252376265399,105.144860554736,9.1177274002547097,57
63.600000000000001,10.926996270934801,314.159145865136,54.560860531705799,26105.2231230055,2291.87946538708,1372.9026812515101,0,413.324571528018,11457.5372839879,9106.1584574766803,1473.4937765351499,22451.3254762861,22528.915779753799,77.590303467608607,1920.9018590757,547.99917782484101,684.79595674886104,316.23113359728899,58.464669688469698,36.982689569499101,0.883138472793777,0.76294020001308505,22038.000904758799,10579.6278260372,0,10.9250821946793,269.48380972695298,269.48380972695298,0,0,0,0.53507463521571297,3.4127448222931598,10.925081562618301,2999.9988589178502,32076.189902481401,0.83579473253515701,119.07550007841,6.9128218456171504e-06,1,1,3.6406858771462698,104.839935807651,219.10252376265399,105.144860554736,9.1177274002547097,57
63.700000000000003,10.9270023036071,314.15914825387898,54.5608584168967,26136.118903540901,2293.2015557678001,1372.9026812515101,0,413.80142526670897,11469.473051876401,9120.9628529289894,1475.84997013814,22480.899175671799,22558.489479139502,77.590303467608607,1920.9018590757,547.99917782484101,685.88846524312498,316.56056072560699,58.548913176361303,37.042822918600201,0.88498824617246696,0.764140200013119,22067.097750405799,10596.7889028728,0,10.925088122826599,269.48401036634101,269.48401036634101,0,0,0,0.53507471933079198,3.4127459546561498,10.9250875948419,2999.9988817286699,32076.190390271,0.83579565540124501,119.07549084754601,6.9221387093421097e-06,1,1,3.6407160140116201,104.839935807651,219.10252376265399,105.144860554736,9.1177274002547097,57
63.799999999999997,10.927007294646501,314.15915068406002,54.5608566534994,26167.014708585899,2294.52364824612,1372.9026812515101,0,414.278279411646,11481.4088316908,9135.7672486084393,1478.2061637592101,22510.472895935502,22588.063199403201,77.590303467608607,1920.9018590757,547.99917782484101,686.98097428319295,316.88998818307999,58.633156713495197,37.102956295674403,0.88683801942769103,0.76534020001315395,22096.194616524601,10613.9499884135,0,10.925093015918399,269.48417622456901,269.48417622456901,0,0,0,0.53507478376886297,3.4127468822727098,10.925092585694101,2999.9989049351798,32076.190886522199,0.83579641892080603,119.075483150549,6.9330817495938399e-06,1,1,3.6407455357679899,104.839935807651,219.10252376265399,105.144860554736,9.1177274002547097,57
63.899999999999999,10.9270113124182,314.15915314793898,54.560855218382201,26197.9105338384,2295.8457424538801,1372.9026812515101,0,414.75513388809202,11493.3446212376,9150.5716445185899,1480.56235739864,22540.046633244201,22617.636936711999,77.590303467608607,1920.9018590757,547.99917782484101,688.07348376867697,317.219415909166,58.717400290813899,37.163089695558803,0.88868779258107,0.76654020001318801,22125.291499357001,10631.1110810845,0,10.925096942915999,269.48430961621398,269.48430961621398,0,0,0,0.53507483035876902,3.4127476180871401,10.925096603386899,2999.9989284634898,32076.191389654701,0.83579703355200097,119.075476886451,6.9441703089978504e-06,1,1,3.6407744329445899,104.839935807651,219.10252376265399,105.144860554736,9.1177274002547097,57
64,10.9270144240867,314.15915563829998,54.560854089379802,26228.806375283901,2297.1678380475,1372.9026812515101,0,415.23198862633399,11505.2804184709,9165.3760406622605,1482.9185510566599,22569.620384024001,22647.210687491701,77.590303467608607,1920.9018590757,547.99917782484101,689.16599360594103,317.54884384740399,58.801643899870797,37.223223113438401,0.89053756565278896,0.76774020001322296,22154.388395398499,10648.272179416699,0,10.925099969376101,269.48441274166697,269.48441274166697,0,0,0,0.53507486035933205,3.4127481755701798,10.925099713858801,2999.9989522446899,32076.191898195098,0.83579750956939403,119.075471958504,6.9540910772047903e-06,1,1,3.6408026979722301,104.839935807651,219.10252376265399,105.144860554736,9.1177274002547097,57
64.099999999999994,10.927016690857799,314.15915814844101,54.560853245654101,26259.7022291795,2298.4899347066598,1372.9026812515101,0,415.70884356122599,11517.216221484499,9180.1804370416103,1485.27474473342,22599.194144943202,22676.784448410901,77.590303467608607,1920.9018590757,547.99917782484101,690.25850370774401,317.87827194527802,58.8858875324946,37.283356544826603,0.89238733866166098,0.76894020001325702,22183.4853013828,10665.4332820408,0,10.9251021574312,269.48448768646801,269.48448768646801,0,0,0,0.53507487428212896,3.4127485597377398,10.925101980774301,2999.9989762147702,32076.1924107745,0.83579785633599801,119.075468275752,6.9655689003411697e-06,1,1,3.64083032504645,104.839935807651,219.10252376265399,105.144860554736,9.1177274002547097,57
64.200000000000003,10.927018171979199,314.15916067211703,54.560852667207001,26290.598092041,2299.8120321331398,1372.9026812515101,0,416.185698632531,11529.152028504401,9194.9848336582309,1487.6309384290701,22628.767912902898,22706.358216370601,77.590303467608607,1920.9018590757,547.99917782484101,691.35101399291295,318.207700153725,58.9701311816616,37.343489985549198,0.89423711162520403,0.77014020001329198,22212.582214271199,10682.5943876827,0,10.925103566191799,269.48453643479399,269.48453643479399,0,0,0,0.53507487371420004,3.4127487989135799,10.9251034632507,2999.9990003141102,32076.192926118001,0.83579808291534496,119.075465750907,6.9793459260836201e-06,1,1,3.6408573100103099,104.839935807651,219.10252376265399,105.144860554736,9.1177274002547097,57
64.299999999999997,10.9270189263702,314.15916320350698,54.560852335052701,26321.493960630902,2301.1341300498898,1372.9026812515101,0,416.66255378413302,11541.087837884001,9209.7892305131008,1489.9871321436799,22658.341685025898,22735.931988493601,77.590303467608607,1920.9018590757,547.99917782484101,692.44352438607802,318.53712842730198,59.054374840571803,37.403623431730701,0.89608688455969299,0.77134020001332604,22241.679131242599,10699.755495158999,0,10.9251042520544,269.48456087979503,269.48456087979503,0,0,0,0.53507486156778705,3.4127488934343599,10.925104213583801,2999.9990244870901,32076.193443036402,0.83579819832076296,119.075464301097,6.99082738719881e-06,1,1,3.64088365023686,104.839935807651,219.10252376265399,105.144860554736,9.1177274002547097,57
64.400000000000006,10.927019004662601,314.15916573723302,54.560852231199597,26352.389831945999,2302.4562281998801,1372.9026812515101,0,417.13940896402801,11553.0236480968,9224.5936276067005,1492.34332587729,22687.915458644002,22765.505762111701,77.590303467608607,1920.9018590757,547.99917782484101,693.536034817369,318.86655672387798,59.138618502923599,37.463756879779197,0.89793665748023599,0.77254020001336099,22270.776049680699,10716.9166033726,0,10.9251042682936,269.484562809902,269.484562809902,0,0,0,0.53507483416044099,3.4127488503162402,10.9251042954384,2999.9990486823899,32076.193960432101,0.835798210297797,119.07546384779199,7.0000278356019399e-06,1,1,3.6409093445226901,104.839935807651,219.10252376265399,105.144860554736,9.1177274002547097,57
64.5,10.9270184604029,314.15916826833802,54.560852338718398,26383.285703203499,2303.7783263449301,1372.9026812515101,0,417.61626412403598,11564.959457728701,9239.3980249390206,1494.6995196298899,22717.4892312874,22795.079534755099,77.590303467608607,1920.9018590757,547.99917782484101,694.628545222095,319.19598500441901,59.222862162875501,37.523890326367699,0.89978643040081296,0.77374020001339505,22299.872967163901,10734.0777113071,0,10.9251036652555,269.48454391529901,269.48454391529901,0,0,0,0.53507479607687203,3.4127486907599498,10.9251037520153,2999.99907285267,32076.1944772926,0.83579812703790701,119.075464317097,7.0109417720232201e-06,1,1,3.6409343929756899,104.839935807651,219.10252376265399,105.144860554736,9.1177274002547097,57
64.599999999999994,10.9270173392042,314.15917079221498,54.5608526413303,26414.181571831701,2305.1004242649601,1372.9026812515101,0,418.09311921969203,11576.895265475099,9254.2024225095702,1497.05571340145,22747.0630006746,22824.653304142299,77.590303467608607,1920.9018590757,547.99917782484101,695.72105554050404,319.52541323291598,59.307105815041297,37.5840237684248,0.90163620333435401,0.77494020001343,22328.969881455501,10751.238818024,0,10.925102490969101,269.48450580844701,269.48450580844701,0,0,0,0.53507474944094202,3.4127484190633401,10.9251026287893,2999.9990969539199,32076.194992676999,0.83579795551888103,119.075465637958,7.0205533120315497e-06,1,1,3.6409587969173698,104.839935807651,219.10252376265399,105.144860554736,9.1177274002547097,57
64.700000000000003,10.927015686802401,314.15917330464202,54.560853123954097,26445.077435457199,2306.4225217568401,1372.9026812515101,0,418.56997420996402,11588.8310701314,9269.0068203174906,1499.4119071918999,22776.636764701601,22854.227068169301,77.590303467608607,1920.9018590757,547.99917782484101,696.81356571752201,319.85484137613503,59.391349454449397,37.644157203118198,0.90348597629279603,0.77614020001346395,22358.066790492099,10768.3999226571,0,10.925100790655801,269.48445000762598,269.48445000762598,0,0,0,0.53507469194200596,3.41274804197089,10.925100978056401,2999.9991209458299,32076.195505723099,0.83579770273738596,119.07546774454801,7.0318965299520599e-06,1,1,3.6409825587902498,104.839935807651,219.10252376265399,105.144860554736,9.1177274002547097,57
64.799999999999997,10.9270135486745,314.159175801706,54.560853771749201,26475.9732918962,2307.7446186336601,1372.9026812515101,0,419.04682905718403,11600.766870592,9283.8112183615103,1501.7681010011399,22806.2105214363,22883.800824903999,77.590303467608607,1920.9018590757,547.99917782484101,697.90607570250802,320.18426940355198,59.475593076532697,37.704290627846497,0.90533574928712301,0.77734020001349902,22387.163692379501,10785.561024410899,0,10.925098607436899,269.48437796065798,269.48437796065798,0,0,0,0.53507462765362801,3.4127475698657199,10.925098836196399,2999.9991447910402,32076.196015632398,0.83579737565040801,119.07547057208799,7.0405112637672599e-06,1,1,3.6410056820719499,104.839935807651,219.10252376265399,105.144860554736,9.1177274002547097,57
64.900000000000006,10.927010964505699,314.15917827984998,54.560854571213802,26506.869139142898,2309.06671472378,1372.9026812515101,0,419.523683726748,11612.7026658414,9298.6156166399996,1504.1242948290401,22835.7842691033,22913.374572571,77.590303467608607,1920.9018590757,547.99917782484101,698.99858544899905,320.51369728713399,59.559836677098801,37.764424040220703,0.907185522327419,0.77854020001353297,22416.260585376898,10802.7221225542,0,10.9250959817943,269.48429102681098,269.48429102681098,0,0,0,0.53507455202202603,3.4127470106493698,10.925096255505199,2999.9991684555698,32076.196521678001,0.83579698032899696,119.07547406164601,7.0491878432221702e-06,1,1,3.6410281711835202,104.839935807651,219.10252376265399,105.144860554736,9.1177274002547097,57
65,10.9270079714252,314.15918073582498,54.560855509465597,26537.764975360002,2310.3888098699299,1372.9026812515101,0,420.00053818700599,11624.6384549508,9313.4200151510395,1506.48048867544,22865.358006078899,22942.948309546598,77.590303467608607,1920.9018590757,547.99917782484101,700.09109491448396,320.84312500125202,59.644080252311703,37.8245574380554,0.90903529542292305,0.77974020001356803,22445.3574678923,10819.8832164182,0,10.9250929519522,269.48419048961398,269.48419048961398,0,0,0,0.53507447088731197,3.41274637078067,10.9250932632676,2999.9991919084,32076.197023196499,0.83579652245312597,119.075478156991,7.06123319105245e-06,1,1,3.6410500314114,104.839935807651,219.10252376265399,105.144860554736,9.1177274002547097,57
65.099999999999994,10.927004607677,314.15918316664101,54.560856574137802,26568.6607988699,2311.7109039285601,1372.9026812515101,0,420.47739240910101,11636.574237073,9328.2244138923797,1508.8366825401699,22894.931730883,22972.522034350699,77.590303467608607,1920.9018590757,547.99917782484101,701.18360406019201,321.17255252252602,59.728323798674403,37.884690819358497,0.91088506858207396,0.78094020001360198,22474.454338474301,10837.044305392599,0,10.925089554265901,269.484077569889,269.484077569889,0,0,0,0.53507438404034902,3.4127456604781501,10.9250898981372,2999.9992151209899,32076.197519577599,0.83579600787335795,119.07548280414601,7.0739952207077303e-06,1,1,3.6410712688348901,104.839935807651,219.10252376265399,105.144860554736,9.1177274002547097,57
65.200000000000003,10.9270009081885,314.15918556957303,54.560857753590803,26599.5566081459,2313.03299676899,1372.9026812515101,0,420.95424636681503,11648.5100114384,9343.0288128615302,1511.1928764230299,22924.505442170499,23002.095745638198,77.590303467608607,1920.9018590757,547.99917782484101,702.27611285089904,321.50197982971201,59.812567313008998,37.944824182320502,0.91273484181254905,0.78214020001363704,22503.551195803899,10854.205388922799,0,10.9250858231699,269.48395342401102,269.48395342401102,0,0,0,0.53507429024310504,3.4127448839349999,10.925086198767501,2999.9992380673002,32076.198010264699,0.83579544193286703,119.07548795230301,7.0829664764460202e-06,1,1,3.64109189025615,104.839935807651,219.10252376265399,105.144860554736,9.1177274002547097,57
65.299999999999997,10.926996903070499,314.15918794219101,54.5608590370584,26630.452401804199,2314.35508827279,1372.9026812515101,0,421.43110003640498,11660.4457773504,9357.8332120557297,1513.5490703237899,22954.079138722798,23031.669442190501,77.590303467608607,1920.9018590757,547.99917782484101,703.36862125472499,321.83140690358402,59.896810792439098,38.004957525302999,0.91458461512131095,0.783340200013671,22532.648038686799,10871.366466506301,0,10.9250817907563,269.48381912976799,269.48381912976799,0,0,0,0.53507419241787002,3.4127440482861302,10.9250821924434,2999.9992607241302,32076.1984947614,0.83579482923799098,119.07549355447,7.0911446528043598e-06,1,1,3.6411119031332602,104.839935807651,219.10252376265399,105.144860554736,9.1177274002547097,57
65.400000000000006,10.9269926241781,314.15919028231002,54.5608604142042,26661.348178594199,2315.67717833294,1372.9026812515101,0,421.90795339646297,11672.3815341805,9372.6376114720297,1515.90526424223,22983.652819441599,23061.243122909302,77.590303467608607,1920.9018590757,547.99917782484101,704.46112924290503,322.16083372678798,59.981054234369701,38.065090846828198,0.91643438851464898,0.78454020001370595,22561.744866045399,10888.527537689601,0,10.9250774871944,269.48367570041,269.48367570041,0,0,0,0.53507408835903203,3.4127431590253701,10.925077915544501,2999.9992830706201,32076.1989726219,0.83579417466189798,119.075499565531,7.1030262915883196e-06,1,1,3.6411313155074501,104.839935807651,219.10252376265399,105.144860554736,9.1177274002547097,57
65.5,10.926988100415601,314.15919258792002,54.560861875390003,26692.2439373917,2316.99926685321,1372.9026812515101,0,422.38480642777301,11684.3172813646,9387.4420111072704,1518.2614581780999,23013.226483340899,23090.816786808598,77.590303467608607,1920.9018590757,547.99917782484101,705.55363678963204,322.49026028376898,60.065297636472202,38.125224145570201,0.91828416199821805,0.78574020001374001,22590.8416769135,10905.6886020654,0,10.9250729414281,269.48352410809099,269.48352410809099,0,0,0,0.53507398053628796,3.4127422236707301,10.9250733930821,2999.9993050875801,32076.199443435598,0.83579348262636199,119.075505943416,7.1119684434961502e-06,1,1,3.6411501359514502,104.839935807651,219.10252376265399,105.144860554736,9.1177274002547097,57
65.599999999999994,10.926983358235701,314.159194857275,54.5608634114419,26723.139677191801,2318.3213537476299,1372.9026812515101,0,422.86165911322098,11696.253018400501,9402.2464109581106,1520.6176521311199,23042.800129542,23120.390433009699,77.590303467608607,1920.9018590757,547.99917782484101,706.64614387190295,322.819686560658,60.149540996671803,38.185357420348197,0.92013393557707301,0.78694020001377496,22619.938470429101,10922.8496592706,0,10.9250681802191,269.48336525172198,269.48336525172198,0,0,0,0.53507386925789102,3.4127412455919401,10.925068652341,2999.99932675831,32076.199906845599,0.83579275717811896,119.075512648081,7.1207105065695899e-06,1,1,3.6411683735147302,104.839935807651,219.10252376265399,105.144860554736,9.1177274002547097,57
65.700000000000003,10.926978423745799,314.15919708881802,54.560865013847803,26754.035397101201,2319.64343893971,1372.9026812515101,0,423.33851143760302,11708.188744842,9417.0508110210594,1522.9738461010199,23072.373757264799,23149.964060732498,77.590303467608607,1920.9018590757,547.99917782484101,707.73865046931701,323.14911254514101,60.233784313126897,38.245490670113597,0.92198370925571205,0.78814020001380902,22649.035245827701,10940.0107089825,0,10.9250632287901,269.48319997857402,269.48319997857402,0,0,0,0.53507375622746001,3.4127402304252299,10.925063716058499,2999.99934806799,32076.200362534601,0.83579200231103601,119.075519642373,7.1306276367977304e-06,1,1,3.64118603766478,104.839935807651,219.10252376265399,105.144860554736,9.1177274002547097,57
65.799999999999997,10.926973321243,314.15919928118097,54.560866674516198,26784.931096331598,2320.9655223620098,1372.9026812515101,0,423.81536338757502,11720.1244602974,9431.8552112925008,1525.33004008751,23101.947365824301,23179.537669292,77.590303467608607,1920.9018590757,547.99917782484101,708.83115656392999,323.47853822640701,60.318027584219301,38.305623893946297,0.92383348303810198,0.78934020001384397,22678.1320024372,10957.1717509173,0,10.9250581108702,269.48302908580001,269.48302908580001,0,0,0,0.53507364034503302,3.4127391837882901,10.9250586115195,2999.9993690034999,32076.200810222599,0.83579122174209797,119.07552689097299,7.1417598519474302e-06,1,1,3.64120313823982,104.839935807651,219.10252376265399,105.144860554736,9.1177274002547097,57
65.900000000000006,10.926968070969499,314.15920143316401,54.560868386005502,26815.826774193501,2322.2876039555099,1372.9026812515101,0,424.29221495149102,11732.0601644247,9446.6596117686695,1527.6862340902901,23131.520954622101,23209.111258089801,77.590303467608607,1920.9018590757,547.99917782484101,709.92366214010599,323.80796359502,60.402270808538098,38.3657570910432,0.92568325692771303,0.79054020001387804,22707.228739671202,10974.3327848271,0,10.9250528487553,269.48285332244399,269.48285332244399,0,0,0,0.53507351976217898,3.4127381079171499,10.9250533660088,2999.9993895534299,32076.2012496651,0.83579041856791003,119.0755343614,7.1533831942360797e-06,1,1,3.6412196854021999,104.839935807651,219.10252376265399,105.144860554736,9.1177274002547097,57
66,10.9269626968235,314.159203543736,54.560870141121597,26846.722430089601,2323.6096836691199,1372.9026812515101,0,424.769066119326,11743.9958569297,9461.4640124457092,1530.04242810906,23161.094523143802,23238.684826611501,77.590303467608607,1920.9018590757,547.99917782484101,711.01616718436901,324.13738864285801,60.486513984867798,38.425890260713501,0.92753303092755002,0.79174020001391299,22736.325457024999,10991.493810498099,0,10.9250474633576,269.482673391123,269.482673391123,0,0,0,0.53507339937355602,3.4127370097065599,10.9250479908951,2999.9994097079102,32076.201680651298,0.83578959644439899,119.075542022253,7.1643480623606601e-06,1,1,3.6412356895962499,104.839935807651,219.10252376265399,105.144860554736,9.1177274002547097,57
66.099999999999994,10.9269572165335,314.15920561202699,54.560871933298202,26877.618063510101,2324.9317614591801,1372.9026812515101,0,425.24591688256498,11755.931537562399,9476.2684133196708,1532.39862214349,23190.668070951699,23268.258374419402,77.590303467608607,1920.9018590757,547.99917782484101,712.10867168528,324.46681336302203,60.570757112176103,38.486023402370201,0.929382805040182,0.79294020001394705,22765.422154069602,11008.6548277483,0,10.925041974177301,269.48248994705898,269.48248994705898,0,0,0,0.53507327703821295,3.4127358912452301,10.925042511189501,2999.9994294586299,32076.202103003401,0.83578875808367903,119.07554984487101,7.1747163019608698e-06,1,1,3.64125116150759,104.839935807651,219.10252376265399,105.144860554736,9.1177274002547097,57
66.200000000000003,10.9269516488364,314.159207637316,54.5608737563172,26908.5136740257,2326.2538372889799,1372.9026812515101,0,425.72276723409902,11767.867206114201,9491.0728143865708,1534.75481619328,23220.241597680299,23297.831901148002,77.590303467608607,1920.9018590757,547.99917782484101,713.20117563328904,324.79623774974601,60.655000189601701,38.546156515524203,0.93123257926777203,0.794140200013982,22794.518830446701,11025.8158364254,0,10.925036399397399,269.48230360126598,269.48230360126598,0,0,0,0.53507315315556803,3.4127347564296402,10.925036945082001,2999.9994487987201,32076.2025165745,0.83578790635205302,119.07555780211101,7.1855174610391302e-06,1,1,3.641266112022,104.839935807651,219.10252376265399,105.144860554736,9.1177274002547097,57
66.299999999999997,10.926946010586301,314.159209619016,54.560875604452399,26939.409261282999,2327.57591112825,1372.9026812515101,0,426.19961716812702,11779.802862414799,9505.8772156422801,1537.1110102580999,23249.815103031498,23327.405406499201,77.590303467608607,1920.9018590757,547.99917782484101,714.29367902060096,325.12566179833601,60.739243216441302,38.606289599776296,0.93308235361210201,0.79534020001401695,22823.615485863898,11042.976836404599,0,10.9250307560244,269.48211492527003,269.48211492527003,0,0,0,0.535073030687365,3.41273360858911,10.9250313039411,2999.99946772256,32076.2029212446,0.83578704382787705,119.075565868981,7.19701347406954e-06,1,1,3.6412805521888099,104.839935807651,219.10252376265399,105.144860554736,9.1177274002547097,57
66.400000000000006,10.926940318308301,314.15921155665899,54.5608774722552,26970.304824999199,2328.8979829527898,1372.9026812515101,0,426.67646668008803,11791.738506330001,9520.6816170826896,1539.4672043376099,23279.388586770499,23356.978890238199,77.590303467608607,1920.9018590757,547.99917782484101,715.38618184108896,325.45508550509498,60.8234861921418,38.6664226548126,0.93493212807459702,0.79654020001405101,22852.712120090899,11060.137827586999,0,10.925025059989499,269.48192445450002,269.48192445450002,0,0,0,0.53507290476755698,3.4127324511586501,10.9250256150517,2999.9994862256799,32076.203316917999,0.83578617303910596,119.075574021698,7.2078255470842098e-06,1,1,3.6412944931933402,104.839935807651,219.10252376265399,105.144860554736,9.1177274002547097,57
66.5,10.926934587915399,314.15921344990102,54.560879354671002,27001.200364957698,2330.22005274406,1372.9026812515101,0,427.153315766562,11803.674137759701,9535.4860187036393,1541.82339843149,23308.9620487213,23386.552352188999,77.590303467608607,1920.9018590757,547.99917782484101,716.47868409015598,325.78450886725,60.907729116288401,38.726555680398803,0.93678190265634897,0.79774020001408597,22881.8087329552,11077.2988098982,0,10.925019326057001,269.481732685221,269.481732685221,0,0,0,0.53507277938071895,3.4127312876267402,10.9250198852351,2999.9995043048102,32076.203703524599,0.83578529642007304,119.075582238199,7.2180409915745301e-06,1,1,3.6413079463204201,104.839935807651,219.10252376265399,105.144860554736,9.1177274002547097,57
66.599999999999994,10.9269288302812,314.15921529853199,54.560881247134702,27032.095881003399,2331.5421204887898,1372.9026812515101,0,427.63016442519,11815.6097566346,9550.2904205009108,1544.1795925394099,23338.535488761801,23416.125792229501,77.590303467608607,1920.9018590757,547.99917782484101,717.57118576463097,326.11393188289298,60.9919719885959,38.786688676373601,0.93863167735814601,0.79894020001412003,22910.905324337102,11094.459783286,0,10.9250135677072,269.481540070596,269.481540070596,0,0,0,0.535072654700396,3.4127301181376501,10.925014128133601,2999.99952195794,32076.204081021599,0.83578441563422101,119.07559049855701,7.2323382482863997e-06,1,1,3.6413209229246499,104.839935807651,219.10252376265399,105.144860554736,9.1177274002547097,57
66.700000000000003,10.9269230611756,314.159217102394,54.560883145259197,27062.991373037199,2332.8641861784999,1372.9026812515101,0,428.10701265459198,11827.545362914099,9565.0948224703097,1546.53578666102,23368.108906820798,23445.699210288501,77.590303467608607,1920.9018590757,547.99917782484101,718.66368686265298,326.443354550903,61.076214808895898,38.846821642642901,0.94048145218048795,0.80014020001415498,22940.0018941667,11111.6207477187,0,10.9250077979467,269.48134704788498,269.48134704788498,0,0,0,0.53507252974791197,3.4127289493583102,10.925008359663501,2999.99953918356,32076.204449376499,0.83578353309395104,119.075598783625,7.2456241468899003e-06,1,1,3.6413334344048098,104.839935807651,219.10252376265399,105.144860554736,9.1177274002547097,57
66.799999999999997,10.926917290011,314.15921886143099,54.560885044980999,27093.886841013798,2334.1862498093401,1372.9026812515101,0,428.58386045432798,11839.480956585199,9579.8992246075995,1548.8919807959901,23397.682302874498,23475.272606342201,77.590303467608607,1920.9018590757,547.99917782484101,719.75618738363596,326.772776870923,61.160457577135098,38.906954579177899,0.94233122712360795,0.80134020001418904,22969.098442420702,11128.781703184501,0,10.9250020287732,269.48115402048097,269.48115402048097,0,0,0,0.53507240814495505,3.4127277801036402,10.9250025843721,2999.99955598112,32076.204808577899,0.83578265023919496,119.075607075665,7.2535658546257798e-06,1,1,3.64134549218771,104.839935807651,219.10252376265399,105.144860554736,9.1177274002547097,57
66.900000000000006,10.9269115307983,314.15922057571697,54.560886942541501,27124.782284937599,2335.50831138166,1372.9026812515101,0,429.06070782480202,11851.416537659599,9594.7036269085693,1551.2481749439801,23427.255676943299,23504.845980411101,77.590303467608607,1920.9018590757,547.99917782484101,720.84868732811299,327.10219884327603,61.244700293362001,38.967087486007998,0.94418100218748702,0.80254020001422399,22998.1949691191,11145.942649689599,0,10.9249962708481,269.48096134691002,269.48096134691002,0,0,0,0.535072282519239,3.4127266144035602,10.9249968295444,2999.9995723513398,32076.2051586411,0.83578176921324299,119.075615358272,7.2606890171300603e-06,1,1,3.6413571076933202,104.839935807651,219.10252376265399,105.144860554736,9.1177274002547097,57
67,10.926905791216299,314.15922224541202,54.560888834627598,27155.677704857299,2336.83037089964,1372.9026812515101,0,429.53755476718402,11863.3521061719,9609.5080293690098,1553.60436910467,23456.829029086399,23534.419332554098,77.590303467608607,1920.9018590757,547.99917782484101,721.94118669765999,327.431620468907,61.328942957718702,39.027220363215498,0.94603077737188801,0.80374020001425805,23027.2914743197,11163.103587256001,0,10.924990533942999,269.480769355831,269.480769355831,0,0,0,0.53507215965105104,3.41272545332439,10.924991090632799,2999.9995882957601,32076.205499598698,0.835780891190818,119.075623616984,7.2729744715616099e-06,1,1,3.6413682923133002,104.839935807651,219.10252376265399,105.144860554736,9.1177274002547097,57
67.099999999999994,10.926900081036299,314.159223870689,54.560890718024297,27186.573100863199,2338.152428371,1372.9026812515101,0,430.01440128337299,11875.287662177499,9624.3124319847102,1555.96056327771,23486.402359400101,23563.9926628678,77.590303467608607,1920.9018590757,547.99917782484101,723.03368549482002,327.76104174936103,61.413185570435097,39.087353210933301,0.94788055267635796,0.80494020001429301,23056.3879581172,11180.264515921401,0,10.9249848276524,269.48057836995298,269.48057836995298,0,0,0,0.53507203894634103,3.4127242994270599,10.924985379006101,2999.9996038160102,32076.205831486001,0.83578001766666299,119.075631837768,7.2836010076571298e-06,1,1,3.6413790573968301,104.839935807651,219.10252376265399,105.144860554736,9.1177274002547097,57
67.200000000000003,10.9268944095582,314.159225451824,54.5608925898173,27217.4684730841,2339.47448380678,1372.9026812515101,0,430.49124737593002,11887.223205751499,9639.1168347515104,1558.3167574627701,23515.975668015199,23593.565971482902,77.590303467608607,1920.9018590757,547.99917782484101,724.12618372303496,328.090462686705,61.497428131821003,39.147486029339703,0.94973032810025404,0.80614020001432696,23085.484420639699,11197.425435737399,0,10.9249791604789,269.48038867532398,269.48038867532398,0,0,0,0.53507191821691102,3.4127231537516298,10.9249797083066,2999.99961891474,32076.206154359199,0.83577915006344605,119.075640007903,7.2927105065900799e-06,1,1,3.6413894142313299,104.839935807651,219.10252376265399,105.144860554736,9.1177274002547097,57
67.299999999999997,10.9268887835558,314.15922698916,54.560894447322497,27248.363821684699,2340.7965372210601,1372.9026812515101,0,430.96809304803401,11899.1587369875,9653.9212376652595,1560.6729516595301,23545.548955093702,23623.139258561401,77.590303467608607,1920.9018590757,547.99917782484101,725.21868138656805,328.41988328351101,61.5816706422614,39.207618818655803,0.95158010364275503,0.80734020001436202,23114.580862046099,11214.586346768599,0,10.9249735401407,269.48020053165601,269.48020053165601,0,0,0,0.53507180012864297,3.4127220174698398,10.9249740808082,2999.9996335952101,32076.206468288601,0.83577828941737797,119.07564811567499,7.3014707595575601e-06,1,1,3.64139937402603,104.839935807651,219.10252376265399,105.144860554736,9.1177274002547097,57
67.400000000000006,10.9268832112715,314.15922848309998,54.560896288101503,27279.259146861899,2342.1185886307198,1372.9026812515101,0,431.44493830342299,11911.0942559946,9668.7256407218592,1563.02914586766,23575.122220826601,23652.7125242943,77.590303467608607,1920.9018590757,547.99917782484101,726.31117849043005,328.74930354280599,61.665913102208698,39.2677515791407,0.95342987930287304,0.80854020001439597,23143.6772825236,11231.747249091301,0,10.924967973670601,269.48001417564302,269.48001417564302,0,0,0,0.53507168076179801,3.4127208924874002,10.924968512426901,2999.9996478613002,32076.206773356502,0.83577743698937401,119.075656150439,7.3113915277645e-06,1,1,3.6414089478957798,104.839935807651,219.10252376265399,105.144860554736,9.1177274002547097,57
67.5,10.9268776991173,314.15922993409401,54.5608981099723,27310.154448841498,2343.4406380550599,1372.9026812515101,0,431.92178314631502,11923.029762897,9683.5300439172206,1565.38534008683,23604.695465429599,23682.285768897302,77.590303467608607,1920.9018590757,547.99917782484101,727.40367504029905,329.07872346800798,61.750155512174402,39.327884311087601,0.95527965507947699,0.80974020001443103,23172.7736822837,11248.908142792199,0,10.9249624675227,269.47982982455102,269.47982982455102,0,0,0,0.53507156429417502,3.4127197814008099,10.924963000889001,2999.9996617172701,32076.207069654502,0.83577659376026203,119.075664102671,7.3229421104770196e-06,1,1,3.64141814684411,104.839935807651,219.10252376265399,105.144860554736,9.1177274002547097,57
67.599999999999994,10.9268722509774,314.15923134261601,54.560899910924398,27341.0497278765,2344.76268551576,1372.9026812515101,0,432.39862758141601,11934.9652578326,9698.33444724734,1567.7415343167199,23634.268689142998,23711.858992610702,77.590303467608607,1920.9018590757,547.99917782484101,728.49617104248796,329.408143062926,61.834397872729099,39.3880170148229,0.95712943097130099,0.81094020001446498,23201.870061562098,11266.0690279684,0,10.9249570277714,269.47964768288199,269.47964768288199,0,0,0,0.53507145046581595,3.4127186827261,10.9249575530157,2999.9996751676599,32076.2073572796,0.83577576032426204,119.07567196359599,7.3319351940881503e-06,1,1,3.6414269817571898,104.839935807651,219.10252376265399,105.144860554736,9.1177274002547097,57
67.700000000000003,10.926866876006899,314.15923270922502,54.560901689003302,27371.944984244499,2346.0847310365398,1372.9026812515101,0,432.87547161384401,11946.9007409516,9713.1388507082102,1570.09772855702,23663.841892229098,23741.4321956969,77.590303467608607,1920.9018590757,547.99917782484101,729.58866650386301,329.73756233170599,61.918640184491302,39.448149690701399,0.95897920697695105,0.81214020001450005,23230.966420615801,11283.2299047254,0,10.924951659497699,269.47946792179602,269.47946792179602,0,0,0,0.53507133759052905,3.4127175999334698,10.924952177902,2999.9996882178202,32076.207636346,0.835774938081842,119.075679724683,7.3425690061412802e-06,1,1,3.6414354633866202,104.839935807651,219.10252376265399,105.144860554736,9.1177274002547097,57
67.799999999999997,10.9268615752787,314.15923403448897,54.560903442724999,27402.840218244699,2347.4067746430501,1372.9026812515101,0,433.352315249085,11958.836212415001,9727.9432542959494,1572.45392280741,23693.415074968099,23771.005378435799,77.590303467608607,1920.9018590757,547.99917782484101,730.68116143180396,330.06698127879201,62.0028824481276,39.508282339103502,0.96082898309493003,0.813340200014534,23260.062759719502,11300.390773176599,0,10.9249463675685,269.47929070524401,269.47929070524401,0,0,0,0.53507122902840998,3.4127165324776301,10.9249468732742,2999.9997008731498,32076.207906969499,0.83577412719712196,119.075687379454,7.3529881774447901e-06,1,1,3.6414436023432,104.839935807651,219.10252376265399,105.144860554736,9.1177274002547097,57
67.900000000000006,10.9268563563923,314.15923531901501,54.560905170476801,27433.7354301962,2348.7288163625699,1372.9026812515101,0,433.82915849297098,11970.771672393899,9742.7476580066595,1574.81011706759,23722.988237658701,23800.578541126401,77.590303467608607,1920.9018590757,547.99917782484101,731.77365583413098,330.39639990890402,62.087124664342802,39.5684149604335,0.962678759323635,0.81454020001456895,23289.159079166198,11317.551633442799,0,10.9249411562765,269.47911617789902,269.47911617789902,0,0,0,0.53507111745035296,3.4127154816876701,10.924941659595801,2999.9997131394798,32076.208169274301,0.83577332883261202,119.075694920871,7.3624833021313003e-06,1,1,3.6414514090831802,104.839935807651,219.10252376265399,105.144860554736,9.1177274002547097,57
68,10.926851220252599,314.159236563467,54.5609068710624,27464.630620435801,2350.0508562239302,1372.9026812515101,0,434.30600135163297,11982.707121067901,9757.5520618365408,1577.1663113372499,23752.561380614101,23830.1516840818,77.590303467608607,1920.9018590757,547.99917782484101,732.86614971907602,330.72581822701,62.171366833880398,39.628547555115702,0.96452853566137697,0.81574020001460301,23318.255379262999,11334.7124856512,0,10.924936029198699,269.47894446039902,269.47894446039902,0,0,0,0.53507101083599096,3.41271444746658,10.924936523224501,2999.9997250231199,32076.208423395699,0.83577254312675597,119.07570234371001,7.3751180025283196e-06,1,1,3.6414588939030001,104.839935807651,219.10252376265399,105.144860554736,9.1177274002547097,57
68.099999999999994,10.926846172425,314.15923776847899,54.5609085432203,27495.525789315801,2351.3728942572902,1372.9026812515101,0,434.782843831462,11994.642558624901,9772.3564657818406,1579.5225056161,23782.134504161899,23859.724807629598,77.590303467608607,1920.9018590757,547.99917782484101,733.95864309522995,331.05523623828202,62.255608957514497,39.688680123593102,0.96637831210639002,0.81694020001463796,23347.3516603309,11351.8733299342,0,10.924930990038099,269.47877567759599,269.47877567759599,0,0,0,0.53507090577747196,3.4127134324348498,10.924931475528901,2999.9997365301301,32076.2086694633,0.83577177093086497,119.07570964246599,7.3836563387885698e-06,1,1,3.6414660669333698,104.839935807651,219.10252376265399,105.144860554736,9.1177274002547097,57
68.200000000000003,10.9268412146728,314.15923893477901,54.5609101859554,27526.420937202802,2352.6949304940299,1372.9026812515101,0,435.25968593910301,12006.577985259801,9787.16086983889,1581.87869990384,23811.707608641798,23889.297912109501,77.590303467608607,1920.9018590757,547.99917782484101,735.051135971505,331.38465394809901,62.339851036050099,39.748812666325897,0.96822808865683196,0.81814020001467203,23376.447922703199,11369.0341664301,0,10.9249260413673,269.47860991639902,269.47860991639902,0,0,0,0.53507080244873995,3.4127124359213399,10.9249265187827,2999.9997476674698,32076.2089076259,0.83577101251470598,119.075716812796,7.3951232479885204e-06,1,1,3.64147293813024,104.839935807651,219.10252376265399,105.144860554736,9.1177274002547097,57
68.299999999999997,10.9268363494959,314.15924006307,54.560911798464502,27557.3160644749,2354.0169649664999,1372.9026812515101,0,435.73652768136998,12018.5134011727,9801.9652740040601,1584.23489420018,23841.2806944029,23918.870997870701,77.590303467608607,1920.9018590757,547.99917782484101,736.14362835707004,331.71407136199002,62.424093070313397,39.808945183786498,0.97007786531080897,0.81934020001470698,23405.5441667222,11386.194995280401,0,10.924921185840001,269.47844726640898,269.47844726640898,0,0,0,0.53507070315141303,3.41271145730131,10.924921650712299,2999.9997584418602,32076.209138026799,0.83577026826065604,119.075723851193,7.4071940616704498e-06,1,1,3.64147951726618,104.839935807651,219.10252376265399,105.144860554736,9.1177274002547097,57
68.400000000000006,10.926831579723199,314.15924115406602,54.560913379829103,27588.211171520801,2355.3389977079701,1372.9026812515101,0,436.21336906528802,12030.4488065692,9816.7696782737894,1586.5910885048399,23870.853761804799,23948.444065272499,77.590303467608607,1920.9018590757,547.99917782484101,737.23612026134697,332.04348848563097,62.508335061154902,39.869077676460698,0.97192764206636895,0.82054020001474104,23434.640392740101,11403.3558166314,0,10.9249164258117,269.47828780722602,269.47828780722602,0,0,0,0.53507060383220695,3.4127104990427699,10.9249168826864,2999.9997688601002,32076.209360812001,0.83576953860144798,119.075730753649,7.4156305345240997e-06,1,1,3.6414858139336701,104.839935807651,219.10252376265399,105.144860554736,9.1177274002547097,57
68.5,10.926826907121599,314.15924220853799,54.560914929472297,27619.106258738899,2356.66102875255,1372.9026812515101,0,436.69021009802202,12042.384201660199,9831.5740826446308,1588.9472828175601,23900.426811214398,23978.017114682101,77.590303467608607,1920.9018590757,547.99917782484101,738.32861169396199,332.37290532484099,62.592577009443303,39.929210144844802,0.97377741892151304,0.82174020001477599,23463.7366011169,11420.516630632001,0,10.924911762859301,269.47813159228701,269.47813159228701,0,0,0,0.53507050627244701,3.4127095601317898,10.924912212431099,2999.9997789295699,32076.209576139001,0.83576882380738104,119.075737517644,7.4256131483707602e-06,1,1,3.6414918375354901,104.839935807651,219.10252376265399,105.144860554736,9.1177274002547097,57
68.599999999999994,10.926822332652,314.15924322724601,54.560916446876902,27650.001326534501,2357.9830581349102,1372.9026812515101,0,437.167050786858,12054.3195866591,9846.3784871131793,1591.3034771380401,23929.9998430044,24007.590146472099,77.590303467608607,1920.9018590757,547.99917782484101,739.42110266469103,332.70232188550699,62.676818916060903,39.989342589442998,0.97562719587420599,0.82294020001481005,23492.832792218102,11437.6774374341,0,10.9249071985139,269.47797867348601,269.47797867348601,0,0,0,0.53507041226514795,3.4127086414075798,10.9249076376727,2999.9997886575102,32076.209784162598,0.83576812402539302,119.07574414092301,7.4361560109537103e-06,1,1,3.6414975972783998,104.839935807651,219.10252376265399,105.144860554736,9.1177274002547097,57
68.700000000000003,10.926817857403,314.15924421096099,54.560917931615002,27680.896375319,2359.3050858902602,1372.9026812515101,0,437.64389113918003,12066.254961782601,9861.1828916760496,1593.65967146604,23959.572857552899,24037.163161020599,77.590303467608607,1920.9018590757,547.99917782484101,740.51359318345499,333.03173817361198,62.761060781902202,40.049475010766599,0.977476972922384,0.824140200014845,23521.9289664143,11454.838237191299,0,10.9249027339481,269.47782909067502,269.47782909067502,0,0,0,0.53507032027728896,3.4127077426514099,10.924903162958801,2999.9997980512999,32076.209985040699,0.83576743942202802,119.075750621617,7.4479612521827204e-06,1,1,3.6415031021755402,104.839935807651,219.10252376265399,105.144860554736,9.1177274002547097,57
68.799999999999997,10.92681348412,314.15924516045101,54.560919383245,27711.7914055086,2360.6271120542401,1372.9026812515101,0,438.12073116245,12078.1903272499,9875.9872963300404,1596.0158658012799,23989.145855242401,24066.7361587101,77.590303467608607,1920.9018590757,547.99917782484101,741.606083260275,333.36115419520303,62.845302607872,40.109607409332298,0.97932675006395697,0.82534020001487896,23551.025124080599,11471.9990300593,0,10.9248983702101,269.47768287951698,269.47768287951698,0,0,0,0.53507023187009695,3.4127068645999898,10.9248987860155,2999.9998071182599,32076.210178929799,0.83576677041723102,119.07575695779801,7.4584422691259499e-06,1,1,3.6415083610412702,104.839935807651,219.10252376265399,105.144860554736,9.1177274002547097,57
68.900000000000006,10.926809211366701,314.15924607650902,54.560920801618202,27742.686417524201,2361.9491366628299,1372.9026812515101,0,438.59757086420097,12090.1256832818,9890.7917010719193,1598.37206014351,24018.7188364582,24096.309139925899,77.590303467608607,1920.9018590757,547.99917782484101,742.698572905265,333.69056995637902,62.929544394882001,40.1697397856611,0.98117652729681304,0.82654020001491402,23580.121265594698,11489.159816195201,0,10.924894107863899,269.47754005940197,269.47754005940197,0,0,0,0.53507014313943402,3.4127060076364999,10.924894515937901,2999.9998158659801,32076.210365992301,0.835766116791262,119.075763148818,7.4690287874545902e-06,1,1,3.6415133824924202,104.839935807651,219.10252376265399,105.144860554736,9.1177274002547097,57
69,10.9268050414129,314.15924695992999,54.560922186504897,27773.581411788098,2363.2711597522198,1372.9026812515101,0,439.07441025198699,12102.0610301001,9905.5961058985995,1600.7282544924999,24048.2918015879,24125.8821050556,77.590303467608607,1920.9018590757,547.99917782484101,743.79106212858505,334.01998546326797,63.013786143848399,40.229872140276498,0.983026304618832,0.82774020001494797,23609.2173913365,11506.320595756501,0,10.9248899472846,269.47740064338001,269.47740064338001,0,0,0,0.53507005636135796,3.4127051720078101,10.924890348178501,2999.99982430202,32076.210546389899,0.83576547889132402,119.07576919367401,7.48085221857764e-06,1,1,3.6415181749434802,104.839935807651,219.10252376265399,105.144860554736,9.1177274002547097,57
69.099999999999994,10.9268009722652,314.15924781150301,54.560923537872803,27804.476388725099,2364.5931813587299,1372.9026812515101,0,439.55124933340898,12113.996367927701,9920.4005108070396,1603.08444884799,24077.864751019701,24155.4550544874,77.590303467608607,1920.9018590757,547.99917782484101,744.88355094042595,334.34940072200197,63.098027855692202,40.290004473704002,0.98487608202788002,0.82894020001498303,23638.313501686898,11523.481368901799,0,10.9248858886882,269.47726463914199,269.47726463914199,0,0,0,0.53506997367419395,3.41270435467588,10.9248862781897,2999.9998324339399,32076.210720284002,0.835764856412468,119.07577509222401,7.4934723670594403e-06,1,1,3.64152274660638,104.839935807651,219.10252376265399,105.144860554736,9.1177274002547097,57
69.200000000000003,10.9267970055086,314.15924863199501,54.560924855615703,27835.371348760498,2365.9152015187701,1372.9026812515101,0,440.02808811605701,12125.9316969877,9935.2049157942602,1605.4406432097501,24107.437685143101,24185.0279886108,77.590303467608607,1920.9018590757,547.99917782484101,745.97603935099596,334.67881573874803,63.182269531332601,40.350136786469101,0.98672585952182501,0.83014020001501698,23667.409597027701,11540.6421357896,0,10.9248819322987,269.477132054636,269.477132054636,0,0,0,0.53506989212618605,3.41270355978298,10.9248823127928,2999.9998402690599,32076.210887831399,0.83576424959714701,119.075780844006,7.50206527300179e-06,1,1,3.6415271054954101,104.839935807651,219.10252376265399,105.144860554736,9.1177274002547097,57
69.299999999999997,10.926793140795899,314.15924942222398,54.560926139784598,27866.266292319899,2367.2372202687802,1372.9026812515101,0,440.504926607534,12137.8670175026,9950.0093208573599,1607.7968375775499,24137.010604347299,24214.600907814998,77.590303467608607,1920.9018590757,547.99917782484101,747.06852737048905,335.00823051965898,63.266511171690901,40.410269079097603,0.98857563709852703,0.83134020001505204,23696.505677740301,11557.8028965784,0,10.924878077642701,269.47700287439102,269.47700287439102,0,0,0,0.53506981459363601,3.4127027854213301,10.924878445166501,2999.9998478152002,32076.211049198999,0.835763658392216,119.07578644924099,7.5116731750313201e-06,1,1,3.64153125941895,104.839935807651,219.10252376265399,105.144860554736,9.1177274002547097,57
69.400000000000006,10.926789376842599,314.15925018296502,54.560927390528803,27897.161219827602,2368.55923764506,1372.9026812515101,0,440.98176481540298,12149.802329694699,9964.8137259935793,1610.1530319511601,24166.583509019401,24244.173812487101,77.590303467608607,1920.9018590757,547.99917782484101,748.161015009072,335.33764507086403,63.350752777683098,40.470401352112802,0.99042541475585699,0.832540200015086,23725.601744204501,11574.9636514263,0,10.9248743244805,269.47687709076598,269.47687709076598,0,0,0,0.53506973675719505,3.4127020302877402,10.9248746844059,2999.99985507974,32076.211204545001,0.83576308260115795,119.075791908582,7.5195348472334402e-06,1,1,3.6415352159857401,104.839935807651,219.10252376265399,105.144860554736,9.1177274002547097,57
69.5,10.926785715277999,314.15925091503101,54.5609286079725,27928.056131706198,2369.88125368378,1372.9026812515101,0,441.45860274719001,12161.737633785,9979.6181312001208,1612.50922633038,24196.156399545402,24273.746703013101,77.590303467608607,1920.9018590757,547.99917782484101,749.25350227684805,335.66705939845599,63.434994350221999,40.530533606035803,0.99227519249169205,0.83374020001512095,23754.697796798599,11592.1244004903,0,10.924870671976899,269.476754676116,269.476754676116,0,0,0,0.53506966140824197,3.41270129725349,10.9248710236898,2999.99986207045,32076.211354035298,0.83576252247321803,119.075797222571,7.53171480027959e-06,1,1,3.6415389825995899,104.839935807651,219.10252376265399,105.144860554736,9.1177274002547097,57
69.599999999999994,10.926782151994599,314.15925161918898,54.560929792423003,27958.951028375901,2371.2032684209098,1372.9026812515101,0,441.93544041038098,12173.672929992899,9994.4225364743197,1614.86542071498,24225.729276308,24303.3195797757,77.590303467608607,1920.9018590757,547.99917782484101,750.34598918388099,335.99647350849102,63.519235890213999,40.5906658413843,0.99412497030392499,0.83494020001515501,23783.793835897999,11609.2851439269,0,10.924867119553801,269.47663561143099,269.47663561143099,0,0,0,0.53506958926108195,3.41270058334884,10.9248674607443,2999.99986879467,32076.211497826898,0.835761977380032,119.075802392548,7.5455463957041502e-06,1,1,3.64154256646956,104.839935807651,219.10252376265399,105.144860554736,9.1177274002547097,57
69.700000000000003,10.926778689300701,314.15925229619302,54.560930943950297,27989.845910254,2372.5252818921499,1372.9026812515101,0,442.41227781240798,12185.608218536599,10009.2269418136,1617.2216151047601,24255.3021396886,24332.892443156299,77.590303467608607,1920.9018590757,547.99917782484101,751.43847574014296,336.32588740699902,63.603477398559598,40.650798058672898,0.99597474819045795,0.83614020001518996,23812.889861876502,11626.445881891301,0,10.9248636665974,269.47651987646901,269.47651987646901,0,0,0,0.53506951900484401,3.4126998899862699,10.9248639978432,2999.9998752595702,32076.2116360734,0.83576144767468397,119.07580741882001,7.5565585575532202e-06,1,1,3.6415459746047398,104.839935807651,219.10252376265399,105.144860554736,9.1177274002547097,57
69.799999999999997,10.9267753258278,314.15925294681398,54.560932062982602,28020.7407777546,2373.8472941329301,1372.9026812515101,0,442.88911496062502,12197.5434996322,10024.031347215499,1619.5778094995101,24284.874990063901,24362.465293531601,77.590303467608607,1920.9018590757,547.99917782484101,752.53096195551996,336.65530109993603,63.687718876150797,40.7109302584104,0.99782452614921302,0.83734020001522402,23841.985875103601,11643.606614537401,0,10.9248603120841,269.47640743724401,269.47640743724401,0,0,0,0.53506945223961699,3.41269921709595,10.924860630439101,2999.99988147255,32076.211768932601,0.83576093314782796,119.075812303256,7.5662683229893404e-06,1,1,3.6415492138171399,104.839935807651,219.10252376265399,105.144860554736,9.1177274002547097,57
69.900000000000006,10.9267720584012,314.15925357184,54.5609331498231,28051.635631287802,2375.16930517836,1372.9026812515101,0,443.36595186234598,12209.4787734939,10038.8357526774,1621.9340038990499,24314.447827807599,24392.0381312754,77.590303467608607,1920.9018590757,547.99917782484101,753.62344783981803,336.98471459321303,63.771960323872001,40.771062441101897,0.99967430417812897,0.83854020001525897,23871.0818759457,11660.7673420177,0,10.924857054668999,269.47629824895199,269.47629824895199,0,0,0,0.53506938410430704,3.4126985625271198,10.924857367626799,2999.9998874411099,32076.211896565099,0.83576043331380501,119.075817047179,7.5800198828801496e-06,1,1,3.6415522907281499,104.839935807651,219.10252376265399,105.144860554736,9.1177274002547097,57
69.969999999999999,10.9267698293948,314.15925399449799,54.560933891623002,28073.2620206676,2376.0947122175198,1372.9026812515101,0,443.69973755073499,12217.833461005899,10049.198836535301,1623.5833399814701,24335.1488069105,24412.739110378199,77.590303467608607,1920.9018590757,547.99917782484101,754.38818776701498,337.21530392283302,63.830929319972299,40.813154959110697,1.00096914883903,0.83938020001528302,23891.449069360198,11672.779848261,0,10.9248548319656,269.47622374203098,269.47622374203098,0,0,0,0.53506933953821001,3.4126981171844202,10.9248551370911,2999.99989147719,32076.211982873199,0.83576009233201398,119.075820285042,7.5850402936339404e-06,1,1,3.64155435144523,104.839935807651,219.10252376265399,105.144860554736,9.1177274002547097,57
69.980000000000004,10.9267695141028,314.15925405389902,54.560933996345199,28076.351504330301,2376.2269131773801,1372.9026812515101,0,443.74742121107698,12219.0269875167,10050.6792770887,1623.818959422,24338.106089156299,24415.696392623999,77.590303467608607,1920.9018590757,547.99917782484101,754.49743631538104,337.24824524800101,63.839353461129903,40.819168175317202,1.00115412665041,0.83950020001528602,23894.358667945598,11674.495920383901,0,10.924854518240201,269.47621322554897,269.47621322554897,0,0,0,0.535069332748358,3.4126980535611802,10.9248548233154,2999.99989204444,32076.211995003301,0.83576004410029103,119.075820742142,7.5860552897211198e-06,1,1,3.64155463972478,104.839935807651,219.10252376265399,105.144860554736,9.1177274002547097,57
69.989999999999995,10.926769200292,314.15925411306102,54.5609341007385,28079.440987860598,2376.3591141258999,1372.9026812515101,0,443.79510486908299,12220.2205139589,10052.1597176426,1624.05457886257,24341.063371282398,24418.653674750101,77.590303467608607,1920.9018590757,547.99917782484101,754.60668486060899,337.28118657127499,63.847777602004399,40.825181391362101,1.00133910446246,0.83962020001529003,23897.268266413699,11676.2119924578,0,10.924854205432601,269.47620273979697,269.47620273979697,0,0,0,0.53506932640531202,3.4126979903861598,10.924854509539699,2999.9998926093899,32076.212007084399,0.83575999609514195,119.075821197805,7.5877869676332904e-06,1,1,3.6415549264956901,104.839935807651,219.10252376265399,105.144860554736,9.1177274002547097,57
70,10.926768888373701,314.15925417198298,54.5609342047917,28082.530471258899,2376.4913150631301,1372.9026812515101,0,443.84278852476001,12221.4140403327,10053.6401581971,1624.29019830318,24344.020653289299,24421.610956756998,77.590303467608607,1920.9018590757,547.99917782484101,754.71593340270795,337.31412789266301,63.856201742596802,40.831194607245898,1.0015240822751701,0.83974020001529304,23900.177864764901,11677.9280644829,0,10.924853893552999,269.47619228511701,269.47619228511701,0,0,0,0.535069319483225,3.4126979284485199,10.924854198037799,2999.9998931720602,32076.212019116501,0.83575994837952705,119.075821651984,7.5899115472566303e-06,1,1,3.6415552117640799,104.839935807651,219.10252376265399,105.144860554736,9.1177274002547097,57
70.010000000000005,10.9267685762036,314.159254230665,54.560934308571099,28085.619954525599,2376.6235159890998,1372.9026812515101,0,443.89047217811498,12222.6075666384,10055.120598752201,1624.52581774384,24346.977935177001,24424.568238644701,77.590303467608607,1920.9018590757,547.99917782484101,754.82518194168802,337.34706921217202,63.864625882907802,40.837207822969198,1.0017090600885401,0.83986020001529704,23903.087462999301,11679.644136459299,0,10.9248535826195,269.47618186212202,269.47618186212202,0,0,0,0.53506931405404201,3.4126978662993999,10.924853884262101,2999.9998937324199,32076.2120310994,0.83575990062536598,119.07582210496901,7.5921816460322597e-06,1,1,3.6415554955361098,104.839935807651,219.10252376265399,105.144860554736,9.1177274002547097,57
70.019999999999996,10.9267682653558,314.15925428910498,54.560934412016501,28088.709437661098,2376.75571690384,1372.9026812515101,0,443.93815582915602,12223.8010928762,10056.6010393078,1624.76143718455,24349.9352169462,24427.525520413899,77.590303467608607,1920.9018590757,547.99917782484101,754.93443047755898,337.380010529804,63.873050022938202,40.843221038532398,1.00189403790258,0.83998020001530005,23905.997061117501,11681.360208387199,0,10.9248532726431,269.47617147117199,269.47617147117199,0,0,0,0.53506930698609501,3.4126978038490199,10.9248535750339,2999.9998942904799,32076.212043033,0.83575985307351297,119.075822556495,7.5941643444821196e-06,1,1,3.64155577781791,104.839935807651,219.10252376265399,105.144860554736,9.1177274002547097,57
70.030000000000001,10.926767955886501,314.159254347304,54.560934515141298,28091.7989206657,2376.8879178073798,1372.9026812515101,0,443.98583947788802,12224.9946190463,10058.0814798639,1624.99705662529,24352.892498597201,24430.4828020649,77.590303467608607,1920.9018590757,547.99917782484101,755.04367901033004,337.412951845566,63.881474162689003,40.849234253935997,1.0020790157172701,0.84010020001530405,23908.906659119799,11683.0762802667,0,10.9248529636148,269.47616111197198,269.47616111197198,0,0,0,0.535069301428304,3.4126977420547702,10.924853263532,2999.9998948462498,32076.2120549176,0.83575980573251096,119.07582300662099,7.5961470429319897e-06,1,1,3.6415560586156199,104.839935807651,219.10252376265399,105.144860554736,9.1177274002547097,57
70.099999999999994,10.9267658117819,314.15925474801998,54.560935228460103,28113.425298068501,2377.81332382153,1372.9026812515101,0,444.31962495498601,12233.3493003575,10068.4445637722,1626.64639271173,24373.593466872298,24451.1837703401,77.590303467608607,1920.9018590757,547.99917782484101,755.80841865373498,337.64354100404398,63.940443133185497,40.891326757333701,1.00337386043833,0.84094020001532799,23929.2738419177,11695.0887820814,0,10.924850827108401,269.47608949143103,269.47608949143103,0,0,0,0.535069258601237,3.4126973125167499,10.9248511193982,2999.9998986728001,32076.2121367451,0.83575947773867398,119.075826120169,7.6034848461858903e-06,1,1,3.6415579831578002,104.839935807651,219.10252376265399,105.144860554736,9.1177274002547097,57
70.200000000000003,10.9267628298481,314.15925530066198,54.560936221029301,28144.320112111898,2379.13533148738,1372.9026812515101,0,444.79646116004602,12245.2845537746,10083.2489694005,1629.0025871245,24403.166268917401,24480.756572385199,77.590303467608607,1920.9018590757,547.99917782484101,756.90090360234205,337.972953933052,64.024684496490906,40.951458891852198,1.0052236386656199,0.84214020001536205,23958.369807757699,11712.249494960501,0,10.924847854158299,269.47598982870699,269.47598982870699,0,0,0,0.53506919777917095,3.4126967156306098,10.924848138529301,2999.9999039501499,32076.212249596701,0.835759021578244,119.075830452609,7.6169926614966201e-06,1,1,3.6415606109633401,104.839935807651,219.10252376265399,105.144860554736,9.1177274002547097,57
70.299999999999997,10.926759940471101,314.15925583059999,54.560937183120103,28175.214913778102,2380.4573380939701,1372.9026812515101,0,445.27329714683702,12257.219800786101,10098.0533750798,1631.35878154133,24432.739059777701,24510.329363245401,77.590303467608607,1920.9018590757,547.99917782484101,757.99338825779296,338.30236668527499,64.108925833345893,41.011591011277801,1.0070734169550799,0.843340200015397,23987.465762631,11729.410203264,0,10.9248449735809,269.47589325959899,269.47589325959899,0,0,0,0.53506914066661804,3.4126961381422301,10.924845246336201,2999.9999090106799,32076.212357811801,0.83575857957678201,119.075834652015,7.6244687079452004e-06,1,1,3.64156310104035,104.839935807651,219.10252376265399,105.144860554736,9.1177274002547097,57
70.400000000000006,10.9267571411881,314.15925633860502,54.560938115154997,28206.109703451399,2381.7793436741999,1372.9026812515101,0,445.75013292218603,12269.1550415929,10112.857780808001,1633.71497596206,24462.311839802602,24539.902143270301,77.590303467608607,1920.9018590757,547.99917782484101,759.08587262925198,338.63177926623098,64.193167144580499,41.071723116083,1.0089231953047899,0.84454020001543095,24016.561706880599,11746.570907135299,0,10.9248421832341,269.47579971250201,269.47579971250201,0,0,0,0.53506908309355805,3.4126955792781302,10.92484244964,2999.99991386177,32076.212461548301,0.83575815135754195,119.075838720231,7.6389333116821894e-06,1,1,3.6415654590757498,104.839935807651,219.10252376265399,105.144860554736,9.1177274002547097,57
70.5,10.9267544310876,314.15925682531298,54.560939017670698,28237.004481508699,2383.1013482603098,1372.9026812515101,0,446.22696849277298,12281.0902763903,10127.6621865831,1636.07117038652,24491.884609334302,24569.474912802001,77.590303467608607,1920.9018590757,547.99917782484101,760.17835672569004,338.96119168134101,64.277408431003295,41.131855206729597,1.0107729737128599,0.84574020001546601,24045.6576408418,11763.7316067136,0,10.9248394821876,269.47570915647901,269.47570915647901,0,0,0,0.53506902771684905,3.4126950372548901,10.9248397416195,2999.9999185094898,32076.212560935801,0.83575773678105403,119.075842659599,7.6476135291159204e-06,1,1,3.6415676905699201,104.839935807651,219.10252376265399,105.144860554736,9.1177274002547097,57
70.599999999999994,10.9267518090428,314.15925729146699,54.560939891137899,28267.8992483211,2384.4233518841002,1372.9026812515101,0,446.703803865179,12293.025505371899,10142.4665924031,1638.4273648145399,24521.457368710398,24599.047672178101,77.590303467608607,1920.9018590757,547.99917782484101,761.27084055595196,339.29060393593198,64.3616496934102,41.1919872836732,1.01262275217741,0.84694020001549997,24074.753564845301,11780.892302136799,0,10.9248368682383,269.47562151785502,269.47562151785502,0,0,0,0.53506897559764599,3.4126945131805502,10.9248371177273,2999.9999229609298,32076.212656126001,0.83575733567494503,119.075846472175,7.6625292422249896e-06,1,1,3.6415698008525599,104.839935807651,219.10252376265399,105.144860554736,9.1177274002547097,57
70.700000000000003,10.9267492721405,314.15925773766998,54.560940736148801,28298.794004252399,2385.7453545766398,1372.9026812515101,0,447.18063904584699,12304.960728726701,10157.270998266,1640.7835592460001,24551.0301182607,24628.620421728399,77.590303467608607,1920.9018590757,547.99917782484101,762.36332412868899,339.620016035216,64.445890932584305,41.252119347359397,1.01447253069663,0.84814020001553503,24103.849479214899,11798.052993539701,0,10.924834340414,269.47553676427401,269.47553676427401,0,0,0,0.53506892413524898,3.4126940046688099,10.924834582510799,2999.9999272218602,32076.2127472422,0.83575694759356101,119.075850160542,7.6702999649569392e-06,1,1,3.6415717950759401,104.839935807651,219.10252376265399,105.144860554736,9.1177274002547097,57
70.799999999999997,10.9267468201041,314.15925816462999,54.560941553168902,28329.688749660301,2387.06735636859,1372.9026812515101,0,447.65747404113,12316.8959466408,10172.0754041701,1643.1397536807201,24580.602858310602,24658.193161778301,77.590303467608607,1920.9018590757,547.99917782484101,763.45580745242899,339.94942798434801,64.530132149293706,41.312251398227097,1.0163223092687099,0.84934020001556898,24132.945384269398,11815.2136810551,0,10.9248318965408,269.47545482302098,269.47545482302098,0,0,0,0.53506887656458202,3.4126935166180901,10.924832126875099,2999.9999312990299,32076.212834429101,0.83575657249458202,119.075853726733,7.6804608397651498e-06,1,1,3.6415736782324601,104.839935807651,219.10252376265399,105.144860554736,9.1177274002547097,57
70.900000000000006,10.9267444506995,314.15925857299402,54.560942342899097,28360.583484895,2388.3893572899101,1372.9026812515101,0,448.13430885720402,12328.831159296,10186.8798101136,1645.4959481185799,24610.175589176899,24687.765892644598,77.590303467608607,1920.9018590757,547.99917782484101,764.54829053547496,340.278839788325,64.614373344289703,41.372383436704297,1.0181720878919001,0.85054020001560404,24162.0412803197,11832.3743648127,0,10.9248295348818,269.47537563604499,269.47537563604499,0,0,0,0.53506882776495901,3.4126930430712301,10.9248297599152,2999.9999351986098,32076.212917818299,0.835756210036247,119.075857173806,7.6935284596402198e-06,1,1,3.64157545513295,104.839935807651,219.10252376265399,105.144860554736,9.1177274002547097,57
71,10.9267421612665,314.15925896334898,54.560943105783203,28391.478210298999,2389.7113573698998,1372.9026812515101,0,448.61114350015498,12340.766366870501,10201.6842160947,1647.8521425594299,24639.748311170999,24717.338614638698,77.590303467608607,1920.9018590757,547.99917782484101,765.64077338599895,340.60825145208003,64.698614518306002,41.432515463211701,1.02002186656448,0.85174020001563799,24191.1371676708,11849.535044939499,0,10.924827254138799,269.47529916001599,269.47529916001599,0,0,0,0.53506878131421398,3.41269258494596,10.924827472536,2999.9999389262298,32076.2129975301,0.83575585981159295,119.07586050370099,7.7003860496915894e-06,1,1,3.64157713043936,104.839935807651,219.10252376265399,105.144860554736,9.1177274002547097,57
71.099999999999994,10.926739951925301,314.15925933637698,54.560943842423796,28422.372926209198,2391.0333566374102,1372.9026812515101,0,449.087977975934,12352.7015695393,10216.488622111699,1650.2083370031401,24669.321024598201,24746.911328065999,77.590303467608607,1920.9018590757,547.99917782484101,766.73325601198599,340.93766298044,64.782855672064798,41.492647478160997,1.0218716452847501,0.85294020001567294,24220.233046622401,11866.6957215604,0,10.9248250518954,269.47522531405502,269.47522531405502,0,0,0,0.53506873712271796,3.4126921431862902,10.9248252624639,2999.9999424883799,32076.213073703701,0.83575552183900303,119.075863719045,7.7140066423453408e-06,1,1,3.6415787086488498,104.839935807651,219.10252376265399,105.144860554736,9.1177274002547097,57
71.200000000000003,10.9267378194473,314.15925969263498,54.560944553507603,28453.267632952899,2392.35535512045,1372.9026812515101,0,449.56481229033699,12364.636767472,10231.2930281631,1652.56453144959,24698.893729755298,24776.484033223001,77.590303467608607,1920.9018590757,547.99917782484101,767.82573842122599,341.26707437807897,64.867096806268407,41.5527794819522,1.0237214240510699,0.85414020001570701,24249.3289174649,11883.856394796399,0,10.924822926851,269.47515405473303,269.47515405473303,0,0,0,0.53506869457913897,3.4126917184513901,10.924823129698799,2999.9999458903899,32076.213146452901,0.835755195624583,119.075866822837,7.7250369940884394e-06,1,1,3.6415801941011599,104.839935807651,219.10252376265399,105.144860554736,9.1177274002547097,57
71.299999999999997,10.9267357620214,314.159260032698,54.560945239383599,28484.162330851901,2393.6773528465301,1372.9026812515101,0,450.041646449072,12376.5719608363,10246.0974342474,1654.9207258986501,24728.466426934399,24806.056730402201,77.590303467608607,1920.9018590757,547.99917782484101,768.91822062137805,341.596485649633,64.951337921610701,41.612911474980898,1.02557120286183,0.85534020001574196,24278.4247804853,11901.0170647672,0,10.9248208773726,269.47508532745098,269.47508532745098,0,0,0,0.53506865493300904,3.4126913073079201,10.9248210696933,2999.9999491377598,32076.213215895001,0.83575488089126004,119.075869816601,7.7296317613217997e-06,1,1,3.6415815909937499,104.839935807651,219.10252376265399,105.144860554736,9.1177274002547097,57
71.400000000000006,10.9267337785687,314.15926035721299,54.560945901007301,28515.057020219501,2394.9993498425001,1372.9026812515101,0,450.51848045764598,12388.507149794101,10260.9018403629,1657.2769203502,24758.039116418098,24835.629419885801,77.590303467608607,1920.9018590757,547.99917782484101,770.01070261985205,341.92589679956001,65.035579018755897,41.673043457627898,1.02742098171545,0.85654020001577602,24307.520635960402,11918.177731588001,0,10.924818900934399,269.47501904763698,269.47501904763698,0,0,0,0.53506861388567195,3.4126909121828701,10.924819089268601,2999.9999522366502,32076.2132821622,0.83575457747399995,119.075872704506,7.7430886449292302e-06,1,1,3.64158290335785,104.839935807651,219.10252376265399,105.144860554736,9.1177274002547097,57
71.5,10.9267318670395,314.15926066668698,54.560946538669,28545.951701360798,2396.3213461344499,1372.9026812515101,0,450.99531432148399,12400.4423345041,10275.7062465084,1659.6331148041199,24787.611798484199,24865.202101951902,77.590303467608607,1920.9018590757,547.99917782484101,771.10318442392804,342.25530783225997,65.119820098360606,41.733175430268403,1.0292707606103999,0.85774020001581097,24336.6164841627,11935.338395372801,0,10.9248169963092,269.47495517430099,269.47495517430099,0,0,0,0.53506857498309901,3.4126905303427102,10.9248171793297,2999.99995519191,32076.213345357799,0.83575428505923,119.07587548782,7.7534932643175108e-06,1,1,3.64158413509392,104.839935807651,219.10252376265399,105.144860554736,9.1177274002547097,57
71.599999999999994,10.9267300252212,314.15926096166299,54.560947152998096,28576.846374575201,2397.6433417479998,1372.9026812515101,0,451.47214804587202,12412.3775151219,10290.5106526822,1661.9893092603199,24817.184473403398,24894.774776871101,77.590303467608607,1920.9018590757,547.99917782484101,772.19566604070496,342.584718752009,65.204061161068694,41.793307393267398,1.0311205395451799,0.85894020001584503,24365.712325357599,11952.4990562316,0,10.924815161739501,269.47489364864498,269.47489364864498,0,0,0,0.53506853843851698,3.41269016221018,10.924815337602899,2999.9999580087201,32076.213405593,0.83575400330849503,119.07587816928999,7.7598670031875406e-06,1,1,3.6415852899604402,104.839935807651,219.10252376265399,105.144860554736,9.1177274002547097,57
71.700000000000003,10.926728251681199,314.15926124275398,54.560947744791598,28607.741040153302,2398.96533670805,1372.9026812515101,0,451.94898163593399,12424.312691797601,10305.3150588833,1664.34550371867,24846.757141438498,24924.347444906201,77.590303467608607,1920.9018590757,547.99917782484101,773.28814747705997,342.91412956295397,65.288302207497694,41.853439346979599,1.0329703185183201,0.86014020001587999,24394.808159802498,11969.6597142722,0,10.9248133946352,269.474834383911,269.474834383911,0,0,0,0.53506850303151099,3.4126898086655202,10.9248135640883,2999.99996069294,32076.2134629926,0.83575373200262004,119.07588075239499,7.7783006418030692e-06,1,1,3.6415863715653298,104.839935807651,219.10252376265399,105.144860554736,9.1177274002547097,57
71.799999999999997,10.9267265442063,314.15926151038099,54.560948314523202,28638.6356983775,2400.2873310387399,1372.9026812515101,0,452.42581509666701,12436.2478646776,10320.1194651102,1666.70169817908,24876.329802845099,24953.920106312798,77.590303467608607,1920.9018590757,547.99917782484101,774.38062873971501,343.24354026913602,65.3725432382561,41.9135712917505,1.0348200975284001,0.86134020001591405,24423.903987748399,11986.8203695992,0,10.9248116941917,269.47477735327101,269.47477735327101,0,0,0,0.53506847147216696,3.41268946755185,10.924811851964501,2999.9999632485901,32076.2135176431,0.83575347080303797,119.07588323920299,7.7889453677926196e-06,1,1,3.6415873833922299,104.839935807651,219.10252376265399,105.144860554736,9.1177274002547097,57
71.900000000000006,10.926724902033,314.15926176508498,54.560948862651202,28669.530349524401,2401.60932476374,1372.9026812515101,0,452.90264843295898,12448.1830339058,10334.9238713617,1669.05789264144,24905.902457874501,24983.492761342201,77.590303467608607,1920.9018590757,547.99917782484101,775.47310983522402,343.57295087453201,65.456784253936604,41.973703227918598,1.0366698765740401,0.862540200015949,24452.9998094414,12003.981022315,0,10.9248100582977,269.47472248603202,269.47472248603202,0,0,0,0.53506843651110203,3.4126891404005799,10.924810214874,2999.99996568084,32076.213569654501,0.835753219592962,119.075885631714,7.7981712820474092e-06,1,1,3.64158832879468,104.839935807651,219.10252376265399,105.144860554736,9.1177274002547097,57
72,10.9267233239392,314.15926200737101,54.560949389844502,28700.424993862998,2402.93131790609,1372.9026812515101,0,453.37948164955202,12460.1181996213,10349.728277636599,1671.41408710567,24935.475106769602,25013.065410237301,77.590303467608607,1920.9018590757,547.99917782484101,776.56559076997803,343.902361382979,65.541025255113098,42.033835155811801,1.03851965565389,0.86374020001598295,24482.095625119899,12021.141672519399,0,10.9248084850553,269.47466971865498,269.47466971865498,0,0,0,0.53506840454461502,3.4126888264746702,10.9248086369007,2999.9999679944999,32076.213619130202,0.83575297818541106,119.075887932847,7.8085577115416493e-06,1,1,3.6415892110018699,104.839935807651,219.10252376265399,105.144860554736,9.1177274002547097,57
72.099999999999994,10.9267218049122,314.15926223774397,54.560949896859299,28731.319631653601,2404.2533104880599,1372.9026812515101,0,453.85631475105401,12472.053361959001,10364.532683933799,1673.77028157169,24965.047749765199,25042.638053232899,77.590303467608607,1920.9018590757,547.99917782484101,777.65807155013601,344.23177179819402,65.625266242341496,42.093967075747699,1.0403694347666399,0.86494020001601801,24511.191435014101,12038.302320307999,0,10.924806972448399,269.474618983619,269.474618983619,0,0,0,0.53506837456401202,3.4126885233242801,10.924807118044599,2999.9999701943898,32076.213666173098,0.83575274581360304,119.075890145904,7.8258599387481792e-06,1,1,3.6415900331051398,104.839935807651,219.10252376265399,105.144860554736,9.1177274002547097,57
72.200000000000003,10.9267203458152,314.159262456585,54.560950384004002,28762.214263150199,2405.5753025313802,1372.9026812515101,0,454.33314774193798,12483.9885210508,10379.3370902522,1676.1264760393799,24994.6203870922,25072.210690559899,77.590303467608607,1920.9018590757,547.99917782484101,778.75055218173497,344.56118212382398,65.709507216166202,42.154098988037298,1.04221921391101,0.86614020001605196,24540.2872393502,12055.462965775499,0,10.924805519585901,269.474570251172,269.474570251172,0,0,0,0.53506834616352095,3.4126882320307299,10.924805658305599,2999.9999722841799,32076.213710861299,0.83575252260955801,119.07589227223001,7.8326520451810194e-06,1,1,3.6415907980921398,104.839935807651,219.10252376265399,105.144860554736,9.1177274002547097,57
72.299999999999997,10.9267189443402,314.15926266442,54.5609508519792,28793.1088886002,2406.8972940572398,1372.9026812515101,0,454.80998062657397,12495.923677024501,10394.141496590601,1678.48267050866,25024.193018973801,25101.783322441501,77.590303467608607,1920.9018590757,547.99917782484101,779.84303267061796,344.89059236339199,65.793748177117095,42.214230892981497,1.0440689930857601,0.86734020001608703,24569.383038347001,12072.623609013001,0,10.924804124012899,269.47452343905599,269.47452343905599,0,0,0,0.53506832025791395,3.4126879523636702,10.9248042531362,2999.9999742688601,32076.213753302,0.83575230822021895,119.075894314883,7.8435041359625808e-06,1,1,3.64159150882413,104.839935807651,219.10252376265399,105.144860554736,9.1177274002547097,57
72.400000000000006,10.926717600525199,314.15926286164898,54.560951301184403,28824.003508243499,2408.2192850861302,1372.9026812515101,0,455.28681340920701,12507.858830004499,10408.9459029482,1680.8388649794599,25053.7656456273,25131.355949094999,77.590303467608607,1920.9018590757,547.99917782484101,780.93551302248397,345.22000252034201,65.877989125708098,42.274362790873901,1.0459187722896901,0.86854020001612098,24598.478832217799,12089.7842501093,0,10.924802784428101,269.47447850373197,269.47447850373197,0,0,0,0.53506829103496301,3.4126876862417501,10.9248029139053,2999.9999761522599,32076.213793576899,0.835752102651387,119.075896275609,7.8502416727133095e-06,1,1,3.6415921680593102,104.839935807651,219.10252376265399,105.144860554736,9.1177274002547097,57
72.5,10.926716309091301,314.15926304874898,54.560951732467402,28854.898122311599,2409.5412756379201,1372.9026812515101,0,455.76364609391402,12519.7939801105,10423.750309323799,1683.19505945171,25083.338267261101,25160.9285707288,77.590303467608607,1920.9018590757,547.99917782484101,782.027993242815,345.54941259796499,65.962230062432198,42.334494681996702,1.04776855152163,0.86974020001615604,24627.574621167099,12106.94488915,0,10.9248014986377,269.47443537169602,269.47443537169602,0,0,0,0.53506826570620902,3.4126874281330499,10.9248016224228,2999.99997793892,32076.2138317832,0.83575190509553898,119.075898158106,7.8637312981300107e-06,1,1,3.6415927784286799,104.839935807651,219.10252376265399,105.144860554736,9.1177274002547097,57
72.599999999999994,10.9267150696539,314.15926322612199,54.560952146423901,28885.792731029,2410.8632657317798,1372.9026812515101,0,456.24047868462299,12531.7291274582,10438.5547157167,1685.55125392532,25112.910884077599,25190.501187545298,77.590303467608607,1920.9018590757,547.99917782484101,783.12047333691805,345.87882259946099,66.046470987766099,42.394626566621596,1.0496183307804501,0.87094020001618999,24656.670405393001,12124.1055262176,0,10.9248002650821,269.47439399072402,269.47439399072402,0,0,0,0.53506824148537802,3.4126871807585299,10.924800383236301,2999.9999796327102,32076.2138680034,0.83575171549381899,119.075899964974,7.8825833043083498e-06,1,1,3.6415933424592599,104.839935807651,219.10252376265399,105.144860554736,9.1177274002547097,57
72.700000000000003,10.9267138827712,314.15926339408202,54.560952543176398,28916.687334613802,2412.1852553864001,1372.9026812515101,0,456.71731118523098,12543.664272161601,10453.359122125699,1687.9074484002399,25142.483496275901,25220.073799743699,77.590303467608607,1920.9018590757,547.99917782484101,784.21295330999396,346.20823252796703,66.130711902180593,42.454758445017902,1.05146811006506,0.87214020001622505,24685.766185090801,12141.2661613936,0,10.9247990830255,269.47435433624997,269.47435433624997,0,0,0,0.53506821805238702,3.4126869457574802,10.924799196345701,2999.99998123661,32076.213902301399,0.83575153393160895,119.07590169674999,7.8885059338063002e-06,1,1,3.6415938625901001,104.839935807651,219.10252376265399,105.144860554736,9.1177274002547097,57
72.799999999999997,10.9267127455691,314.15926355312303,54.560952923438997,28947.5819332791,2413.5072446199902,1372.9026812515101,0,457.19414359947302,12555.5994143306,10468.1635285502,1690.2636428763899,25172.056104047701,25249.646407515502,77.590303467608607,1920.9018590757,547.99917782484101,785.30543316706598,346.53764238652298,66.214952806127499,42.5148903174439,1.05331788937439,0.87334020001625901,24714.861960448499,12158.4267947561,0,10.924797949776799,269.474316318055,269.474316318055,0,0,0,0.53506819719099596,3.4126867194138399,10.9247980549299,2999.9999827553502,32076.213934778301,0.83575135996927896,119.07590335654901,7.9034070950001495e-06,1,1,3.64159434114943,104.839935807651,219.10252376265399,105.144860554736,9.1177274002547097,57
72.900000000000006,10.926711656237501,314.15926370352099,54.560953287758501,28978.476527229901,2414.8292334501198,1372.9026812515101,0,457.67097593096099,12567.5345540709,10482.967934989299,1692.6198373536699,25201.628707578198,25279.219011045901,77.590303467608607,1920.9018590757,547.99917782484101,786.397912912984,346.867052178047,66.299193700047496,42.575022184149503,1.0551676687074101,0.87454020001629396,24743.957731647501,12175.5874263815,0,10.924796864793599,269.47427991804898,269.47427991804898,0,0,0,0.53506817446648902,3.41268650219823,10.924796968083699,2999.9999841915401,32076.213965489998,0.83575119332989301,119.075904946759,7.9061683209147304e-06,1,1,3.64159478037155,104.839935807651,219.10252376265399,105.144860554736,9.1177274002547097,57
73,10.926710612826801,314.15926384572202,54.5609536366076,29009.371116666302,2416.1512218939101,1372.9026812515101,0,458.14780818322703,12579.4696914861,10497.7723414422,1694.97603183207,25231.201307048101,25308.7916105158,77.590303467608607,1920.9018590757,547.99917782484101,787.49039255248704,347.19646190540402,66.383434584366597,42.635154045378798,1.05701744806311,0.87574020001632802,24773.053498865102,12192.7480563437,0,10.9247958256872,269.47424505615601,269.47424505615601,0,0,0,0.53506815289921505,3.4126862928797701,10.9247959267122,2999.9999855494598,32076.213994528,0.83575103371522996,119.075906469442,7.9134624684229493e-06,1,1,3.64159518240205,104.839935807651,219.10252376265399,105.144860554736,9.1177274002547097,57
73.099999999999994,10.9267096123209,314.15926398007002,54.560953970764402,29040.265701779001,2417.4732099676698,1372.9026812515101,0,458.62464035960301,12591.404826674499,10512.576747908,1697.3322263115101,25260.7739026284,25338.364206096099,77.590303467608607,1920.9018590757,547.99917782484101,788.58287209008097,347.52587157130199,66.467675459490593,42.695285901362801,1.05886722744053,0.87694020001636297,24802.149262269199,12209.9086847122,0,10.9247948310104,269.47421168390701,269.47421168390701,0,0,0,0.53506813391406605,3.4126860930089702,10.924794926268101,2999.9999868323898,32076.214021962402,0.83575088066390302,119.075907927995,7.9244855442084406e-06,1,1,3.6415955492791299,104.839935807651,219.10252376265399,105.144860554736,9.1177274002547097,57
73.200000000000003,10.9267086572683,314.15926410692799,54.560954290411097,29071.1602827524,2418.79519768719,1372.9026812515101,0,459.101472463378,12603.3399597318,10527.381154386299,1699.68842079192,25290.346494486999,25367.936797954699,77.590303467608607,1920.9018590757,547.99917782484101,789.67535153012898,347.85528117837799,66.551916325819107,42.755417752327503,1.0607170068387599,0.87814020001639703,24831.245022024199,12227.069311556201,0,10.924793879052601,269.474179743977,269.474179743977,0,0,0,0.53506811467846804,3.4126859064814599,10.9247939712986,2999.9999880437899,32076.214047867001,0.835750734565751,119.075909323213,7.9440978879574703e-06,1,1,3.6415958829547699,104.839935807651,219.10252376265399,105.144860554736,9.1177274002547097,57
73.299999999999997,10.926707743120399,314.15926422655798,54.560954596264999,29102.0548597655,2420.1171850677802,1372.9026812515101,0,459.57830449767403,12615.2750907502,10542.1855608761,1702.04461527325,25319.9190827844,25397.509386252099,77.590303467608607,1920.9018590757,547.99917782484101,790.76783087686704,348.18469072918299,66.636157183725004,42.815549598489703,1.0625667862568799,0.87934020001643198,24860.340778287398,12244.229936940699,0,10.9247929690001,269.47414920914798,269.47414920914798,0,0,0,0.53506809880745398,3.41268572385321,10.924793052708999,2999.9999891861798,32076.214072296101,0.83575059472496405,119.075910658228,7.9596647992730107e-06,1,1,3.6415961852992198,104.839935807651,219.10252376265399,105.144860554736,9.1177274002547097,57
73.400000000000006,10.926706869955,314.15926433926302,54.560954888493697,29132.949432992598,2421.4391721243601,1372.9026812515101,0,460.05513646558597,12627.210219820199,10556.9899673769,1704.4008097554499,25349.4916676793,25427.081971146999,77.590303467608607,1920.9018590757,547.99917782484101,791.86031013444199,348.51410022622099,66.720398033588197,42.875681440063403,1.0644165656940301,0.88054020001646605,24889.436531214498,12261.3905609309,0,10.924792099610601,269.47412003781801,269.47412003781801,0,0,0,0.53506808056187105,3.4126855493799901,10.924792181867801,2999.9999902624299,32076.214095310799,0.83575046115345497,119.07591193377,7.9666860983706994e-06,1,1,3.6415964581178,104.839935807651,219.10252376265399,105.144860554736,9.1177274002547097,57
73.5,10.926706035453799,314.15926444541299,54.560955167674898,29163.844002602302,2422.7611588713598,1372.9026812515101,0,460.531968370078,12639.1453470291,10571.7943738879,1706.75700423846,25379.064249323401,25456.6545527911,77.590303467608607,1920.9018590757,547.99917782484101,792.95278930682605,348.84350967189101,66.804638875766798,42.935813277253501,1.0662663451493499,0.881740200016501,24918.532280954201,12278.551183589099,0,10.92479126884,269.47409216145599,269.47409216145599,0,0,0,0.53506806312882704,3.41268538206223,10.9247913496802,2999.99999127608,32076.214116987001,0.83575033349656302,119.075913152361,7.9785386333242093e-06,1,1,3.6415967031229699,104.839935807651,219.10252376265399,105.144860554736,9.1177274002547097,57
73.599999999999994,10.926705237312801,314.15926454530103,54.5609554345017,29194.7385687555,2424.0831453225601,1372.9026812515101,0,461.00880021396102,12651.0804724595,10586.5987804087,1709.11319872227,25408.636827860701,25486.2271313284,77.590303467608607,1920.9018590757,547.99917782484101,794.04526839781499,349.17291906846498,66.888879710601898,42.995945110254198,1.0681161246220401,0.88294020001653595,24947.628027647799,12295.7118049743,0,10.9247904753454,269.47406553506198,269.47406553506198,0,0,0,0.53506804900705396,3.41268522227635,10.924790549324801,2999.9999922299498,32076.214137384501,0.83575021140183803,119.075914317027,7.9954807006288303e-06,1,1,3.6415969219442101,104.839935807651,219.10252376265399,105.144860554736,9.1177274002547097,57
73.700000000000003,10.926704477930899,314.15926463911597,54.5609556890142,29225.633131607799,2425.4051314912599,1372.9026812515101,0,461.48563200000098,12663.015596192099,10601.4031869386,1711.4693932068001,25438.2094034332,25515.799706901002,77.590303467608607,1920.9018590757,547.99917782484101,795.13774741111104,349.50232841819002,66.973120538427594,43.056076939257103,1.0699659041113201,0.88414020001657001,24976.723771434299,12312.8724251441,0,10.9247897187888,269.474040147381,269.474040147381,0,0,0,0.53506803290446903,3.4126850751848301,10.9247897921705,2999.9999931258099,32076.214156541701,0.83575009523624899,119.075915427943,7.9970159276854196e-06,1,1,3.64159711615005,104.839935807651,219.10252376265399,105.144860554736,9.1177274002547097,57
73.799999999999997,10.9267037523682,314.159264727216,54.560955931787603,29256.527691312502,2426.7271173905901,1372.9026812515101,0,461.96246373089298,12674.9507183066,10616.2075934772,1713.82558769199,25467.781976179002,25545.372279646799,77.590303467608607,1920.9018590757,547.99917782484101,796.23022635033499,349.83173772324,67.057361359567906,43.116208764448103,1.0718156836164201,0.88534020001660496,25005.819512449201,12330.0330441555,0,10.924788997029999,269.47401592664102,269.47401592664102,0,0,0,0.53506802090942696,3.41268492948788,10.924789062301,2999.9999939671002,32076.214174532099,0.83574998424411595,119.075916487619,7.9998353612609208e-06,1,1,3.6415972872420799,104.839935807651,219.10252376265399,105.144860554736,9.1177274002547097,57
73.900000000000006,10.926703061148199,314.15926480988202,54.5609561633268,29287.422248014402,2428.0491030329499,1372.9026812515101,0,462.43929540917298,12686.8858388769,10631.0120000237,1716.18178217783,25497.354546228002,25574.944849695701,77.590303467608607,1920.9018590757,547.99917782484101,797.32270521888802,350.16114698567799,67.141602174332405,43.176340586002198,1.0736654631366001,0.88654020001663902,25034.9152508199,12347.1936620616,0,10.9247883086444,269.47399282509298,269.47399282509298,0,0,0,0.535068006239933,3.4126847944718102,10.924788373358799,2999.9999947565102,32076.214191412801,0.83574987850554106,119.075917498259,8.0067293311003596e-06,1,1,3.6415974366363799,104.839935807651,219.10252376265399,105.144860554736,9.1177274002547097,57
74,10.926702401803,314.15926488735101,54.560956384159297,29318.316801852499,2429.37108843021,1372.9026812515101,0,462.916127037271,12698.8209579749,10645.8164065777,1718.5379766643,25526.927113704998,25604.517417172701,77.590303467608607,1920.9018590757,547.99917782484101,798.41518402006704,350.49055620747703,67.225842983019405,43.236472404088801,1.07551524267117,0.88774020001667397,25064.0109866688,12364.354278913401,0,10.9247876525778,269.47397080742297,269.47397080742297,0,0,0,0.53506799240497305,3.4126846610372499,10.924787716248799,2999.99999549629,32076.2142072323,0.83574977764297698,119.07591846216501,8.0151548900175806e-06,1,1,3.6415975656850899,104.839935807651,219.10252376265399,105.144860554736,9.1177274002547097,57
74.099999999999994,10.9267017740782,314.15926495988998,54.5609565944713,29349.211352961702,2430.69307359394,1372.9026812515101,0,463.392958617597,12710.75607567,10660.620813138899,1720.89417115131,25556.4996787325,25634.089982200199,77.590303467608607,1920.9018590757,547.99917782484101,799.50766275702802,350.81996539057798,67.310083785914898,43.296604218872801,1.07736502221946,0.88894020001670804,25093.106720116099,12381.5148947609,0,10.924787027429501,269.47394982667703,269.47394982667703,0,0,0,0.53506797995137401,3.41268453835304,10.924787088697499,2999.9999961889698,32076.214222044899,0.83574968161750296,119.07591938015101,8.0277313827537e-06,1,1,3.6415976756749302,104.839935807651,219.10252376265399,105.144860554736,9.1177274002547097,57
74.200000000000003,10.926701176012701,314.15926502771299,54.560956794976903,29380.105901469899,2432.0150585350698,1372.9026812515101,0,463.86979015234601,12722.6911920286,10675.4252197066,1723.2503656388301,25586.072241424499,25663.662544892199,77.590303467608607,1920.9018590757,547.99917782484101,800.60014143282399,351.14937453675998,67.394324583286902,43.356736030507498,1.0792148017808201,0.89014020001674299,25122.2024512731,12398.675509651101,0,10.9247864322287,269.47392985033002,269.47392985033002,0,0,0,0.53506796829705605,3.4126844201638602,10.924786490704699,2999.9999968366401,32076.214235894699,0.83574959012914796,119.075920255333,8.0427671491634101e-06,1,1,3.64159776783222,104.839935807651,219.10252376265399,105.144860554736,9.1177274002547097,57
74.299999999999997,10.9267006054422,314.15926509107601,54.560956985751801,29411.000447501799,2433.3370432642701,1372.9026812515101,0,464.34662164375402,12734.626307115201,10690.229626280399,1725.6065601268599,25615.644801894599,25693.235105362299,77.590303467608607,1920.9018590757,547.99917782484101,801.69262005039798,351.47878364783298,67.478565375409502,43.416867839146498,1.08106458135462,0.89134020001677705,25151.298180251801,12415.836123630501,0,10.924785865574901,269.47391083142497,269.47391083142497,0,0,0,0.53506795982633504,3.4126843017756898,10.9247859154493,2999.9999974417101,32076.214248833501,0.83574950284678995,119.07592108804199,8.0641912063583698e-06,1,1,3.6415978433256901,104.839935807651,219.10252376265399,105.144860554736,9.1177274002547097,57
74.400000000000006,10.9267000641421,314.15926515016298,54.560957167239202,29441.894991177502,2434.6590277918299,1372.9026812515101,0,464.82345309392798,12746.5614209912,10705.0340328603,1727.9627546153399,25645.217360250401,25722.807663718198,77.590303467608607,1920.9018590757,547.99917782484101,802.78509861255702,351.80819272550298,67.562806162532695,43.476999644934899,1.08291436094027,0.892540200016812,25180.393907157501,12432.9967367432,0,10.9247853266976,269.47389274416003,269.47389274416003,0,0,0,0.53506794713068395,3.4126841983482898,10.9247853788474,2999.9999980059501,32076.214260899302,0.83574942004206698,119.07592188021199,8.0857680586632307e-06,1,1,3.64159790326703,104.839935807651,219.10252376265399,105.144860554736,9.1177274002547097,57
74.5,10.9266995503808,314.15926520512897,54.560957339684897,29472.789532611601,2435.98101212755,1372.9026812515101,0,465.30028450488498,12758.496533716099,10719.8384394452,1730.3189491042699,25674.789916596299,25752.380220063998,77.590303467608607,1920.9018590757,547.99917782484101,803.87757712205405,352.13760177141103,67.647046944903494,43.537131448012701,1.08476414053717,0.89374020001684595,25209.4896320923,12450.1573490312,0,10.9247848150917,269.47387557163501,269.47387557163501,0,0,0,0.53506793699004795,3.4126840938013401,10.9247848649829,2999.99999853084,32076.2142721237,0.83574934145004598,119.075922632917,8.0955251178238507e-06,1,1,3.6415979487203201,104.839935807651,219.10252376265399,105.144860554736,9.1177274002547097,57
74.599999999999994,10.9266990621238,314.15926525621097,54.560957503462298,29503.6840719176,2437.3029962811502,1372.9026812515101,0,465.77711587862001,12770.431645348701,10734.6428460353,1732.6751435935901,25704.362471033801,25781.9527745015,77.590303467608607,1920.9018590757,547.99917782484101,804.97005558156798,352.46701078716501,67.731287722767206,43.597263248518701,1.08661392014478,0.89494020001688102,25238.585355155999,12467.317960537201,0,10.9247843293921,269.473859268078,269.473859268078,0,0,0,0.535067927902662,3.4126839987645501,10.9247843761295,2999.9999990186402,32076.2142825548,0.83574926675952299,119.07592334778499,8.1002181104850007e-06,1,1,3.6415979807089101,104.839935807651,219.10252376265399,105.144860554736,9.1177274002547097,57
74.700000000000003,10.9266985980104,314.15926530363703,54.560957658927698,29534.578609203101,2438.6249802618299,1372.9026812515101,0,466.253947217031,12782.3667559446,10749.4472526301,1735.0313380832599,25733.93502366,25811.5253271277,77.590303467608607,1920.9018590757,547.99917782484101,806.06253399362197,352.79641977430401,67.815528496347198,43.657395046582501,1.0884636997625301,0.89614020001691497,25267.6810764439,12484.4785713002,0,10.9247838682394,269.47384378790503,269.47384378790503,0,0,0,0.53506791909100904,3.4126839061970502,10.9247839122872,2999.9999994715099,32076.214292239201,0.83574919576234097,119.07592402637199,8.1061953096650507e-06,1,1,3.6415980001880999,104.839935807651,219.10252376265399,105.144860554736,9.1177274002547097,57
74.799999999999997,10.9266981586387,314.15926534759302,54.560957806395102,29565.473144570999,2439.94696407841,1372.9026812515101,0,466.73077852190102,12794.301865556101,10764.251659229099,1737.3875325732199,25763.5075745676,25841.0978780353,77.590303467608607,1920.9018590757,547.99917782484101,807.15501236062198,353.125828734273,67.899769265865501,43.717526842329498,1.0903134793899201,0.89734020001695003,25296.776796046699,12501.6391813585,0,10.9247834306375,269.47382909772398,269.47382909772398,0,0,0,0.53506791227555595,3.4126838218642699,10.924783468908601,2999.9999998912699,32076.214301215299,0.83574912854998795,119.07592467004901,8.1128091551363502e-06,1,1,3.6415980080639998,104.839935807651,219.10252376265399,105.144860554736,9.1177274002547097,57
74.900000000000006,10.9266977405658,314.15926538827199,54.560957946446102,29596.367678119001,2441.26894773923,1372.9026812515101,0,467.207609794951,12806.2369742337,10779.056065832099,1739.7437270636201,25793.080123843301,25870.670427311099,77.590303467608607,1920.9018590757,547.99917782484101,808.247490684882,353.45523766847401,67.984010031524704,43.777658635876797,1.0921632590264601,0.89854020001698398,25325.872514049501,12518.7997907479,0,10.924783015509099,269.473815161414,269.473815161414,0,0,0,0.53506790262451998,3.4126837384512001,10.924783055088501,3000.0000002797201,32076.2143095221,0.835749064595804,119.075925281354,8.1237631093245e-06,1,1,3.64159800519485,104.839935807651,219.10252376265399,105.144860554736,9.1177274002547097,57
75,10.926697345756899,314.15926542583298,54.560958079105198,29627.2622099406,2442.5909312523099,1372.9026812515101,0,467.68444103783298,12818.172082026,10793.860472438801,1742.0999215542599,25822.6526715728,25900.242975040499,77.590303467608607,1920.9018590757,547.99917782484101,809.33996896860799,353.78464657823298,68.068250793529302,43.837790427339201,1.09401303867167,0.89974020001701904,25354.9682305362,12535.960399502599,0,10.9247826220469,269.47380195192102,269.47380195192102,0,0,0,0.53506789507045704,3.4126836608480899,10.9247826594583,3000.0000006383998,32076.214317192102,0.83574900420039,119.075925860395,8.1364851212128997e-06,1,1,3.6415979923934501,104.839935807651,219.10252376265399,105.144860554736,9.1177274002547097,57
75.099999999999994,10.9266969716174,314.15926546044602,54.5609582048654,29658.156740125702,2443.9129146253499,1372.9026812515101,0,468.16127225210198,12830.1071889784,10808.6648790489,1744.4561160451201,25852.225217835799,25929.815521303499,77.590303467608607,1920.9018590757,547.99917782484101,810.432447213925,354.11405546482899,68.152491552069094,43.897922216824597,1.09586281832511,0.90094020001705299,25384.0639455852,12553.1210076558,0,10.9247822492948,269.47378943718502,269.47378943718502,0,0,0,0.53506788803585503,3.41268358502745,10.9247822842917,3000.0000009689402,32076.214324260302,0.83574894696687796,119.075926409323,8.1518701335880905e-06,1,1,3.6415979704306101,104.839935807651,219.10252376265399,105.144860554736,9.1177274002547097,57
75.200000000000003,10.926696616772,314.15926549225401,54.5609583239861,29689.051268760901,2445.2348978657301,1372.9026812515101,0,468.63810343929498,12842.0422951368,10823.4692856621,1746.81231053633,25881.797762710601,25959.388066178399,77.590303467608607,1920.9018590757,547.99917782484101,811.52492542286905,354.44346432949197,68.236732307323194,43.958054004438999,1.09771259798634,0.90214020001708795,25413.159659272998,12570.281615239401,0,10.924781896544401,269.473777593465,269.473777593465,0,0,0,0.53506788122913196,3.4126835135531102,10.9247819295888,3000.00000127268,32076.2143307556,0.83574889268483499,119.07592692927,8.1679900176823105e-06,1,1,3.6415979400376401,104.839935807651,219.10252376265399,105.144860554736,9.1177274002547097,57
75.299999999999997,10.9266962804343,314.15926552142201,54.560958436705803,29719.945795929099,2446.55688098057,1372.9026812515101,0,469.11493460087598,12853.977400543199,10838.2736922778,1749.1685050276401,25911.3703062721,25988.960609739901,77.590303467608607,1920.9018590757,547.99917782484101,812.61740359739997,354.77287317339602,68.320973059478405,44.018185790283198,1.0995623776549399,0.90334020001712201,25442.255371672702,12587.4422222842,0,10.9247815628094,269.47376638768998,269.47376638768998,0,0,0,0.53506787624539098,3.4126834450581902,10.924781590802001,3000.0000015512201,32076.214336711801,0.83574884123399795,119.075927421277,8.1863290688488599e-06,1,1,3.6415979019075202,104.839935807651,219.10252376265399,105.144860554736,9.1177274002547097,57
75.400000000000006,10.926695964261,314.15926554807402,54.560958543212301,29750.840321709398,2447.8788639766299,1372.9026812515101,0,469.59176573821799,12865.912505238301,10853.0780988968,1751.5246995192999,25940.942848591501,26018.533152059201,77.590303467608607,1920.9018590757,547.99917782484101,813.70988173938395,355.10228199767499,68.405213808696701,44.078317574452797,1.10141215733051,0.90454020001715696,25471.351082854799,12604.602828819399,0,10.9247812474983,269.473755800037,269.473755800037,0,0,0,0.53506786873254297,3.4126833856151699,10.9247812770263,3000.0000018057199,32076.2143421541,0.83574879286778403,119.075927886165,8.2041478890460001e-06,1,1,3.6415978566948199,104.839935807651,219.10252376265399,105.144860554736,9.1177274002547097,57
75.5,10.926695664527699,314.15926557228602,54.560958643761097,29781.734846179101,2449.20084686053,1372.9026812515101,0,470.06859685269899,12877.847609262501,10867.882505518101,1753.88089401107,25970.515389738299,26048.105693205998,77.590303467608607,1920.9018590757,547.99917782484101,814.80235985066895,355.43169080344097,68.489454555139901,44.138449357042703,1.1032619370126799,0.90574020001719102,25500.446792887102,12621.763434873599,0,10.9247809504547,269.47374582529102,269.47374582529102,0,0,0,0.53506786262072203,3.4126833257185498,10.924780979166799,3000.0000020369298,32076.214347098401,0.83574874701645596,119.075928325048,8.2073893281631206e-06,1,1,3.6415978050318101,104.839935807651,219.10252376265399,105.144860554736,9.1177274002547097,57
75.599999999999994,10.9266953841698,314.15926559424997,54.560958738278401,29812.629369413498,2450.5228296387199,1372.9026812515101,0,470.54542794565498,12889.7827126551,10882.6869121408,1756.23708850295,26000.087929782101,26077.678233249801,77.590303467608607,1920.9018590757,547.99917782484101,815.89483793301497,355.76109959177597,68.573695298976901,44.198581138145997,1.10511171670105,0.90694020001722597,25529.542501837601,12638.9240404747,0,10.9247806703412,269.47373641858201,269.47373641858201,0,0,0,0.53506785731196205,3.41268326733839,10.9247806972235,3000.0000022466702,32076.214351583501,0.835748704129057,119.075928737605,8.2060214481316507e-06,1,1,3.6415977475119798,104.839935807651,219.10252376265399,105.144860554736,9.1177274002547097,57
75.700000000000003,10.926695118283,314.15926561410703,54.560958827662098,29843.523891483801,2451.8448123172798,1372.9026812515101,0,471.022259018299,12901.7178154512,10897.491318766701,1758.5932829951701,26029.660468783601,26107.2507722513,77.590303467608607,1920.9018590757,547.99917782484101,816.98731598807206,356.09050836364599,68.6579360403517,44.258712917844697,1.1069614963952701,0.90814020001726004,25558.638209766599,12656.0846456484,0,10.924780406275,269.47372755030801,269.47372755030801,0,0,0,0.53506785249383804,3.4126832167460202,10.9247804311963,3000.0000024362898,32076.214355638502,0.83574866345536303,119.07592912775399,8.2056540122721293e-06,1,1,3.64159768468999,104.839935807651,219.10252376265399,105.144860554736,9.1177274002547097,57
75.799999999999997,10.926694867345599,314.15926563198599,54.560958911876902,29874.418412455601,2453.1667949018301,1372.9026812515101,0,471.499090071784,12913.6529176852,10912.2957253931,1760.9494774873899,26059.233006803101,26136.8233102708,77.590303467608607,1920.9018590757,547.99917782484101,818.079794017415,356.41991711999998,68.742176779402897,44.318844696220097,1.1088112760950199,0.90934020001729499,25587.733916732501,12673.2452504189,0,10.924780157481701,269.47371919449898,269.47371919449898,0,0,0,0.53506784876625901,3.4126831696785001,10.924780178811501,3000.0000026070202,32076.214359289301,0.83574862506853398,119.075929495341,8.2044025475624898e-06,1,1,3.6415976170847002,104.839935807651,219.10252376265399,105.144860554736,9.1177274002547097,57
75.900000000000006,10.926694631741301,314.15926564799997,54.560958991175703,29905.312932392699,2454.4887773978298,1372.9026812515101,0,471.97592110722201,12925.588019389799,10927.1001320223,1763.30567197961,26088.805543898201,26166.3958473659,77.590303467608607,1920.9018590757,547.99917782484101,819.17227202254503,356.74932586174998,68.826417516270197,44.378976473348999,1.1106610557999601,0.91054020001732905,25616.8296227922,12690.4058548097,0,10.924779923282999,269.473711328408,269.473711328408,0,0,0,0.53506784358955695,3.4126831193213798,10.924779944616599,3000.0000027599499,32076.214362559502,0.83574858902726701,119.07592984147,8.2051847130060196e-06,1,1,3.6415975451843301,104.839935807651,219.10252376265399,105.144860554736,9.1177274002547097,57
76,10.9266944093239,314.15926566226801,54.560959065818103,29936.207451355702,2455.8107598104598,1372.9026812515101,0,472.45275212570499,12937.523120596499,10941.904538652299,1765.66186647225,26118.378080122598,26195.968383590302,77.590303467608607,1920.9018590757,547.99917782484101,820.26475000487198,357.07873458975598,68.910658251084499,44.439108249305903,1.1125108355097999,0.911740200017364,25645.9253279982,12707.566458843399,0,10.924779702945401,269.47370392743801,269.47370392743801,0,0,0,0.535067839002351,3.4126830819707399,10.9247797240641,3000.0000028961999,32076.214365473101,0.83574855500325795,119.075930167275,8.2079895946662907e-06,1,1,3.6415974694473401,104.839935807651,219.10252376265399,105.144860554736,9.1177274002547097,57
76.099999999999994,10.9266942020437,314.159265674881,54.560959135784302,29967.101969403499,2457.13274214478,1372.9026812515101,0,472.92958312825198,12949.458221335501,10956.7089452826,1768.0180609649201,26147.950615530699,26225.540918998398,77.590303467608607,1920.9018590757,547.99917782484101,821.35722796577897,357.40814330485898,68.994898983963296,44.499240024161097,1.11436061522425,0.91294020001739795,25675.0210324039,12724.7270625417,0,10.924779495976599,269.47369697508401,269.47369697508401,0,0,0,0.53506783442494399,3.4126830387354099,10.9247795171541,3000.0000030166402,32076.214368048699,0.83574852329482696,119.075930472669,8.2083206507377293e-06,1,1,3.6415973903065599,104.839935807651,219.10252376265399,105.144860554736,9.1177274002547097,57
76.200000000000003,10.926694006411299,314.15926568594699,54.560959201684,29997.996486590699,2458.4547244054402,1372.9026812515101,0,473.40641411579702,12961.393321634499,10971.513351916199,1770.3742554575999,26177.5231501694,26255.113453637099,77.590303467608607,1920.9018590757,547.99917782484101,822.44970590656203,357.73755200780801,69.079139715025903,44.559371797980702,1.11621039494302,0.91414020001743301,25704.116736055501,12741.8876659242,0,10.924779301698299,269.47369044859801,269.47369044859801,0,0,0,0.53506783071577502,3.4126829972997199,10.9247793216127,3000.0000031223099,32076.214370308298,0.835748493368213,119.075930760313,8.2118567661382292e-06,1,1,3.6415973081679298,104.839935807651,219.10252376265399,105.144860554736,9.1177274002547097,57
76.299999999999997,10.9266938224107,314.159265695557,54.560959263531501,30028.891002969602,2459.7767065969301,1372.9026812515101,0,473.883245089269,12973.3284215208,10986.3177585498,1772.73044995028,26207.095684086798,26284.685987554501,77.590303467608607,1920.9018590757,547.99917782484101,823.54218382845897,358.06696069936203,69.163380444384799,44.619503570827703,1.1180601746658501,0.91534020001746697,25733.212438999599,12759.0482690105,0,10.9247791195455,269.47368432903198,269.47368432903198,0,0,0,0.53506782980535705,3.41268296357421,10.924779132892599,3000.0000032140802,32076.214372270799,0.83574846522095403,119.07593103027,8.2148435467388498e-06,1,1,3.6415972234134899,104.839935807651,219.10252376265399,105.144860554736,9.1177274002547097,57
76.400000000000006,10.9266936515572,314.15926570381299,54.560959321314897,30059.7855185917,2461.09868872365,1372.9026812515101,0,474.36007604959099,12985.263521020801,11001.1221651835,1775.08664444295,26236.668217329701,26314.258520797499,77.590303467608607,1920.9018590757,547.99917782484101,824.63466173266704,358.39636938025001,69.247621172147404,44.679635342765302,1.11990995439249,0.91654020001750203,25762.308141283,12776.208871819499,0,10.924778948859901,269.47367859430699,269.47367859430699,0,0,0,0.53506782493271199,3.4126829278867898,10.924778964636101,3000.0000032929202,32076.2143739567,0.83574843908486596,119.07593128248701,8.2181431935168803e-06,1,1,3.6415971364005699,104.839935807651,219.10252376265399,105.144860554736,9.1177274002547097,57
76.5,10.9266934904458,314.15926571080399,54.560959375518301,30090.680033504599,2462.4206707896801,1372.9026812515101,0,474.83690699757602,12997.1986201585,11015.926571817099,1777.4428389356799,26266.240749940302,26343.831053408001,77.590303467608607,1920.9018590757,547.99917782484101,825.72713962030105,358.72577805114298,69.331861898412399,44.739767113851101,1.1217597341226799,0.91774020001753598,25791.403842945099,12793.369474368699,0,10.924778789072001,269.47367322532,269.47367322532,0,0,0,0.53506782117867702,3.4126828973042,10.924778805474499,3000.0000033596798,32076.214375384301,0.835748414439061,119.075931519078,8.2228689279872907e-06,1,1,3.64159704746295,104.839935807651,219.10252376265399,105.144860554736,9.1177274002547097,57
76.599999999999994,10.9266933401614,314.15926571655899,54.560959426141203,30121.5745477542,2463.7426527989401,1372.9026812515101,0,475.31373793403498,13009.133718957901,11030.730978453301,1779.7990334288099,26295.813281959199,26373.403585427001,77.590303467608607,1920.9018590757,547.99917782484101,826.81961749244704,359.05518671270801,69.416102623284203,44.799898884141903,1.1236095138562201,0.91894020001757104,25820.499544027902,12810.530076675501,0,10.924778640207601,269.47366822295902,269.47366822295902,0,0,0,0.53506781847124196,3.4126828672244902,10.9247786554079,3000.0000034146301,32076.214376559401,0.83574839144949598,119.075931740041,8.2207734521944093e-06,1,1,3.6415969569162998,104.839935807651,219.10252376265399,105.144860554736,9.1177274002547097,57
76.700000000000003,10.9266932006082,314.159265721243,54.560959473382297,30152.4690613846,2465.0646347552001,1372.9026812515101,0,475.79056885974097,13021.068817441699,11045.535385090599,1782.15522792194,26325.385813427001,26402.976116894701,77.590303467608607,1920.9018590757,547.99917782484101,827.91209535014502,359.38459536555501,69.500343346851295,44.860030653689101,1.12545929359286,0.92014020001760499,25849.595244569799,12827.6906787551,0,10.924778500878499,269.47366354063001,269.47366354063001,0,0,0,0.53506781616079901,3.4126828382599701,10.9247785144362,3000.00000345936,32076.2143775158,0.83574837010152203,119.07593194624199,8.2278311310801706e-06,1,1,3.6415968650555102,104.839935807651,219.10252376265399,105.144860554736,9.1177274002547097,57
76.799999999999997,10.926693069411,314.159265724882,54.560959517612098,30183.363574436102,2466.38661666194,1372.9026812515101,0,476.26739977538602,13033.003915630101,11060.3397917279,1784.51142241507,26354.9583443788,26432.548647846499,77.590303467608607,1920.9018590757,547.99917782484101,829.00457319433895,359.714004010255,69.584584069200105,44.920162422540002,1.12730907333242,0.92134020001764005,25878.6909446063,12844.851280622601,0,10.9247783710905,269.47365917854898,269.47365917854898,0,0,0,0.53506781529302805,3.4126828104692399,10.9247783802857,3000.0000034941099,32076.214378258901,0.83574835003179404,119.07593213929999,8.2335754996165599e-06,1,1,3.6415967721475702,104.839935807651,219.10252376265399,105.144860554736,9.1177274002547097,57
76.900000000000006,10.9266929478098,314.15926572754603,54.560959558656201,30214.258086947499,2467.7085985224398,1372.9026812515101,0,476.74423068166101,13044.939013543501,11075.1441983651,1786.8676169082,26384.5308748508,26462.121178318499,77.590303467608607,1920.9018590757,547.99917782484101,830.09705102596502,360.04341264737002,69.668824790414604,44.980294190745497,1.1291588530746901,0.92254020001767401,25907.786644171902,12862.0118822931,0,10.924778250395599,269.47365512168699,269.47365512168699,0,0,0,0.53506781151591498,3.4126827860301701,10.924778262051399,3000.0000035195499,32076.214378802899,0.83574833143001603,119.075932318453,8.2373408076818999e-06,1,1,3.6415966784500799,104.839935807651,219.10252376265399,105.144860554736,9.1177274002547097,57
77,10.926692835521299,314.15926572930999,54.560959596873701,30245.1525989568,2469.0305803399801,1372.9026812515101,0,477.22106157923099,13056.8741112015,11089.948605002401,1789.2238114013401,26414.103404875699,26491.693708343399,77.590303467608607,1920.9018590757,547.99917782484101,831.18952884590203,360.37282127743202,69.753065510573407,45.040425958347797,1.1310086328194799,0.92374020001770896,25936.882343299301,12879.172483779501,0,10.9247781382655,269.47365135232099,269.47365135232099,0,0,0,0.53506780883985605,3.4126827695034598,10.9247781506383,3000.0000035364001,32076.214379163201,0.83574831425282803,119.075932485267,8.2414990174584108e-06,1,1,3.6415965842003399,104.839935807651,219.10252376265399,105.144860554736,9.1177274002547097,57
77.099999999999994,10.926692730687799,314.15926573025098,54.560959632267,30276.047110501,2470.35256211771,1372.9026812515101,0,477.69789246875001,13068.809208623201,11104.753011639699,1791.5800058944701,26443.675934487601,26521.266237955399,77.590303467608607,1920.9018590757,547.99917782484101,832.28200665499298,360.70222990095999,69.837306229754901,45.100557725395497,1.1328584125666099,0.92494020001774302,25965.978042021801,12896.333085096399,0,10.924778034145699,269.473647851848,269.473647851848,0,0,0,0.53506780783858898,3.41268274952363,10.924778043772699,3000.00000354538,32076.214379355399,0.835748298216064,119.075932639755,8.2473015936557204e-06,1,1,3.6415964896175201,104.839935807651,219.10252376265399,105.144860554736,9.1177274002547097,57
77.200000000000003,10.926692633030299,314.15926573041202,54.560959665197899,30306.941621612899,2471.6745438584499,1372.9026812515101,0,478.17472335077002,13080.744305824999,11119.557418277,1793.9362003875999,26473.248463714801,26550.8387671825,77.590303467608607,1920.9018590757,547.99917782484101,833.374484454033,361.03163851843101,69.9215469480297,45.160689491924501,1.1347081923159299,0.92614020001777797,25995.073740367301,12913.4936862549,0,10.9247779378018,269.47364461241,269.47364461241,0,0,0,0.53506780522539998,3.4126827241063,10.9247779482757,3000.0000035469202,32076.214379388301,0.83574828327703399,119.075932783494,8.2519982242956808e-06,1,1,3.6415963949056298,104.839935807651,219.10252376265399,105.144860554736,9.1177274002547097,57
77.299999999999997,10.9266925440715,314.15926572985802,54.560959695549101,30337.836132324301,2472.9965255649099,1372.9026812515101,0,478.65155422587401,13092.6794028235,11134.3618249142,1796.2923948807299,26502.8209925874,26580.411296055099,77.590303467608607,1920.9018590757,547.99917782484101,834.46696224375705,361.36104713028902,70.005787665464993,45.220821257976297,1.1365579720672401,0.92734020001781203,26024.169438364701,12930.6542872673,0,10.924777848758801,269.47364161807502,269.47364161807502,0,0,0,0.53506780525155895,3.41268270932534,10.924777855052501,3000.0000035416301,32076.214379275199,0.83574826966867799,119.075932915973,8.2568840298335999e-06,1,1,3.6415963002534202,104.839935807651,219.10252376265399,105.144860554736,9.1177274002547097,57
77.400000000000006,10.926692460378501,314.15926572864998,54.560959723647201,30368.7306426656,2474.31850723969,1372.9026812515101,0,479.12838509456498,13104.614499634001,11149.1662315515,1798.64858937386,26532.3935211309,26609.983824598599,77.590303467608607,1920.9018590757,547.99917782484101,835.55944002489196,361.690455736969,70.090028382122995,45.280953023584999,1.1384077518204201,0.92854020001784698,26053.2651360399,12947.8148881448,0,10.924777766588299,269.47363885446299,269.47363885446299,0,0,0,0.53506780223992001,3.4126826918428899,10.9247777754717,3000.00000353009,32076.214379028501,0.83574825686584897,119.075933038618,8.2630467659328099e-06,1,1,3.6415962058354099,104.839935807651,219.10252376265399,105.144860554736,9.1177274002547097,57
77.5,10.926692384901999,314.15926572683099,54.560959749430701,30399.625152665802,2475.6404888852799,1372.9026812515101,0,479.60521595736498,13116.5495962718,11163.970638188801,1801.00478386699,26561.966049373001,26639.5563528407,77.590303467608607,1920.9018590757,547.99917782484101,836.651917798108,362.019864338871,70.174269098069701,45.341084788786901,1.1402575315753201,0.92974020001788105,26082.360833418799,12964.975488898001,0,10.9247776909979,269.47363631177302,269.47363631177302,0,0,0,0.53506780139784504,3.4126826781672599,10.9247776981647,3000.00000351273,32076.2143786571,0.83574824531992298,119.07593315116,8.2690894487313892e-06,1,1,3.64159611181277,104.839935807651,219.10252376265399,105.144860554736,9.1177274002547097,57
77.599999999999994,10.926692314460301,314.15926572444499,54.560959773180002,30430.519662352399,2476.9624705040401,1372.9026812515101,0,480.08204681476099,13128.484692750701,11178.775044825999,1803.36097836013,26591.5385773374,26669.128880805099,77.590303467608607,1920.9018590757,547.99917782484101,837.74439556404695,362.34927293638998,70.258509813359296,45.4012165536151,1.1421073113318001,0.930940200017916,26111.456530525898,12982.1360895368,0,10.924777621701599,269.47363398040801,269.47363398040801,0,0,0,0.53506780047283098,3.4126826670098298,10.9247776276788,3000.0000034899399,32076.2143781698,0.835748234544201,119.075933254822,8.2735205069184303e-06,1,1,3.6415960183337699,104.839935807651,219.10252376265399,105.144860554736,9.1177274002547097,57
77.700000000000003,10.9266922508868,314.15926572155303,54.5609597949856,30461.414171750799,2478.2844520981398,1372.9026812515101,0,480.55887766717501,13140.4197890834,11193.5794514633,1805.7171728532601,26621.111105046399,26698.701408514102,77.590303467608607,1920.9018590757,547.99917782484101,838.83687332332295,362.67868152987501,70.342750528045698,45.461348318101201,1.1439570910897201,0.93214020001794995,26140.552227382501,12999.2966900703,0,10.9247775582143,269.47363184409397,269.47363184409397,0,0,0,0.53506779911781199,3.4126826520406599,10.9247775640142,3000.0000034623199,32076.214377579199,0.83574822481912303,119.075933350002,8.2794904301408695e-06,1,1,3.6415959255349799,104.839935807651,219.10252376265399,105.144860554736,9.1177274002547097,57
77.799999999999997,10.9266921918072,314.15926571818699,54.560959814917503,30492.308680885399,2479.60643366965,1372.9026812515101,0,481.03570851504799,13152.354885283101,11208.3838581006,1808.0733673463899,26650.683632522301,26728.273935990001,77.590303467608607,1920.9018590757,547.99917782484101,839.92935107650101,363.00809011969102,70.426991242184101,45.521480082273698,1.1458068708489699,0.93334020001798501,26169.6479240105,13016.457290508,0,10.9247775003318,269.47362989598099,269.47362989598099,0,0,0,0.53506779953010097,3.4126826444134402,10.9247775026233,3000.0000034301802,32076.214376891901,0.83574821578150404,119.07593343700201,8.2850783655885607e-06,1,1,3.64159583354169,104.839935807651,219.10252376265399,105.144860554736,9.1177274002547097,57
77.900000000000006,10.9266921393777,314.15926571439599,54.560959832943603,30523.203189780201,2480.9284152206501,1372.9026812515101,0,481.51253935880698,13164.289981361801,11223.188264737801,1810.4295618395199,26680.256159787001,26757.8464632547,77.590303467608607,1920.9018590757,547.99917782484101,841.02182882413103,363.33749870616901,70.511231955819895,45.581611846163199,1.1476566506094299,0.93454020001801896,26198.743620431898,13033.617890858,0,10.9247774476749,269.47362812334302,269.47362812334302,0,0,0,0.53506779710985697,3.4126826310768101,10.9247774526011,3000.00000339398,32076.214376117801,0.83574820776116399,119.075933515683,8.2906772149726698e-06,1,1,3.6415957424666101,104.839935807651,219.10252376265399,105.144860554736,9.1177274002547097,57
78,10.9266920906233,314.15926571021402,54.560959849404099,30554.097698456499,2482.2503967529601,1372.9026812515101,0,481.98937019879497,13176.2250773303,11237.9926713731,1812.78575633265,26709.828686859,26787.418990326802,77.590303467608607,1920.9018590757,547.99917782484101,842.11430656671803,363.66690728959497,70.595472669000699,45.641743609791902,1.1495064303709699,0.93574020001805402,26227.839316664202,13050.7784911295,0,10.924777400008701,269.47362651830099,269.47362651830099,0,0,0,0.53506779615810696,3.4126826248397499,10.9247774048526,3000.00000335404,32076.214375263698,0.83574820030302699,119.075933587531,8.2939513958990608e-06,1,1,3.6415956524141899,104.839935807651,219.10252376265399,105.144860554736,9.1177274002547097,57
78.099999999999994,10.9266920463962,314.15926570568797,54.560959864328403,30584.992206935,2483.5723782683199,1372.9026812515101,0,482.46620103539999,13188.1601731992,11252.797078006701,1815.14195082534,26739.401213756999,26816.991517224698,77.590303467608607,1920.9018590757,547.99917782484101,843.20678430475198,363.996315870275,70.679713381773098,45.701875373187001,1.15135621013353,0.93694020001808798,26256.9350127252,13067.939091328701,0,10.924777356940901,269.47362506769099,269.47362506769099,0,0,0,0.53506779518875902,3.4126826118221998,10.9247773616516,3000.0000033108199,32076.214374339499,0.835748193537452,119.075933652674,8.2968072092626193e-06,1,1,3.6415955634766202,104.839935807651,219.10252376265399,105.144860554736,9.1177274002547097,57
78.200000000000003,10.926692007833401,314.15926570084599,54.560959877662803,30615.886715234599,2484.8943597683801,1372.9026812515101,0,482.94303186894803,13200.095268978101,11267.6014846404,1817.4981453180101,26768.973740498401,26846.5640439661,77.590303467608607,1920.9018590757,547.99917782484101,844.29926203867103,364.32572444847301,70.763954094176597,45.762007136371203,1.15320598989697,0.93814020001812304,26286.030708632599,13085.0996914629,0,10.924777318272699,269.47362376484398,269.47362376484398,0,0,0,0.53506779441061503,3.4126826085359401,10.9247773229981,3000.0000032645798,32076.214373350798,0.83574818763835101,119.075933710877,8.2996339187957296e-06,1,1,3.6415954757385598,104.839935807651,219.10252376265399,105.144860554736,9.1177274002547097,57
78.299999999999997,10.926691973575601,314.159265695719,54.560959889594699,30646.781223374099,2486.2163412547402,1372.9026812515101,0,483.41986269977502,13212.030364677001,11282.405891274,1819.8543398106899,26798.5462670993,26876.136570567,77.590303467608607,1920.9018590757,547.99917782484101,845.39173976891595,364.655133024473,70.848194806248003,45.8221388993665,1.15505576966123,0.93934020001815699,26315.126404402901,13102.2602915388,0,10.924777283769799,269.473622601898,269.473622601898,0,0,0,0.53506779559394702,3.4126826036756901,10.9247772843446,3000.0000032156199,32076.214372303799,0.83574818239780901,119.075933762959,8.30236240290105e-06,1,1,3.6415953892761701,104.839935807651,219.10252376265399,105.144860554736,9.1177274002547097,57
78.400000000000006,10.9266919417932,314.15926569034002,54.560959900297597,30677.6757313704,2487.5383227288498,1372.9026812515101,0,483.896693528144,13223.9654603044,11297.210297907601,1822.21053430337,26828.1187935751,26905.7090970428,77.590303467608607,1920.9018590757,547.99917782484101,846.48421749589602,364.98454159847699,70.932435518020995,45.882270662192802,1.1569055494262199,0.94054020001819205,26344.222100050101,13119.420891564199,0,10.9247772531654,269.47362156989902,269.47362156989902,0,0,0,0.53506779327637499,3.4126825913517398,10.9247772570598,3000.0000031642599,32076.214371205398,0.835748177535935,119.07593380967501,8.3055965660605597e-06,1,1,3.6415953041573599,104.839935807651,219.10252376265399,105.144860554736,9.1177274002547097,57
78.5,10.926691914755301,314.15926568473998,54.560959909741698,30708.5702392399,2488.8603041921001,1372.9026812515101,0,484.37352435436298,13235.9005558683,11312.0147045413,1824.56672879604,26857.691319940201,26935.2816234079,77.590303467608607,1920.9018590757,547.99917782484101,847.57669521997195,365.31395017074402,71.016676229532806,45.942402424868597,1.15875532919183,0.941740200018226,26373.3177955883,13136.5814915434,0,10.9247772261945,269.47362065995202,269.47362065995202,0,0,0,0.53506779286154904,3.4126825880960299,10.9247772297749,3000.0000031107902,32076.214370062,0.83574817339984597,119.075933850898,8.3096201706211997e-06,1,1,3.64159522044138,104.839935807651,219.10252376265399,105.144860554736,9.1177274002547097,57
78.599999999999994,10.9266918917348,314.15926567894502,54.560959917821997,30739.464746998001,2490.1822856458198,1372.9026812515101,0,484.85035517872097,13247.8356513775,11326.8191111749,1826.9229232887201,26887.263846209102,26964.854149676801,77.590303467608607,1920.9018590757,547.99917782484101,848.66917294150596,365.64335874149299,71.1009169408171,46.002534187417801,1.1606051089579801,0.94294020001826095,26402.4134910334,13153.7420914829,0,10.9247772026711,269.473619865822,269.473619865822,0,0,0,0.53506779304135998,3.4126825843239299,10.924777204763799,3000.0000030554402,32076.2143688785,0.83574816987832701,119.07593388616699,8.3132799773011407e-06,1,1,3.64159513818091,104.839935807651,219.10252376265399,105.144860554736,9.1177274002547097,57
78.700000000000003,10.926691871095001,314.15926567297601,54.560959925086998,30770.359254658699,2491.5042670911898,1372.9026812515101,0,485.32718600140601,13259.770746837899,11341.6235178079,1829.2791177813999,26916.8363723927,26994.426675860399,77.590303467608607,1920.9018590757,547.99917782484101,849.761650660839,365.97276731089801,71.185157651900198,46.062665949852203,1.16245488872463,0.94414020001829502,26431.509186394502,13170.9026913869,0,10.924777182408199,269.47361918122903,269.47361918122903,0,0,0,0.53506779265067195,3.4126825786209301,10.924777184300201,3000.0000029984399,32076.214367659599,0.83574816672098196,119.075933917878,8.3163286035414802e-06,1,1,3.6415950574233098,104.839935807651,219.10252376265399,105.144860554736,9.1177274002547097,57
78.799999999999997,10.9266918530378,314.15926566686801,54.560959931191597,30801.253762234799,2492.8262485293399,1372.9026812515101,0,485.804016822677,13271.705842256901,11356.427924437899,1831.63531227407,26946.4088985042,27023.999201971899,77.590303467608607,1920.9018590757,547.99917782484101,850.85412837827801,366.302175879152,71.269398362813206,46.122797712190099,1.16430466849174,0.94534020001832997,26460.6048816847,13188.0632912605,0,10.9247771650933,269.47361859568599,269.47361859568599,0,0,0,0.53506779372623003,3.4126825759701198,10.9247771638366,3000.0000029401199,32076.2143664123,0.835748163958694,119.075933944524,8.3180493675172295e-06,1,1,3.6415949782080799,104.839935807651,219.10252376265399,105.144860554736,9.1177274002547097,57
78.900000000000006,10.926691838080901,314.15926566063098,54.560959936405901,30832.1482697393,2494.1482299613599,1372.9026812515101,0,486.28084764276201,13283.640937640799,11371.2323310679,1833.99150676675,26975.981424554098,27053.571728021801,77.590303467608607,1920.9018590757,547.99917782484101,851.94660609411801,366.63158444644802,71.353639073583807,46.182929474444599,1.1661544482592301,0.94654020001836403,26489.700576914202,13205.223891108501,0,10.924777150665101,269.47361810713898,269.47361810713898,0,0,0,0.535067792047344,3.4126825759274801,10.9247771524679,3000.0000028805598,32076.214365138701,0.83574816167068899,119.075933967284,8.31896613817662e-06,1,1,3.6415949005695998,104.839935807651,219.10252376265399,105.144860554736,9.1177274002547097,57
79,10.9266918261093,314.159265654286,54.560959940629601,30863.042777184801,2495.47021138831,1372.9026812515101,0,486.75767846188199,13295.576032996099,11386.036737697899,1836.3477012594301,27005.553950554,27083.144254021699,77.590303467608607,1920.9018590757,547.99917782484101,853.03908380863299,366.960993012958,71.437879784233303,46.2430612366324,1.16800422802694,0.94774020001839898,26518.7962720947,13222.384490935699,0,10.924777138927301,269.47361770899499,269.47361770899499,0,0,0,0.53506779165986595,3.4126825761570698,10.924777141099201,3000.0000028199702,32076.214363843101,0.83574815983934103,119.07593398572,8.3186314441263693e-06,1,1,3.6415948245361398,104.839935807651,219.10252376265399,105.144860554736,9.1177274002547097,57
79.099999999999994,10.926691816623,314.15926564786201,54.560959944112199,30893.937284581199,2496.79219281105,1372.9026812515101,0,487.234509280194,13307.511128328,11400.8411443279,1838.7038957519901,27035.1264765128,27112.716779980499,77.590303467608607,1920.9018590757,547.99917782484101,854.13156152208501,367.290401578814,71.522120494788993,46.303192998764899,1.16985400779496,0.94894020001843304,26547.891967234798,13239.5450907455,0,10.9247771296324,269.47361739294701,269.47361739294701,0,0,0,0.53506779233294699,3.4126825706010502,10.924777129730501,3000.0000027586202,32076.214362531198,0.83574815838819905,119.075934000921,8.31949364510365e-06,1,1,3.64159475013038,104.839935807651,219.10252376265399,105.144860554736,9.1177274002547097,57
79.200000000000003,10.9266918099917,314.15926564138101,54.560959946693302,30924.831791939101,2498.1141742305099,1372.9026812515101,0,487.71134009789802,13319.4462236419,11415.645550957899,1841.06009024421,27064.699002439898,27142.289305907601,77.590303467608607,1920.9018590757,547.99917782484101,855.22403923471597,367.61981014416699,71.606361205267703,46.363324760854802,1.17170378756305,0.950140200018468,26576.9876623444,13256.7056905422,0,10.924777122549299,269.47361715124202,269.47361715124202,0,0,0,0.53506779101995605,3.4126825700185099,10.924777125183001,3000.00000269674,32076.214361207902,0.83574815737377695,119.07593401218701,8.3219056250527501e-06,1,1,3.6415946773742398,104.839935807651,219.10252376265399,105.144860554736,9.1177274002547097,57
79.299999999999997,10.926691803436199,314.15926563487699,54.560959948618198,30955.726299268699,2499.4361556475501,1372.9026812515101,0,488.18817091515899,13331.3813189428,11430.4499575876,1843.41628473643,27094.271528343801,27171.8618318115,77.590303467608607,1920.9018590757,547.99917782484101,856.316516946722,367.94921870917602,71.690601915690095,46.423456522916801,1.1735535673315201,0.95134020001850195,26606.0833574311,13273.866290329501,0,10.9247771173691,269.473616973508,269.473616973508,0,0,0,0.53506779369084401,3.41268256608948,10.924777113814301,3000.0000026346302,32076.214359879701,0.83574815637095901,119.075934020589,8.3285667642485401e-06,1,1,3.6415946062726898,104.839935807651,219.10252376265399,105.144860554736,9.1177274002547097,57
79.400000000000006,10.926691800745999,314.15926562828298,54.560959949973103,30986.6208065787,2500.75813706283,1372.9026812515101,0,488.66500173208698,13343.316414233799,11445.254364214001,1845.7724792286599,27123.844054232301,27201.4343577,77.590303467608607,1920.9018590757,547.99917782484101,857.40899465832501,368.27862727389402,71.774842626078595,46.4835882849532,1.1754033470999901,0.95254020001853701,26635.179052502099,13291.026890109801,0,10.9247771147653,269.47361688235299,269.47361688235299,0,0,0,0.53506779144653205,3.4126825691367899,10.9247771160881,3000.0000025716599,32076.214358533201,0.83574815595943197,119.07593402650301,8.3193226600997099e-06,1,1,3.64159453684361,104.839935807651,219.10252376265399,105.144860554736,9.1177274002547097,57
79.5,10.9266918009256,314.15926562168897,54.560959950361898,31017.5153138764,2502.08011847738,1372.9026812515101,0,489.14183254893902,13355.2515095215,11460.0587708403,1848.12867372088,27153.4165801132,27231.0068835809,77.590303467608607,1920.9018590757,547.99917782484101,858.50147236974203,368.60803583853402,71.859083336457502,46.543720046979701,1.1772531268684601,0.95374020001857096,26664.2747475672,13308.187489887499,0,10.9247771138429,269.473616847735,269.473616847735,0,0,0,0.53506779107180802,3.4126825731129702,10.9247771160881,3000.0000025086902,32076.214357186702,0.83574815598690899,119.0759340282,8.3146478573326004e-06,1,1,3.6415944690959701,104.839935807651,219.10252376265399,105.144860554736,9.1177274002547097,57
79.599999999999994,10.9266918006828,314.15926561509502,54.560959950411501,31048.4098211739,2503.40209989193,1372.9026812515101,0,489.61866336578998,13367.1866048093,11474.863177466699,1850.4848682131001,27182.989105993402,27260.579409461101,77.590303467608607,1920.9018590757,547.99917782484101,859.59395008115098,368.937444403173,71.943324046836494,46.603851809006301,1.1791029066369301,0.95494020001860602,26693.370442631898,13325.3480896651,0,10.9247771146019,269.47361686965502,269.47361686965502,0,0,0,0.53506779239328195,3.4126825688806499,10.924777113814301,3000.0000024457299,32076.214355840199,0.83574815594975405,119.075934028416,8.3086160884704407e-06,1,1,3.64159440302975,104.839935807651,219.10252376265399,105.144860554736,9.1177274002547097,57
79.700000000000003,10.926691803033201,314.15926560850102,54.560959949896798,31079.304328472401,2504.72408130648,1372.9026812515101,0,490.09549418269199,13379.1217000991,11489.667584093,1852.8410627053199,27212.561631879398,27290.151935347101,77.590303467608607,1920.9018590757,547.99917782484101,860.68642779270704,369.26685296786599,72.027564757220006,46.663983571039701,1.1809526864054001,0.95614020001863997,26722.466137700201,13342.508689443701,0,10.9247771170424,269.47361694811298,269.47361694811298,0,0,0,0.53506779146402805,3.4126825690916598,10.924777118361799,3000.0000023827602,32076.214354493699,0.83574815630931099,119.07593402617,8.3015293057542294e-06,1,1,3.6415943386449601,104.839935807651,219.10252376265399,105.144860554736,9.1177274002547097,57
79.799999999999997,10.9266918074551,314.15926560196698,54.560959948870298,31110.198835780899,2506.0460627216398,1372.9026812515101,0,490.57232499982803,13391.0567953967,11504.471990719399,1855.19725719755,27242.134157776702,27319.724461244401,77.590303467608607,1920.9018590757,547.99917782484101,861.77890550456902,369.59626153275599,72.111805467629495,46.724115333091603,1.1828024661738701,0.95734020001867504,26751.561832780499,13359.669289226,0,10.924777120552699,269.47361706257902,269.47361706257902,0,0,0,0.53506779311063801,3.41268256780713,10.924777118361799,3000.0000023203702,32076.214353159401,0.835748156985752,119.07593402168899,8.3033919509034604e-06,1,1,3.6415942759361402,104.839935807651,219.10252376265399,105.144860554736,9.1177274002547097,57
79.900000000000006,10.926691810885901,314.159265595482,54.560959947606499,31141.093343104101,2507.3680441382098,1372.9026812515101,0,491.04915581724998,13402.9918907025,11519.276397345,1857.5534516897701,27271.706683688899,27349.296987156598,77.590303467608607,1920.9018590757,547.99917782484101,862.87138321682096,369.92567009790503,72.196046178077907,46.784247095166997,1.1846522459423401,0.95854020001870899,26780.657527875101,13376.829889013699,0,10.9247771252298,269.47361721629801,269.47361721629801,0,0,0,0.53506779222849898,3.4126825692967699,10.924777125183001,3000.00000225843,32076.214351834999,0.83574815751056097,119.07593401617299,8.3084196376148594e-06,1,1,3.64159421488419,104.839935807651,219.10252376265399,105.144860554736,9.1177274002547097,57
79.969999999999999,10.926691814723,314.15926559094601,54.560959946415103,31162.7194982414,2508.2934311306599,1372.9026812515101,0,491.38293738967297,13411.3464574229,11529.639481980899,1859.2027878343199,27292.407451838699,27369.9977553065,77.590303467608607,1920.9018590757,547.99917782484101,863.63611761570905,370.15625609367402,72.255014675414301,46.826339328632201,1.1859470917802699,0.95938020001873403,26801.0245144527,13388.8423088699,0,10.9247771294479,269.47361735565403,269.47361735565403,0,0,0,0.53506779216050004,3.41268257000266,10.924777129730501,3000.0000022151198,32076.214350908798,0.83574815809754099,119.07593401097201,8.3060913311783207e-06,1,1,3.6415941731311898,104.839935807651,219.10252376265399,105.144860554736,9.1177274002547097,57
79.980000000000004,10.926691815420201,314.15926559029799,54.560959946241503,31165.808948976199,2508.4256292724999,1372.9026812515101,0,491.430620471461,13412.539966955001,11531.1199226432,1859.4384072835401,27295.364704432501,27372.9550079002,77.590303467608607,1920.9018590757,547.99917782484101,863.74536538700102,370.18919695022799,72.263438746463606,46.832352504843101,1.1861320697570901,0.95950020001873704,26803.934083964599,13390.558368849701,0,10.924777130116601,269.47361737778499,269.47361737778499,0,0,0,0.53506779251857295,3.41268257216249,10.924777129730501,3000.0000022089298,32076.214350776401,0.83574815820419102,119.07593401021499,8.3054073911625892e-06,1,1,3.64159416723257,104.839935807651,219.10252376265399,105.144860554736,9.1177274002547097,57
79.989999999999995,10.926691816742499,314.15926558964998,54.560959945980301,31168.898399711001,2508.55782741441,1372.9026812515101,0,491.47830355325902,13413.733476487399,11532.600363305501,1859.67402673277,27298.321957026801,27375.912260494501,77.590303467608607,1920.9018590757,547.99917782484101,863.85461315830401,370.22213780679101,72.271862817515697,46.838365681054299,1.1863170477339,0.95962020001874004,26806.843653477099,13392.2744288297,0,10.9247771308018,269.47361740047103,269.47361740047103,0,0,0,0.53506779176670605,3.4126825703189199,10.9247771320042,3000.0000022027398,32076.214350644099,0.83574815840646999,119.075934009075,8.3048944361507893e-06,1,1,3.6415941613504801,104.839935807651,219.10252376265399,105.144860554736,9.1177274002547097,57
80,10.9266918171278,314.15926558900202,54.560959945795702,31171.9878504466,2508.6900255563201,1372.9026812515101,0,491.52598663505802,13414.9269860198,11534.080803967699,1859.90964618199,27301.279209620901,27378.869513088601,77.590303467608607,1920.9018590757,547.99917782484101,863.96386092960995,370.25507866335499,72.280286888567801,46.844378857265497,1.1865020257107,0.95974020001874405,26809.753222989599,13393.990488809701,0,10.9247771315036,269.47361742371299,269.47361742371299,0,0,0,0.53506779213650202,3.4126825722567702,10.9247771320042,3000.0000021965502,32076.2143505118,0.83574815846541695,119.075934008269,8.3039121818728694e-06,1,1,3.6415941554849098,104.839935807651,219.10252376265399,105.144860554736,9.1177274002547097,57
80.010000000000005,10.9266918170064,314.159265588354,54.560959945653202,31175.0773011821,2508.8222236982201,1372.9026812515101,0,491.57366971685701,13416.120495552201,11535.56124463,1860.1452656311801,27304.2364622151,27381.826765682799,77.590303467608607,1920.9018590757,547.99917782484101,864.07310870092499,370.28801951992102,72.288710959619905,46.850392033476602,1.1866870036874999,0.95986020001874695,26812.662792502098,13395.7065487897,0,10.9247771322218,269.47361744750998,269.47361744750998,0,0,0,0.53506779248311198,3.4126825725232401,10.9247771320042,3000.0000021903602,32076.214350379501,0.83574815844683503,119.07593400764701,8.3029590314254199e-06,1,1,3.6415941496358601,104.839935807651,219.10252376265399,105.144860554736,9.1177274002547097,57
80.019999999999996,10.9266918188868,314.15926558770599,54.560959945346497,31178.166751917899,2508.9544218401702,1372.9026812515101,0,491.62135279867698,13417.314005085,11537.041685292301,1860.38088508035,27307.193714810201,27384.7840182779,77.590303467608607,1920.9018590757,547.99917782484101,864.18235647224901,370.32096037649802,72.297135030674596,46.8564052096892,1.1868719816643001,0.95998020001875095,26815.5723620157,13397.422608770001,0,10.924777132956599,269.47361747186301,269.47361747186301,0,0,0,0.53506779279872296,3.4126825705857899,10.9247771320042,3000.0000021841802,32076.214350247101,0.83574815873450203,119.075934006308,8.3018130681011792e-06,1,1,3.6415941438033399,104.839935807651,219.10252376265399,105.144860554736,9.1177274002547097,57
80.030000000000001,10.9266918191282,314.15926558705797,54.560959945145001,31181.2562026542,2509.0866199821699,1372.9026812515101,0,491.669035880499,13418.507514617701,11538.5221259546,1860.6165045295299,27310.150967405101,27387.741270872899,77.590303467608607,1920.9018590757,547.99917782484101,864.29160424357701,370.35390123307502,72.3055591017295,46.862418385901798,1.18705695964111,0.96010020001875396,26818.481931529001,13399.1386687503,0,10.9247771337079,269.47361749677202,269.47361749677202,0,0,0,0.53506779215461997,3.4126825729406201,10.924777134277999,3000.0000021779902,32076.214350114798,0.83574815877141695,119.075934005429,8.3003942563664202e-06,1,1,3.64159413798735,104.839935807651,219.10252376265399,105.144860554736,9.1177274002547097,57
80.099999999999994,10.9266918234605,314.15926558258502,54.560959943565798,31202.882357815,2510.0120069766999,1372.9026812515101,0,492.00281745338401,13426.862081351799,11548.885210590501,1862.2658406737701,27330.851735578599,27408.442039046298,77.590303467608607,1920.9018590757,547.99917782484101,865.05633864308697,370.58448722921997,72.364527599122596,46.904510619402501,1.1883518054787201,0.960940200018778,26838.848918129199,13411.151088615999,0,10.924777138780801,269.47361766490297,269.47361766490297,0,0,0,0.53506779355356104,3.4126825743128801,10.9247771365517,3000.0000021352798,32076.214349201498,0.83574815943414604,119.075933998536,8.3016348071396402e-06,1,1,3.6415940977325798,104.839935807651,219.10252376265399,105.144860554736,9.1177274002547097,57
80.200000000000003,10.9266918327081,314.15926557621901,54.560959940887798,31233.7768652144,2511.33398839969,1372.9026812515101,0,492.47964827229202,13438.7971767008,11563.6896172132,1864.62203516553,27360.424261566601,27438.0145650343,77.590303467608607,1920.9018590757,547.99917782484101,866.14881635733002,370.91389579555801,72.448768309747805,46.964642381576297,1.19020158524675,0.96214020001881295,26867.944613298299,13428.3116884349,0,10.924777147175201,269.473617943683,269.473617943683,0,0,0,0.53506779232178803,3.4126825737655402,10.9247771479204,3000.0000020744801,32076.214347901401,0.83574816084878201,119.075933986846,8.2973128883168101e-06,1,1,3.6415940416060399,104.839935807651,219.10252376265399,105.144860554736,9.1177274002547097,57
80.299999999999997,10.926691841654799,314.15926556994202,54.560959938028702,31264.6713726489,2512.6559698257101,1372.9026812515101,0,492.95647909185197,13450.732272069001,11578.494023835899,1866.9782296573001,27389.996787587501,27467.5870910552,77.590303467608607,1920.9018590757,547.99917782484101,867.24129407244698,371.24330436241399,72.533009020450706,47.024774143797501,1.1920513650145701,0.96334020001884701,26897.040308499701,13445.472288266999,0,10.924777156267,269.473618245963,269.473618245963,0,0,0,0.53506779466674304,3.41268257911885,10.9247771524679,3000.0000020145499,32076.214346619799,0.83574816221739201,119.075933974367,8.2984224718529697e-06,1,1,3.6415939870923202,104.839935807651,219.10252376265399,105.144860554736,9.1177274002547097,57
80.400000000000006,10.9266918508754,314.15926556370903,54.5609599349456,31295.565880121001,2513.9779512549599,1372.9026812515101,0,493.43330991210502,13462.6673674576,11593.298430458601,1869.3344241490699,27419.569313644301,27497.159617112098,77.590303467608607,1920.9018590757,547.99917782484101,868.33377178852697,371.57271292983398,72.617249731239696,47.084905906067199,1.1939011447821499,0.96454020001888197,26926.136003736101,13462.6328881138,0,10.924777166517099,269.47361858721302,269.47361858721302,0,0,0,0.53506779335419796,3.4126825829134901,10.924777166110299,3000.0000019550298,32076.214345347002,0.83574816362790505,119.075933960909,8.2939768617507104e-06,1,1,3.64159393417295,104.839935807651,219.10252376265399,105.144860554736,9.1177274002547097,57
80.5,10.9266918624401,314.15926555757,54.560959931347298,31326.460387636002,2515.2999326878498,1372.9026812515101,0,493.91014073315102,13474.60246287,11608.102837081,1871.6906186408401,27449.141839741998,27526.732143209701,77.590303467608607,1920.9018590757,547.99917782484101,869.42624950565096,371.90212149790301,72.7014904421236,47.145037668391701,1.1957509245496101,0.96574020001891603,26955.231699012798,13479.7934879759,0,10.924777177390901,269.47361894948801,269.47361894948801,0,0,0,0.53506779340650601,3.4126825877203801,10.924777177478999,3000.0000018964001,32076.2143440933,0.83574816539699803,119.075933945203,8.2917977124452608e-06,1,1,3.6415938828278902,104.839935807651,219.10252376265399,105.144860554736,9.1177274002547097,57
80.599999999999994,10.926691873577999,314.159265551533,54.560959927681303,31357.354895196699,2516.6219141246802,1372.9026812515101,0,494.386971555027,13486.5375583064,11622.9072437001,1874.0468131325999,27478.714365881598,27556.304669349302,77.590303467608607,1920.9018590757,547.99917782484101,870.51872722389896,372.23153006665501,72.785731153109793,47.2051694307738,1.19760070431674,0.96694020001895098,26984.327394330801,13496.9540878555,0,10.924777188781199,269.473619329185,269.473619329185,0,0,0,0.53506779353229195,3.4126825831185501,10.924777188847701,3000.00000183875,32076.214342860501,0.83574816710081001,119.07593392920199,8.2899241533596103e-06,1,1,3.6415938330351101,104.839935807651,219.10252376265399,105.144860554736,9.1177274002547097,57
80.700000000000003,10.926691885133099,314.15926554559502,54.560959923783898,31388.249402805599,2517.9438955656001,1372.9026812515101,0,494.86380237778297,13498.4726537687,11637.711650319099,1876.40300762437,27508.2868920664,27585.8771955341,77.590303467608607,1920.9018590757,547.99917782484101,871.61120494332204,372.56093863610801,72.869971864202398,47.265301193216303,1.1994504840836999,0.96814020001898504,27013.4230896931,13514.114687753599,0,10.9247772006931,269.47361972647201,269.47361972647201,0,0,0,0.53506779403260796,3.4126825853199101,10.924777200216299,3000.0000017820498,32076.214341647999,0.83574816886842795,119.07593391219,8.2902370195370201e-06,1,1,3.6415937847725401,104.839935807651,219.10252376265399,105.144860554736,9.1177274002547097,57
80.799999999999997,10.926691896869,314.15926553983599,54.560959920029497,31419.143910463201,2519.26587701074,1372.9026812515101,0,495.340633201397,13510.407749256199,11652.516056938201,1878.7592021161399,27537.8594182956,27615.4497217633,77.590303467608607,1920.9018590757,547.99917782484101,872.70368266391597,372.89034720626501,72.954212575396895,47.325432955718398,1.2013002638504,0.96934020001901999,27042.5187850986,13531.275287669599,0,10.9247772122828,269.47362011302698,269.47362011302698,0,0,0,0.53506779639678403,3.41268258356371,10.9247772070376,3000.0000017270499,32076.214340472001,0.83574817066371998,119.075933895803,8.3090708358213305e-06,1,1,3.64159373799622,104.839935807651,219.10252376265399,105.144860554736,9.1177274002547097,57
80.900000000000006,10.9266919097707,314.15926553416102,54.560959916031997,31450.038418168901,2520.58785845997,1372.9026812515101,0,495.81746402589198,13522.342844769501,11667.3204635573,1881.1153966079,27567.431944569598,27645.0222480374,77.590303467608607,1920.9018590757,547.99917782484101,873.79616038567997,373.21975577713198,73.038453286701497,47.385564718281898,1.2031500436168401,0.97054020001905394,27071.614480548,13548.435887604501,0,10.9247772244748,269.47362051987898,269.47362051987898,0,0,0,0.53506779500215496,3.4126825891115198,10.924777222953701,3000.00000167286,32076.214339313101,0.83574817263734202,119.07593387835399,8.3268496382515894e-06,1,1,3.6415936926747299,104.839935807651,219.10252376265399,105.144860554736,9.1177274002547097,57
81,10.9266919217129,314.159265528589,54.560959912050897,31480.932925925801,2521.9098399135901,1372.9026812515101,0,496.294294851301,13534.277940309799,11682.1248701764,1883.4715910996699,27597.004470890399,27674.594774358098,77.590303467608607,1920.9018590757,547.99917782484101,874.88863810867997,373.549164348734,73.122693998116105,47.445696480908502,1.2049998233830901,0.97174020001908901,27100.7101760429,13565.596487557599,0,10.9247772370565,269.47362093988897,269.47362093988897,0,0,0,0.53506779479727495,3.41268259245434,10.9247772365961,3000.00000161965,32076.214338175301,0.83574817446417604,119.075933860977,8.3467093645594997e-06,1,1,3.6415936487850602,104.839935807651,219.10252376265399,105.144860554736,9.1177274002547097,57
81.099999999999994,10.926691934870201,314.15926552312499,54.560959907812197,31511.827433734801,2523.2318213716599,1372.9026812515101,0,496.77112567766397,13546.213035877799,11696.929276795399,1885.8277855910101,27626.576997259599,27704.1673007274,77.590303467608607,1920.9018590757,547.99917782484101,875.98111583295395,373.878572921103,73.206934709646305,47.505828243600199,1.2068496031489599,0.97294020001912396,27129.805871585901,13582.757087530001,0,10.9247772499451,269.47362137027898,269.47362137027898,0,0,0,0.53506779578097097,3.41268259552966,10.9247772479648,3000.00000156748,32076.214337059599,0.83574817647689803,119.075933842476,8.3684462879318693e-06,1,1,3.64159360630148,104.839935807651,219.10252376265399,105.144860554736,9.1177274002547097,57
81.200000000000003,10.9266919485563,314.15926551775499,54.560959903427701,31542.721941598302,2524.5538028343999,1372.9026812515101,0,497.24795650501801,13558.1481314749,11711.7336834133,1888.18398008233,27656.149523679702,27733.739827147401,77.590303467608607,1920.9018590757,547.99917782484101,877.07359355854601,374.207981494281,73.291175421297297,47.565960006362303,1.2086993829146699,0.97414020001915802,27158.901567178498,13599.917687523401,0,10.9247772632647,269.473621815211,269.473621815211,0,0,0,0.53506779485859901,3.4126825974246202,10.924777263880999,3000.0000015162,32076.214335962999,0.83574817857051098,119.075933823338,8.3877130236942304e-06,1,1,3.64159356519994,104.839935807651,219.10252376265399,105.144860554736,9.1177274002547097,57
81.299999999999997,10.926691961974701,314.15926551248901,54.560959898967702,31573.6164495173,2525.8757843018998,1372.9026812515101,0,497.724787333368,13570.083227101301,11726.5380900287,1890.5401745736399,27685.722050150802,27763.312353618501,77.590303467608607,1920.9018590757,547.99917782484101,878.16607128548401,374.53739006826999,73.375416133065499,47.626091769192399,1.21054916268003,0.97534020001919297,27187.9972628211,13617.078287537801,0,10.924777276888699,269.47362227043601,269.47362227043601,0,0,0,0.53506779722977804,3.4126826000015802,10.9247772729759,3000.0000014659099,32076.214334887602,0.83574818062317702,119.075933803871,8.4048770077060908e-06,1,1,3.6415935254536498,104.839935807651,219.10252376265399,105.144860554736,9.1177274002547097,57
81.400000000000006,10.926691975861599,314.15926550732502,54.560959894447002,31604.510957493501,2527.19776577427,1372.9026812515101,0,498.20161816273702,13582.0183227576,11741.3424966442,1892.89636906495,27715.294576674201,27792.884880141901,77.590303467608607,1920.9018590757,547.99917782484101,879.25854901380103,374.86679864308201,73.459656844958005,47.686223532093898,1.2123989424451,0.97654020001922703,27217.092958514801,13634.2388875737,0,10.9247772908095,269.47362273569598,269.47362273569598,0,0,0,0.53506779659483295,3.4126826019258201,10.9247772888921,3000.0000014165898,32076.214333833101,0.83574818274751494,119.075933784138,8.4213024820201099e-06,1,1,3.6415934870364501,104.839935807651,219.10252376265399,105.144860554736,9.1177274002547097,57
81.5,10.9266919896584,314.15926550226999,54.560959889818598,31635.405465527499,2528.5197472516202,1372.9026812515101,0,498.67844899315003,13593.9534184449,11756.1469032596,1895.2525635562599,27744.867103251301,27822.457406719001,77.590303467608607,1920.9018590757,547.99917782484101,880.35102674351901,375.196207218734,73.543897556979402,47.746355295067701,1.2142487222099501,0.97774020001926198,27246.188654261299,13651.399487631301,0,10.9247773049182,269.47362320733401,269.47362320733401,0,0,0,0.53506779605552901,3.4126826041403402,10.924777304808201,3000.0000013683298,32076.214332800901,0.83574818485806102,119.07593376393601,8.4388084360398403e-06,1,1,3.6415934499207099,104.839935807651,219.10252376265399,105.144860554736,9.1177274002547097,57
81.599999999999994,10.9266920033711,314.159265497322,54.560959885194897,31666.299973620698,2529.8417287339898,1372.9026812515101,0,499.15527982461902,13605.8885141631,11770.951309875099,1897.6087580475801,27774.439629882301,27852.029933350001,77.590303467608607,1920.9018590757,547.99917782484101,881.44350447465501,375.52561579525099,73.628138269126694,47.806487058115003,1.2160985019744299,0.97894020001929605,27275.284350060901,13668.560087710001,0,10.9247773192266,269.47362368574602,269.47362368574602,0,0,0,0.53506779669140803,3.4126826082691202,10.924777318450699,3000.0000013210702,32076.214331790401,0.83574818695573405,119.07593374375401,8.4558923845179396e-06,1,1,3.64159341407909,104.839935807651,219.10252376265399,105.144860554736,9.1177274002547097,57
81.700000000000003,10.9266920187504,314.15926549249298,54.560959880399302,31697.1944817736,2531.1637102215,1372.9026812515101,0,499.63211065716399,13617.823609912501,11785.755716490499,1899.96495253889,27804.0121565687,27881.6024600364,77.590303467608607,1920.9018590757,547.99917782484101,882.53598220722301,375.85502437264,73.712378981405493,47.866618821236301,1.21794828173861,0.980140200019331,27304.380045914801,13685.720687811399,0,10.9247773335708,269.47362416542597,269.47362416542597,0,0,0,0.53506779734679,3.4126826124405198,10.9247773320931,3000.0000012749601,32076.214330804301,0.83574818930836603,119.075933722822,8.4744824562221799e-06,1,1,3.6415933794824502,104.839935807651,219.10252376265399,105.144860554736,9.1177274002547097,57
81.799999999999997,10.926692032637099,314.159265487764,54.560959875737304,31728.088989986001,2532.4856917140801,1372.9026812515101,0,500.10894149076802,13629.758705692901,11800.560123105901,1902.3211470302001,27833.584683308702,27911.174986776401,77.590303467608607,1920.9018590757,547.99917782484101,883.62845994123597,376.184432950879,73.796619693812502,47.9267505844306,1.2197980615025701,0.98134020001936495,27333.475741821399,13702.881287935201,0,10.9247773481191,269.473624652024,269.473624652024,0,0,0,0.53506779912356295,3.4126826155441301,10.9247773434618,3000.0000012298001,32076.2143298386,0.83574819143267198,119.07593370247299,8.4915591287426701e-06,1,1,3.6415933461032401,104.839935807651,219.10252376265399,105.144860554736,9.1177274002547097,57
81.900000000000006,10.9266920483979,314.159265483154,54.560959870799202,31758.983498259,2533.8076732118702,1372.9026812515101,0,500.58577232547702,13641.6938015061,11815.364529721401,1904.67734152152,27863.157210105601,27940.7475135733,77.590303467608607,1920.9018590757,547.99917782484101,884.72093767670401,376.51384153000703,73.880860406353193,47.9868823477006,1.22164784126615,0.98254020001940001,27362.571437783499,13720.0418880824,0,10.924777362647999,269.473625138035,269.473625138035,0,0,0,0.53506779775740898,3.4126826186080002,10.9247773616516,3000.0000011857801,32076.214328897298,0.83574819384365095,119.075933680918,8.5103492892812904e-06,1,1,3.6415933139132401,104.839935807651,219.10252376265399,105.144860554736,9.1177274002547097,57
82,10.926692062383401,314.15926547865001,54.560959866052201,31789.878006593401,2535.1296547149,1372.9026812515101,0,501.06260316126702,13653.6288973507,11830.1689363349,1907.0335360128299,27892.729736957699,27970.320040425398,77.590303467608607,1920.9018590757,547.99917782484101,885.81341541362804,376.84325011002102,73.965101119024396,48.047014111045499,1.2234976210294199,0.98374020001943396,27391.6671337999,13737.2024882523,0,10.9247773772603,269.473625626905,269.473625626905,0,0,0,0.53506779851453901,3.4126826213974,10.9247773752941,3000.0000011427701,32076.214327977599,0.83574819598306005,119.075933660198,8.5261926869861799e-06,1,1,3.64159328288383,104.839935807651,219.10252376265399,105.144860554736,9.1177274002547097,57
82.099999999999994,10.9266920758363,314.15926547426301,54.560959861296901,31820.772514988599,2536.4516362231402,1372.9026812515101,0,501.53943399815,13665.563993227401,11844.9733429467,1909.3897305041401,27922.302263865298,27999.892567333001,77.590303467608607,1920.9018590757,547.99917782484101,886.90589315201396,377.17265869090897,74.049341831826396,48.107145874466298,1.2253474007924401,0.98494020001946903,27420.7628298704,13754.363088444101,0,10.9247773918206,269.47362611409602,269.47362611409602,0,0,0,0.53506779921228798,3.4126826222795001,10.9247773889365,3000.0000011008801,32076.214327081801,0.83574819804100398,119.075933639442,8.5413958004210093e-06,1,1,3.6415932529864299,104.839935807651,219.10252376265399,105.144860554736,9.1177274002547097,57
82.200000000000003,10.926692091765201,314.159265469986,54.560959856484203,31851.667023443501,2537.77361773647,1372.9026812515101,0,502.01626483608698,13677.499089135399,11859.7777495585,1911.74592499545,27951.8747908281,28029.4650942958,77.590303467608607,1920.9018590757,547.99917782484101,887.99837089185201,377.502067272663,74.133582544758099,48.167277637960296,1.22719718055514,0.98614020001950298,27449.858525995001,13771.5236886578,0,10.9247774063794,269.47362660129102,269.47362660129102,0,0,0,0.53506779786782299,3.4126826258021801,10.924777407126401,3000.0000010600302,32076.214326208301,0.83574820047770204,119.075933618435,8.5567153291776793e-06,1,1,3.6415932241922899,104.839935807651,219.10252376265399,105.144860554736,9.1177274002547097,57
82.299999999999997,10.926692105391499,314.15926546582398,54.560959851716703,31882.5615319596,2539.0955992550598,1372.9026812515101,0,502.49309567511602,13689.434185075301,11874.5821561703,1914.10211948657,27981.447317846199,28059.037621313899,77.590303467608607,1920.9018590757,547.99917782484101,889.09084863314195,377.83147585530799,74.217823257823696,48.227409401530203,1.2290469603174901,0.98734020001953804,27478.954222174601,13788.684288894799,0,10.924777420833401,269.47362708502902,269.47362708502902,0,0,0,0.53506780067076698,3.4126826302247202,10.9247774162213,3000.0000010202898,32076.214325358502,0.83574820256217597,119.075933597626,8.5726242105010897e-06,1,1,3.64159319647269,104.839935807651,219.10252376265399,105.144860554736,9.1177274002547097,57
82.400000000000006,10.926692119178201,314.15926546177201,54.560959847022801,31913.456040535999,2540.4175807788101,1372.9026812515101,0,502.96992651521902,13701.3692810466,11889.3865627821,1916.45831397743,28011.019844919399,28088.610148387099,77.590303467608607,1920.9018590757,547.99917782484101,890.18332637587298,378.16088443881102,74.302063971017503,48.287541165174602,1.23089674007959,0.98854020001957199,27508.049918407502,13805.844889154499,0,10.924777435223101,269.47362756666098,269.47362756666098,0,0,0,0.53506779927471404,3.41268263536264,10.924777434411199,3000.0000009815999,32076.214324531102,0.83574820467117705,119.07593357713699,8.5882165876682797e-06,1,1,3.64159316979879,104.839935807651,219.10252376265399,105.144860554736,9.1177274002547097,57
82.5,10.926692134881099,314.15926545783299,54.5609598422107,31944.350549172399,2541.73956230767,1372.9026812515101,0,503.44675735639902,13713.304377049701,11904.190969394,1918.8145084682801,28040.592372047799,28118.182675515502,77.590303467608607,1920.9018590757,547.99917782484101,891.27580412003999,378.49029302318399,74.386304684341596,48.347672928893402,1.2327465198413901,0.98974020001960705,27537.145614695,13823.005489437001,0,10.9247774494841,269.47362804403298,269.47362804403298,0,0,0,0.53506779985392705,3.4126826374779302,10.9247774480536,3000.00000094399,32076.214323726799,0.83574820707330899,119.07593355613299,8.6046675278339501e-06,1,1,3.6415931441421701,104.839935807651,219.10252376265399,105.144860554736,9.1177274002547097,57
82.599999999999994,10.9266921487256,314.15926545399901,54.560959837585202,31975.2450578678,2543.0615438416098,1372.9026812515101,0,503.92358819862602,13725.2394730833,11918.9953760058,1921.17070295914,28070.1648992298,28147.755202697499,77.590303467608607,1920.9018590757,547.99917782484101,892.36828186562798,378.81970160840598,74.470545397792307,48.407804692684898,1.2345962996028199,0.990940200019641,27566.241311034501,13840.1660897411,0,10.924777463677501,269.47362851918501,269.47362851918501,0,0,0,0.53506780041320001,3.41268264034988,10.924777461696101,3000.0000009073701,32076.214322943801,0.83574820919114801,119.07593353594299,8.6206564446911199e-06,1,1,3.64159311947494,104.839935807651,219.10252376265399,105.144860554736,9.1177274002547097,57
82.700000000000003,10.9266921626281,314.159265450276,54.5609598329618,32006.1395666227,2544.3835253806301,1372.9026812515101,0,504.40041904191497,13737.174569147701,11933.7997826176,1923.52689745,28099.737426465799,28177.327729933499,77.590303467608607,1920.9018590757,547.99917782484101,893.46075961262704,379.14911019450102,74.554786111373303,48.467936456548401,1.2364460793640299,0.99214020001967596,27595.337007427399,13857.3266900667,0,10.9247774777008,269.47362898867999,269.47362898867999,0,0,0,0.53506779984143205,3.4126826429404402,10.924777477612199,3000.0000008718198,32076.214322183601,0.83574821131787302,119.075933515763,8.6368963820859807e-06,1,1,3.6415930957696498,104.839935807651,219.10252376265399,105.144860554736,9.1177274002547097,57
82.799999999999997,10.9266921760056,314.159265446657,54.560959828374003,32037.034075435698,2545.7055069246298,1372.9026812515101,0,504.87724988623398,13749.109665242901,11948.6041892294,1925.8830919408599,28129.309953755001,28206.9002572227,77.590303467608607,1920.9018590757,547.99917782484101,894.55323736102105,379.47851878142097,74.639026825075902,48.528068220483199,1.23829585912495,0.99334020001971002,27624.432703871898,13874.487290413699,0,10.924777491604001,269.47362945419201,269.47362945419201,0,0,0,0.53506780236393903,3.41268264639525,10.9247774867072,3000.0000008372599,32076.214321444601,0.83574821336427296,119.075933495737,8.6530453700106608e-06,1,1,3.64159307299846,104.839935807651,219.10252376265399,105.144860554736,9.1177274002547097,57
82.900000000000006,10.926692189550099,314.159265443148,54.5609598238281,32067.928584306999,2547.0274884736,1372.9026812515101,0,505.354080731583,13761.044761368499,11963.4085958412,1928.2392864317201,28158.8824810974,28236.472784565201,77.590303467608607,1920.9018590757,547.99917782484101,895.64571511079805,379.807927369168,74.723267538905503,48.588199984489599,1.2401456388854999,0.99454020001974497,27653.528400368599,13891.647890782901,0,10.9247775053094,269.47362991311297,269.47362991311297,0,0,0,0.53506780157731004,3.41268264552679,10.9247775026233,3000.00000080375,32076.2143207279,0.83574821543622202,119.07593347589599,8.6698964878451096e-06,1,1,3.6415930511343899,104.839935807651,219.10252376265399,105.144860554736,9.1177274002547097,57
83,10.9266922037126,314.15926543973399,54.560959819340603,32098.823093235002,2548.34947002745,1372.9026812515101,0,505.83091157794001,13772.9798575236,11978.2130024502,1930.59548092257,28188.455008491401,28266.0453119591,77.590303467608607,1920.9018590757,547.99917782484101,896.738192861931,380.13733595774698,74.807508252858,48.648331748566399,1.2419954186458499,0.99574020001977903,27682.624096915901,13908.8084911735,0,10.924777518917899,269.47363036882899,269.47363036882899,0,0,0,0.53506780086481798,3.41268265123851,10.9247775185395,3000.0000007711501,32076.2143200309,0.835748217602722,119.07593345630799,8.6826294136699306e-06,1,1,3.6415930301504398,104.839935807651,219.10252376265399,105.144860554736,9.1177274002547097,57
83.099999999999994,10.9266922168172,314.159265436434,54.560959814971099,32129.717602219502,2549.6714515861199,1372.9026812515101,0,506.30774242529901,13784.914953707999,11993.0174090583,1932.9516754134299,28218.027535935998,28295.617839403702,77.590303467608607,1920.9018590757,547.99917782484101,897.83067061441602,380.46674454713798,74.891748966929299,48.708463512713102,1.24384519840588,0.99694020001981398,27711.719793513901,13925.969091585201,0,10.9247775322364,269.473630814854,269.473630814854,0,0,0,0.53506780202110404,3.41268265242168,10.9247775299082,3000.0000007396402,32076.214319356899,0.835748219607368,119.075933437236,8.6965264927130193e-06,1,1,3.6415930100211402,104.839935807651,219.10252376265399,105.144860554736,9.1177274002547097,57
83.200000000000003,10.9266922305154,314.15926543324099,54.560959810541398,32160.612111259499,2550.9934331495501,1372.9026812515101,0,506.784573273658,13796.850049921501,12007.821815666501,1935.3078699042901,28247.600063431899,28325.190366899598,77.590303467608607,1920.9018590757,547.99917782484101,898.92314836822004,380.79615313733098,74.975989681123295,48.768595276927897,1.2456949781655999,0.99814020001984805,27740.8154901616,13943.129692017699,0,10.9247775452925,269.47363125211803,269.47363125211803,0,0,0,0.53506780103374996,3.41268265746137,10.9247775458243,3000.0000007091498,32076.214318704901,0.83574822170283303,119.075933417901,8.7115404312498901e-06,1,1,3.6415929907189,104.839935807651,219.10252376265399,105.144860554736,9.1177274002547097,57
83.299999999999997,10.926692242697101,314.15926543014302,54.560959806333599,32191.506620354499,2552.3154147177002,1372.9026812515101,0,507.26140412298798,13808.7851461632,12022.626222274699,1937.66406439515,28277.1725909776,28354.762894445299,77.590303467608607,1920.9018590757,547.99917782484101,900.01562612333305,381.12556172830199,75.060230395432299,48.828727041210698,1.24754475792515,0.999340200019883,27769.9111868578,13960.290292469501,0,10.9247775581875,269.47363168401301,269.47363168401301,0,0,0,0.53506780408001997,3.4126826587483601,10.9247775526455,3000.0000006795699,32076.214318072402,0.83574822356631195,119.07593339953399,8.7257431005127694e-06,1,1,3.6415929722192502,104.839935807651,219.10252376265399,105.144860554736,9.1177274002547097,57
83.400000000000006,10.926692255469399,314.15926542714499,54.560959802041303,32222.401129503301,2553.6373962904199,1372.9026812515101,0,507.73823497328198,13820.720242433301,12037.430628882799,1940.020258886,28306.745118572398,28384.335422040102,77.590303467608607,1920.9018590757,547.99917782484101,901.10810387973197,381.45497032005102,75.144471109857903,48.888858805558797,1.2493945376843001,1.00054020001982,27799.0068836024,13977.4508929412,0,10.9247775708515,269.47363210819702,269.47363210819702,0,0,0,0.53506780275298405,3.4126826554732701,10.9247775685617,3000.0000006509299,32076.214317460101,0.83574822552014105,119.075933380799,8.7399421317968501e-06,1,1,3.6415929544961898,104.839935807651,219.10252376265399,105.144860554736,9.1177274002547097,57
83.5,10.926692269313399,314.159265424235,54.560959797860697,32253.295638705,2554.9593778676899,1372.9026812515101,0,508.21506582450002,13832.655338730799,12052.235035491,1942.3764533768599,28336.317646215099,28413.907949682802,77.590303467608607,1920.9018590757,547.99917782484101,902.20058163737997,381.78437891255197,75.2287118243989,48.9489905699715,1.2512443174432499,1.00174020001963,27828.102580393701,13994.6114934331,0,10.924777583372,269.47363252760499,269.47363252760499,0,0,0,0.53506780156468603,3.4126826635370699,10.9247775844779,3000.0000006231498,32076.2143168658,0.83574822763790901,119.075933362551,8.7530461314599995e-06,1,1,3.6415929375254699,104.839935807651,219.10252376265399,105.144860554736,9.1177274002547097,57
83.599999999999994,10.9266922806673,314.15926542142398,54.560959793796599,32284.1901479587,2556.2813594494301,1372.9026812515101,0,508.69189667665199,13844.590435055299,12067.0394420992,1944.7326478677201,28365.8901739047,28443.480477372399,77.590303467608607,1920.9018590757,547.99917782484101,903.29305939627602,382.11378750581798,75.312952539050301,49.009122334447902,1.25309409720195,1.0029402000194401,27857.198277230898,14011.772093944501,0,10.924777595617,269.47363293780501,269.47363293780501,0,0,0,0.53506780214984495,3.4126826614938102,10.9247775958465,3000.0000005963002,32076.2143162918,0.83574822937476201,119.075933344812,8.7666776380501704e-06,1,1,3.6415929212822502,104.839935807651,219.10252376265399,105.144860554736,9.1177274002547097,57
83.700000000000003,10.926692292052,314.15926541869499,54.560959789913497,32315.084657263498,2557.6033410355199,1372.9026812515101,0,509.16872752968902,13856.5255314064,12081.8438487073,1947.08884235858,28395.462701640099,28473.0530051079,77.590303467608607,1920.9018590757,547.99917782484101,904.38553715637602,382.44319609981301,75.397193253813896,49.069254098987699,1.2549438769603201,1.0041402000192501,27886.293974113902,14028.932694474701,0,10.9247776077294,269.47363334358602,269.47363334358602,0,0,0,0.53506780274810495,3.4126826636934902,10.9247776072152,3000.00000057025,32076.2143157346,0.83574823111631602,119.075933327862,8.7787557276897099e-06,1,1,3.6415929057415801,104.839935807651,219.10252376265399,105.144860554736,9.1177274002547097,57
83.799999999999997,10.9266923054698,314.15926541607701,54.560959785897502,32345.979166617399,2558.9253226257902,1372.9026812515101,0,509.64555838360798,13868.460627783201,12096.6482553155,1949.4450368494399,28425.035229421101,28502.625532888898,77.590303467608607,1920.9018590757,547.99917782484101,905.47801491766495,382.77260469450999,75.481433968680903,49.129385863586201,1.25679365671858,1.0053402000190701,27915.389671041001,14046.0932950237,0,10.9247776194018,269.47363373463702,269.47363373463702,0,0,0,0.53506780424854605,3.4126826694072099,10.9247776163102,3000.0000005452498,32076.214315199999,0.83574823316889102,119.075933310333,8.7947846623137593e-06,1,1,3.6415928908815101,104.839935807651,219.10252376265399,105.144860554736,9.1177274002547097,57
83.900000000000006,10.9266923157306,314.15926541355299,54.560959782166798,32376.873676021401,2560.2473042203901,1372.9026812515101,0,510.12238923839902,13880.395724185801,12111.4526619236,1951.8012313402901,28454.607757246999,28532.198060714702,77.590303467608607,1920.9018590757,547.99917782484101,906.57049268012099,383.10201328991297,75.565674683654095,49.189517628245703,1.2586434364764201,1.0065402000188799,27944.485368011799,14063.253895591,0,10.924777630776999,269.47363411574401,269.47363411574401,0,0,0,0.535067803395752,3.4126826686249498,10.924777629952599,3000.00000052114,32076.214314684599,0.835748234738526,119.07593329404899,8.8116430561058206e-06,1,1,3.64159287667762,104.839935807651,219.10252376265399,105.144860554736,9.1177274002547097,57
84,10.926692328255999,314.15926541110298,54.560959778429101,32407.7681854722,2561.56928581894,1372.9026812515101,0,510.599220094023,13892.3308206127,12126.257068531801,1954.15742583115,28484.180285116199,28561.770588583899,77.590303467608607,1920.9018590757,547.99917782484101,907.66297044370697,383.43142188599302,75.649915398732801,49.249649392963804,1.2604932162342,1.0077402000186899,27973.581065024999,14080.414496174901,0,10.924777642038499,269.47363449306903,269.47363449306903,0,0,0,0.53506780368643603,3.4126826761413498,10.924777641321301,3000.0000004977501,32076.214314184301,0.83574823665458597,119.07593327773399,8.8262058852706105e-06,1,1,3.6415928631083299,104.839935807651,219.10252376265399,105.144860554736,9.1177274002547097,57
84.099999999999994,10.926692338133,314.15926540873397,54.560959774713098,32438.6626949704,2562.8912674215899,1372.9026812515101,0,511.07605095049502,13904.2659170645,12141.061475140001,1956.51362032201,28513.752813027499,28591.3431164953,77.590303467608607,1920.9018590757,547.99917782484101,908.75544820841606,383.76083048275302,75.734156113907602,49.3097811577409,1.26234299599156,1.0089402000184999,28002.676762080398,14097.5750967764,0,10.924777653094299,269.47363486352401,269.47363486352401,0,0,0,0.53506780366642104,3.4126826720378398,10.92477765269,3000.00000047512,32076.214313700399,0.83574823816549404,119.075933261514,8.8394408521708101e-06,1,1,3.64159285015092,104.839935807651,219.10252376265399,105.144860554736,9.1177274002547097,57
84.200000000000003,10.926692348973001,314.159265406457,54.560959771235801,32469.557204513701,2564.2132490280901,1372.9026812515101,0,511.55288180775898,13916.201013539299,12155.865881748099,1958.8698148127701,28543.325340979602,28620.915644447301,77.590303467608607,1920.9018590757,547.99917782484101,909.84792597419596,384.09023908015598,75.818396829181793,49.369912922572198,1.26419277574887,1.0101402000183199,28031.772459175201,14114.735697394501,0,10.924777663796201,269.47363522212601,269.47363522212601,0,0,0,0.53506780368801998,3.4126826794934702,10.924777664058601,3000.0000004533799,32076.2143132356,0.83574823982373103,119.07593324633601,8.8551860244478996e-06,1,1,3.6415928377830702,104.839935807651,219.10252376265399,105.144860554736,9.1177274002547097,57
84.299999999999997,10.9266923601117,314.15926540426398,54.560959767682597,32500.4517141016,2565.5352306383902,1372.9026812515101,0,512.02971266582199,13928.1361100375,12170.670288356299,1961.22600930317,28572.897868972799,28650.488172440499,77.590303467608607,1920.9018590757,547.99917782484101,910.94040374104395,384.419647678199,75.902637544551595,49.430044687458597,1.2660425555057999,1.01134020001813,28060.86815631,14131.8962980294,0,10.9247776742325,269.473635571844,269.473635571844,0,0,0,0.53506780571208601,3.4126826889817701,10.9247776708798,3000.0000004324302,32076.214312787601,0.83574824152767002,119.075933230827,8.8706765382084996e-06,1,1,3.6415928259867401,104.839935807651,219.10252376265399,105.144860554736,9.1177274002547097,57
84.400000000000006,10.9266923691782,314.15926540214298,54.560959764298197,32531.346223733999,2566.8572122525002,1372.9026812515101,0,512.50654352467302,13940.071206558699,12185.4746949617,1963.58220379357,28602.470397005702,28680.060700473401,77.590303467608607,1920.9018590757,547.99917782484101,912.03288150894298,384.749056276891,75.986878260016297,49.490176452399602,1.2678923352626501,1.01254020001794,28089.9638534841,14149.056898680899,0,10.9247776844784,269.47363591520099,269.47363591520099,0,0,0,0.53506780420182398,3.4126826817350802,10.924777684522301,3000.0000004121798,32076.214312354601,0.83574824291459304,119.07593321605501,8.8817178038880195e-06,1,1,3.6415928147397199,104.839935807651,219.10252376265399,105.144860554736,9.1177274002547097,57
84.5,10.9266923805709,314.15926540009599,54.560959760908801,32562.240733408202,2568.1791938702099,1372.9026812515101,0,512.98337438426802,13952.0063031015,12200.279101566201,1965.9383982839699,28632.042925076701,28709.6332285444,77.590303467608607,1920.9018590757,547.99917782484101,913.12535927783597,385.07846487616501,76.071118975570599,49.550308217391397,1.2697421150191299,1.01374020001775,28119.059550696202,14166.2174993481,0,10.924777694499401,269.47363625103299,269.47363625103299,0,0,0,0.53506780484935701,3.4126826839831699,10.9247776936172,3000.0000003926398,32076.214311936699,0.83574824465738595,119.07593320126,8.8916822278406505e-06,1,1,3.6415928040200698,104.839935807651,219.10252376265399,105.144860554736,9.1177274002547097,57
84.599999999999994,10.9266923895954,314.15926539814302,54.560959757677502,32593.135243124801,2569.5011754915399,1372.9026812515101,0,513.46020524459402,13963.941399666301,12215.083508170699,1968.2945927743799,28661.615453186099,28739.205756653799,77.590303467608607,1920.9018590757,547.99917782484101,914.21783704771804,385.40787347604999,76.155359691217797,49.6104399824344,1.2715918947756,1.01494020001757,28148.155247944898,14183.378100031099,0,10.9247777040851,269.47363657228402,269.47363657228402,0,0,0,0.53506780532801201,3.4126826883652299,10.9247777027122,3000.0000003739901,32076.214311537798,0.83574824603789599,119.075933187156,8.9048080553766306e-06,1,1,3.6415927938111601,104.839935807651,219.10252376265399,105.144860554736,9.1177274002547097,57
84.700000000000003,10.9266923987515,314.15926539625002,54.560959754624399,32624.029752881401,2570.8231571162801,1372.9026812515101,0,513.93703610561897,13975.8764962517,12229.8879147753,1970.6507872647801,28691.187981331299,28768.778284798998,77.590303467608607,1920.9018590757,547.99917782484101,915.31031481855598,385.73728207650299,76.239600406946593,49.670571747526097,1.2734416745316299,1.01614020001738,28177.2509452292,14200.538700729099,0,10.924777713555599,269.47363688969,269.47363688969,0,0,0,0.53506780471860704,3.4126826934863499,10.9247777140808,3000.0000003559098,32076.214311151201,0.83574824743853704,119.07593317382999,8.9157874754164402e-06,1,1,3.64159278409298,104.839935807651,219.10252376265399,105.144860554736,9.1177274002547097,57
84.799999999999997,10.9266924078473,314.15926539442899,54.560959751556297,32654.924262676901,2572.1451387443399,1372.9026812515101,0,514.41386696733798,13987.811592857501,12244.6923213798,1973.00698175518,28720.760509512002,28798.350812979701,77.590303467608607,1920.9018590757,547.99917782484101,916.40279259032604,386.06669067752301,76.323841122759603,49.7307035126667,1.2752914542876701,1.0173402000171901,28206.346642548098,14217.6993014412,0,10.924777722755501,269.47363719803798,269.47363719803798,0,0,0,0.53506780696337697,3.4126826902438001,10.924777718628301,3000.0000003385198,32076.2143107794,0.83574824882995002,119.075933160438,8.9270361058879593e-06,1,1,3.6415927748444901,104.839935807651,219.10252376265399,105.144860554736,9.1177274002547097,57
84.900000000000006,10.926692416828599,314.159265392686,54.560959748536398,32685.818772511,2573.4671203757398,1372.9026812515101,0,514.89069782974298,13999.7466894834,12259.4967279843,1975.36317624559,28750.333037728102,28827.923341195801,77.590303467608607,1920.9018590757,547.99917782484101,917.49527036300401,386.39609927910402,76.408081838657097,49.790835277853297,1.2771412340433701,1.0185402000170001,28235.442339901801,14234.8599021668,0,10.9247777316276,269.47363749540801,269.47363749540801,0,0,0,0.53506780609216298,3.41268269658686,10.924777729997,3000.0000003218802,32076.2143104235,0.83574825020386001,119.07593314725599,8.93980904947966e-06,1,1,3.6415927660523,104.839935807651,219.10252376265399,105.144860554736,9.1177274002547097,57
85,10.926692426261701,314.15926539098899,54.560959745627201,32716.713282382501,2574.7891020103002,1372.9026812515101,0,515.36752869279906,14011.6817861285,12274.301134588801,1977.71937073599,28779.905565977599,28857.4958694454,77.590303467608607,1920.9018590757,547.99917782484101,918.58774813656305,386.72550788120901,76.492322554634299,49.850967043085298,1.27899101379896,1.0197402000168201,28264.538037288199,14252.0205029064,0,10.9247777404695,269.47363779178801,269.47363779178801,0,0,0,0.53506780512983598,3.4126826987959,10.9247777413657,3000.0000003056698,32076.214310077001,0.83574825164687505,119.075933134558,8.9482491603121195e-06,1,1,3.6415927576959501,104.839935807651,219.10252376265399,105.144860554736,9.1177274002547097,57
85.099999999999994,10.9266924349507,314.15926538939198,54.5609597428017,32747.6077922898,2576.1110836479802,1372.9026812515101,0,515.84435955650599,14023.616882792299,12289.105541193399,1980.0755652263899,28809.478094259899,28887.068397727598,77.590303467608607,1920.9018590757,547.99917782484101,919.68022591098395,387.05491648381701,76.576563270686904,49.911098808362901,1.2808407935543999,1.0209402000166301,28293.633734706698,14269.181103659001,0,10.9247777487157,269.47363806818998,269.47363806818998,0,0,0,0.535067805850306,3.4126826942305302,10.9247777481869,3000.0000002904198,32076.2143097509,0.83574825297605904,119.075933122225,8.9639870566315898e-06,1,1,3.64159274975776,104.839935807651,219.10252376265399,105.144860554736,9.1177274002547097,57
85.200000000000003,10.9266924420496,314.15926538782998,54.560959740102298,32778.502302232002,2577.4330652886301,1372.9026812515101,0,516.321190420824,14035.551979474199,12303.9099477979,1982.4317597167999,28839.050622573599,28916.640926041298,77.590303467608607,1920.9018590757,547.99917782484101,920.77270368623203,387.38432508694501,76.6608039868145,49.971230573680899,1.2826905733095499,1.0221402000164399,28322.729432156098,14286.341704425,0,10.9247777570186,269.47363834651702,269.47363834651702,0,0,0,0.53506780573115298,3.4126826994789301,10.924777757281801,3000.0000002755,32076.214309431802,0.83574825406200304,119.07593311044199,8.9737295638769899e-06,1,1,3.6415927422242,104.839935807651,219.10252376265399,105.144860554736,9.1177274002547097,57
85.299999999999997,10.9266924497608,314.15926538635102,54.560959737588497,32809.396812208703,2578.75504693218,1372.9026812515101,0,516.79802128573795,14047.4870761733,12318.7143544024,1984.7879542072001,28868.623150917501,28946.213454385201,77.590303467608607,1920.9018590757,547.99917782484101,921.86518146228195,387.71373369053703,76.745044703015097,50.031362339041003,1.2845403530646999,1.0233402000162499,28351.825129634901,14303.502305203299,0,10.9247777648613,269.47363860941499,269.47363860941499,0,0,0,0.53506780742537596,3.41268270162037,10.924777761829301,3000.0000002613801,32076.2143091297,0.83574825524162,119.07593309947001,8.9877139544114504e-06,1,1,3.64159273507495,104.839935807651,219.10252376265399,105.144860554736,9.1177274002547097,57
85.400000000000006,10.9266924579437,314.15926538491999,54.560959734919201,32840.291322217898,2580.0770285785202,1372.9026812515101,0,517.27485215124204,14059.422172889999,12333.518761007001,1987.1441486976,28898.195679291799,28975.7859827596,77.590303467608607,1920.9018590757,547.99917782484101,922.957659239127,388.04314229460601,76.829285419285497,50.091494104442297,1.28639013281952,1.0245402000160699,28380.920827143898,14320.662905994401,0,10.9247777725865,269.47363886839202,269.47363886839202,0,0,0,0.53506780586103697,3.4126827000164401,10.924777773198,3000.00000024771,32076.214308837501,0.83574825649338802,119.075933087819,8.9992863649968092e-06,1,1,3.6415927282991398,104.839935807651,219.10252376265399,105.144860554736,9.1177274002547097,57
85.5,10.926692465174501,314.15926538355399,54.560959732484001,32871.1858322591,2581.3990102275902,1372.9026812515101,0,517.75168301729695,14071.3572696229,12348.323167611499,1989.50034318801,28927.7682076944,29005.3585111621,77.590303467608607,1920.9018590757,547.99917782484101,924.05013701671305,388.37255089912497,76.913526135625901,50.151625869879801,1.2882399125742201,1.02574020001588,28410.016524680501,14337.8235067974,0,10.924777780003099,269.47363911702797,269.47363911702797,0,0,0,0.53506780636291296,3.4126827052003699,10.9247777800192,3000.0000002346701,32076.214308558701,0.83574825759951399,119.07593307718901,9.0127359726466205e-06,1,1,3.64159272187604,104.839935807651,219.10252376265399,105.144860554736,9.1177274002547097,57
85.599999999999994,10.9266924725561,314.15926538223101,54.560959730020599,32902.080342331697,2582.7209918794101,1372.9026812515101,0,518.22851388392496,14083.292366372199,12363.127574216,1991.8565376784099,28957.340736126102,29034.931039593801,77.590303467608607,1920.9018590757,547.99917782484101,925.14261479505399,388.70195950409999,76.997766852030907,50.2117576353589,1.29008969232892,1.02694020001569,28439.1122222454,14354.984107611799,0,10.924777787335801,269.47363936286303,269.47363936286303,0,0,0,0.535067806703729,3.4126827037549301,10.9247777868404,3000.0000002220399,32076.214308288399,0.83574825872869696,119.075933066437,9.0230096247978492e-06,1,1,3.6415927157981498,104.839935807651,219.10252376265399,105.144860554736,9.1177274002547097,57
85.700000000000003,10.9266924802434,314.15926538098,54.5609597276868,32932.974852434301,2584.0429735337998,1372.9026812515101,0,518.70534475106899,14095.2274631368,12377.9319808205,1994.2127321688099,28986.913264584098,29064.503568051899,77.590303467608607,1920.9018590757,547.99917782484101,926.23509257409501,389.03136810949701,77.082007568498994,50.271889400870897,1.29193947208321,1.0281402000155,28468.207919836801,14372.1447084376,0,10.9247777942564,269.473639594882,269.473639594882,0,0,0,0.53506780691341105,3.41268270589054,10.924777793661599,3000.0000002100901,32076.214308033101,0.83574825990464896,119.07593305624999,9.03709587873891e-06,1,1,3.6415927100444301,104.839935807651,219.10252376265399,105.144860554736,9.1177274002547097,57
85.799999999999997,10.9266924872827,314.159265379766,54.560959725359098,32963.869362566002,2585.3649551906001,1372.9026812515101,0,519.18217561873996,14107.1625599166,12392.7363874251,1996.5689266592201,29016.485793069001,29094.076096536701,77.590303467608607,1920.9018590757,547.99917782484101,927.32757035383599,389.36077671531802,77.166248285032097,50.332021166422798,1.2937892518374701,1.02934020001532,28497.303617454101,14389.305309274499,0,10.9247778011291,269.47363982531101,269.47363982531101,0,0,0,0.53506780816391797,3.41268270902758,10.924777798209099,3000.0000001984899,32076.214307785001,0.83574826098148003,119.07593304609,9.0474131866358204e-06,1,1,3.6415927046074699,104.839935807651,219.10252376265399,105.144860554736,9.1177274002547097,57
85.900000000000006,10.926692494239401,314.159265378626,54.560959723140499,32994.7638727265,2586.6869368499001,1372.9026812515101,0,519.65900648690695,14119.097656711399,12407.540794029601,1998.9251211496201,29046.05832158,29123.648625047699,77.590303467608607,1920.9018590757,547.99917782484101,928.42004813423796,389.69018532155798,77.2504890016247,50.392152932005899,1.2956390315917301,1.03054020001513,28526.399315096802,14406.465910122201,0,10.924777807538,269.47364004018402,269.47364004018402,0,0,0,0.53506780702944301,3.41268270816248,10.9247778073041,3000.0000001876101,32076.214307552302,0.83574826204566799,119.075933036406,9.0628127509262396e-06,1,1,3.6415926994670902,104.839935807651,219.10252376265399,105.144860554736,9.1177274002547097,57
86,10.926692499953001,314.15926537749101,54.560959721049699,33025.658382914298,2588.0089185115899,1372.9026812515101,0,520.13583735553902,14131.0327535203,12422.345200634099,2001.28131564002,29075.6308501155,29153.221153583199,77.590303467608607,1920.9018590757,547.99917782484101,929.51252591528896,390.01959392817201,77.334729718276193,50.452284697624499,1.2974888113456,1.03174020001494,28555.4950127628,14423.6265109792,0,10.9247778141849,269.47364026306298,269.47364026306298,0,0,0,0.535067807074875,3.41268270854555,10.924777814125299,3000.0000001767798,32076.214307320701,0.83574826291970195,119.07593302728,9.0691792138386501e-06,1,1,3.64159269461658,104.839935807651,219.10252376265399,105.144860554736,9.1177274002547097,57
86.099999999999994,10.9266925056637,314.15926537645902,54.560959719048199,33056.552893127999,2589.3309001754601,1372.9026812515101,0,520.61266822462801,14142.9678503423,12437.1496072386,2003.63751013042,29105.203378674199,29182.793682141899,77.590303467608607,1920.9018590757,547.99917782484101,930.60500369697104,390.34900253517998,77.418970434986704,50.5124164632728,1.29933859109941,1.0329402000147501,28584.590710451899,14440.7871118454,0,10.924777820075599,269.47364046057402,269.47364046057402,0,0,0,0.53506780785103003,3.4126827113944,10.9247778186727,3000.00000016692,32076.2143071098,0.83574826379329703,119.07593301854401,9.0867433755192906e-06,1,1,3.6415926900416999,104.839935807651,219.10252376265399,105.144860554736,9.1177274002547097,57
86.200000000000003,10.926692512274901,314.15926537543601,54.560959717030499,33087.447403366103,2590.6528818414699,1372.9026812515101,0,521.08949909417595,14154.902947177699,12451.9540138432,2005.9937046208299,29134.775907255698,29212.366210723401,77.590303467608607,1920.9018590757,547.99917782484101,931.69748147924997,390.678411142512,77.503211151748602,50.5725482289551,1.3011883708532299,1.0341402000145701,28613.686408164202,14457.947712720499,0,10.924777826131301,269.473640663634,269.473640663634,0,0,0,0.53506780759685002,3.41268271077575,10.9247778254939,3000.0000001571502,32076.214306900802,0.83574826480463205,119.075933009737,9.0977155196014792e-06,1,1,3.6415926857279302,104.839935807651,219.10252376265399,105.144860554736,9.1177274002547097,57
86.299999999999997,10.926692517046099,314.15926537448001,54.560959715093198,33118.341913631302,2591.9748635097499,1372.9026812515101,0,521.56632996417102,14166.838044026499,12466.758420447701,2008.3498991112299,29164.348435860698,29241.938739328401,77.590303467608607,1920.9018590757,547.99917782484101,932.78995926212303,391.007819750252,77.587451868562496,50.632679994665402,1.30303815060685,1.0353402000143801,28642.782105899299,14475.1083136051,0,10.9247778317515,269.47364085208898,269.47364085208898,0,0,0,0.53506780928713804,3.4126827135086302,10.9247778277677,3000.0000001480298,32076.214306705799,0.83574826553450399,119.075933001281,9.1117581177968498e-06,1,1,3.6415926816682598,104.839935807651,219.10252376265399,105.144860554736,9.1177274002547097,57
86.400000000000006,10.9266925226702,314.15926537357097,54.560959713322497,33149.236423920003,2593.2968451800298,1372.9026812515101,0,522.04316083458605,14178.773140887601,12481.562827052199,2010.7060936016301,29193.920964486701,29271.5112679544,77.590303467608607,1920.9018590757,547.99917782484101,933.88243704553895,391.33722835829298,77.671692585433107,50.692811760407103,1.3048879303602201,1.0365402000141899,28671.877803654399,14492.2689144988,0,10.924777837144701,269.473641032937,269.473641032937,0,0,0,0.53506780767585305,3.4126827131538202,10.924777836862599,3000.00000013934,32076.214306520102,0.83574826639483202,119.075932993552,9.1271940618753399e-06,1,1,3.6415926778430499,104.839935807651,219.10252376265399,105.144860554736,9.1177274002547097,57
86.5,10.9266925285696,314.15926537266103,54.560959711489801,33180.130934230299,2594.6188268521801,1372.9026812515101,0,522.519991705395,14190.70823776,12496.3672336567,2013.06228809204,29223.493493133199,29301.083796600898,77.590303467608607,1920.9018590757,547.99917782484101,934.97491482950397,391.666636966672,77.755933302347103,50.752943526174001,1.30673771011359,1.0377402000139999,28700.973501430199,14509.4295154009,0,10.9247778427687,269.47364122154499,269.47364122154499,0,0,0,0.53506780829290601,3.4126827143120999,10.9247778414101,3000.0000001306498,32076.214306334299,0.83574826729728702,119.075932985552,9.1342953965067897e-06,1,1,3.64159267424977,104.839935807651,219.10252376265399,105.144860554736,9.1177274002547097,57
86.599999999999994,10.9266925328883,314.159265371836,54.560959709817702,33211.025444563602,2595.9408085262098,1372.9026812515101,0,522.99682257657298,14202.643334643901,12511.1716402613,2015.41848258244,29253.066021799401,29330.6563252671,77.590303467608607,1920.9018590757,547.99917782484101,936.06739261401299,391.996045575344,77.840174019307597,50.813075291968303,1.30858748986697,1.0389402000138199,28730.069199225101,14526.590116310799,0,10.9247778477627,269.47364138901401,269.47364138901401,0,0,0,0.53506780860431002,3.4126827151910102,10.9247778459576,3000.00000012277,32076.214306165799,0.835748267957936,119.075932978254,9.1498259280342592e-06,1,1,3.6415926708790498,104.839935807651,219.10252376265399,105.144860554736,9.1177274002547097,57
86.700000000000003,10.926692537867799,314.15926537104002,54.560959708213403,33241.919954917299,2597.2627902020499,1372.9026812515101,0,523.47365344816706,14214.578431538601,12525.976046865801,2017.7746770728399,29282.638550484498,29360.228853952201,77.590303467608607,1920.9018590757,547.99917782484101,937.15987039900494,392.32545418435501,77.924414736317502,50.873207057790196,1.3104372696201401,1.0401402000136299,28759.1648970387,14543.750717228701,0,10.924777852661,269.47364155328199,269.47364155328199,0,0,0,0.53506780786644303,3.4126827183614199,10.924777852778799,3000.0000001151702,32076.214306003301,0.83574826871966901,119.07593297125101,9.1645197244360992e-06,1,1,3.6415926677122101,104.839935807651,219.10252376265399,105.144860554736,9.1177274002547097,57
86.799999999999997,10.926692544277,314.15926537024802,54.560959706427703,33272.814465292598,2598.58477187979,1372.9026812515101,0,523.95048432009696,14226.5135284445,12540.780453470299,2020.1308715632499,29312.211079189801,29389.801382657501,77.590303467608607,1920.9018590757,547.99917782484101,938.25234818449906,392.65486279364399,78.0086554533666,50.933338823635097,1.3122870493730601,1.04134020001344,28788.260594872201,14560.9113181551,0,10.9247778577269,269.47364172318998,269.47364172318998,0,0,0,0.53506780925306296,3.4126827189507298,10.924777855052501,3000.00000010761,32076.214305841499,0.83574826970011196,119.07593296345701,9.1711517598014308e-06,1,1,3.64159266474821,104.839935807651,219.10252376265399,105.144860554736,9.1177274002547097,57
86.900000000000006,10.9266925483157,314.159265369553,54.560959704938,33303.708975689202,2599.9067535593099,1372.9026812515101,0,524.42731519243296,14238.448625361199,12555.5848600748,2022.4870660536501,29341.783607913101,29419.373911380801,77.590303467608607,1920.9018590757,547.99917782484101,939.34482597046599,392.98427140324401,78.092896170465806,50.993470589506799,1.3141368291259901,1.04254020001325,28817.3562927231,14578.071919088899,0,10.924777861995,269.47364186632302,269.47364186632302,0,0,0,0.535067808119288,3.4126827168965899,10.9247778618737,3000.0000001009698,32076.214305699599,0.83574827031792498,119.075932956955,9.1901347332168404e-06,1,1,3.64159266197258,104.839935807651,219.10252376265399,105.144860554736,9.1177274002547097,57
87,10.926692552253799,314.15926536887099,54.560959703581503,33334.603486102198,2601.2287352403,1372.9026812515101,0,524.90414606502202,14250.3837222863,12570.3892666794,2024.8432605440501,29371.356136651499,29448.946440119202,77.590303467608607,1920.9018590757,547.99917782484101,940.43730375685698,393.31368001307499,78.177136887597399,51.053602355400002,1.3159866088789201,1.04374020001307,28846.451990589401,14595.2325200289,0,10.9247778663074,269.47364201095297,269.47364201095297,0,0,0,0.53506780811372001,3.4126827182902901,10.9247778664212,3000.0000000944601,32076.214305560301,0.83574827092034698,119.07593295103401,9.2061127361375805e-06,1,1,3.6415926593719998,104.839935807651,219.10252376265399,105.144860554736,9.1177274002547097,57
87.099999999999994,10.926692555902701,314.15926536818898,54.560959702184498,33365.497996532897,2602.5507169227599,1372.9026812515101,0,525.38097693798204,14262.3188192211,12585.1936732839,2027.19945503446,29400.928665406998,29478.518968874701,77.590303467608607,1920.9018590757,547.99917782484101,941.52978154368998,393.64308862317898,78.261377604767503,51.113734121314003,1.31783638863185,1.04494020001288,28875.547688472001,14612.393120975699,0,10.924777870793701,269.47364216143097,269.47364216143097,0,0,0,0.53506780814416299,3.4126827171226499,10.9247778709687,3000.00000008794,32076.214305420999,0.83574827147853303,119.075932944936,9.2157752078492194e-06,1,1,3.6415926569453698,104.839935807651,219.10252376265399,105.144860554736,9.1177274002547097,57
87.200000000000003,10.926692560549,314.15926536755302,54.560959700690503,33396.392506983997,2603.87269860686,1372.9026812515101,0,525.85780781122503,14274.2539161654,12599.998079888401,2029.55564952486,29430.5011941792,29508.091497646899,77.590303467608607,1920.9018590757,547.99917782484101,942.62225933096602,393.972497233561,78.345618321980396,51.173865887253598,1.3196861683843899,1.04614020001269,28904.643386371299,14629.55372193,0,10.924777874978799,269.473642301805,269.473642301805,0,0,0,0.53506780810350496,3.4126827198259999,10.924777875516201,3000.00000008187,32076.2143052912,0.83574827218929304,119.07593293841499,9.2257214419078099e-06,1,1,3.6415926546892998,104.839935807651,219.10252376265399,105.144860554736,9.1177274002547097,57
87.299999999999997,10.926692564760399,314.15926536698299,54.560959699343002,33427.287017450799,2605.1946802924699,1372.9026812515101,0,526.33463868482295,14286.1890131195,12614.802486492899,2031.9118440152599,29460.0737229679,29537.664026435599,77.590303467608607,1920.9018590757,547.99917782484101,943.71473711862598,394.30190584415197,78.429859039234103,51.233997653213997,1.32153594813688,1.0473402000125001,28933.739084285698,14646.714322890601,0,10.924777878649,269.47364242490198,269.47364242490198,0,0,0,0.53506780991623104,3.4126827230027201,10.924777875516201,3000.0000000764298,32076.214305174799,0.83574827283353503,119.07593293253299,9.2454538389574702e-06,1,1,3.6415926525831099,104.839935807651,219.10252376265399,105.144860554736,9.1177274002547097,57
87.400000000000006,10.926692569042,314.15926536641501,54.560959698119298,33458.181527934903,2606.51666197946,1372.9026812515101,0,526.81146955865802,14298.1241100804,12629.6068930975,2034.2680385056699,29489.6462517691,29567.236555236799,77.590303467608607,1920.9018590757,547.99917782484101,944.80721490665996,394.631314454988,78.514099756513204,51.294129419188302,1.3233857278893599,1.0485402000123201,28962.8347822133,14663.874923857,0,10.924777882448501,269.47364255234999,269.47364255234999,0,0,0,0.53506780861194703,3.4126827239113799,10.9247778823374,3000.0000000710002,32076.2143050587,0.835748273488508,119.075932927192,9.2571972345467708e-06,1,1,3.6415926506218899,104.839935807651,219.10252376265399,105.144860554736,9.1177274002547097,57
87.5,10.926692572038201,314.15926536584601,54.560959696887998,33489.076038434403,2607.8386436678602,1372.9026812515101,0,527.28830043281096,14310.059207050799,12644.411299702,2036.6242329960701,29519.218780586201,29596.809084053901,77.590303467608607,1920.9018590757,547.99917782484101,945.89969269508003,394.96072306607101,78.598340473829793,51.354261185187198,1.3252355076418401,1.0497402000121301,28991.930480155999,14681.0355248296,0,10.924777886393001,269.473642684673,269.473642684673,0,0,0,0.53506780843160595,3.4126827253561398,10.924777886884799,3000.00000006557,32076.2143049427,0.83574827394684303,119.07593292181799,9.2646514531225e-06,1,1,3.6415926488056098,104.839935807651,219.10252376265399,105.144860554736,9.1177274002547097,57
87.599999999999994,10.926692576002299,314.15926536536,54.560959695690997,33519.970548950798,2609.1606253575901,1372.9026812515101,0,527.76513130724504,14321.9943040285,12659.215706306501,2038.98042748647,29548.7913094174,29626.381612885099,77.590303467608607,1920.9018590757,547.99917782484101,946.99217048387095,395.290131677364,78.682581191179906,51.414392951206203,1.32708528739432,1.0509402000119401,29021.026178112301,14698.196125807901,0,10.9247778896356,269.47364279343702,269.47364279343702,0,0,0,0.53506780893335104,3.4126827251823202,10.9247778891586,3000.0000000609298,32076.214304843401,0.83574827455325296,119.075932916593,9.2811933427583392e-06,1,1,3.64159264712442,104.839935807651,219.10252376265399,105.144860554736,9.1177274002547097,57
87.700000000000003,10.926692578382101,314.15926536490002,54.560959694695903,33550.865059479103,2610.48260704835,1372.9026812515101,0,528.24196218187603,14333.929401013,12674.0201129091,2041.33662197687,29578.363838258701,29655.954141726401,77.590303467608607,1920.9018590757,547.99917782484101,948.08464827297405,395.61954028884003,78.766821908559095,51.474524717237102,1.32893506714669,1.0521402000117499,29050.121876080299,14715.3567267909,0,10.9247778927414,269.47364289761703,269.47364289761703,0,0,0,0.53506780834566203,3.4126827262414499,10.9247778937061,3000.0000000565401,32076.214304749399,0.83574827491729398,119.075932912249,9.2976370069664006e-06,1,1,3.6415926455622598,104.839935807651,219.10252376265399,105.144860554736,9.1177274002547097,57
87.799999999999997,10.9266925808398,314.15926536444499,54.560959693782799,33581.759570020498,2611.8045887401299,1372.9026812515101,0,528.71879305672701,14345.864498004201,12688.824519510001,2043.69281646728,29607.936367112601,29685.526670580301,77.590303467608607,1920.9018590757,547.99917782484101,949.17712606239104,395.9489489005,78.851062625958704,51.534656483282198,1.33078484689873,1.0533402000115699,29079.217574057999,14732.5173277785,0,10.9247778959041,269.47364300371402,269.47364300371402,0,0,0,0.53506781086907496,3.4126827245266198,10.924777891432299,3000.00000005219,32076.2143046565,0.83574827529326401,119.07593290826399,9.3089620349928703e-06,1,1,3.64159264411634,104.839935807651,219.10252376265399,105.144860554736,9.1177274002547097,57
87.900000000000006,10.9266925852529,314.15926536399002,54.5609596925608,33612.654080574401,2613.1265704331799,1372.9026812515101,0,529.19562393184697,14357.7995950026,12703.6289261108,2046.0490109576799,29637.508895978801,29715.0991994465,77.590303467608607,1920.9018590757,547.99917782484101,950.26960385212703,396.27835751234198,78.935303343394295,51.594788249347701,1.33263462665077,1.0545402000113799,29108.3132720494,14749.6779287718,0,10.9247778991828,269.47364311370899,269.47364311370899,0,0,0,0.535067809329419,3.4126827260803299,10.924777898253501,3000.0000000478499,32076.214304563699,0.835748275968345,119.07593290293001,9.3153867055661993e-06,1,1,3.6415926427863701,104.839935807651,219.10252376265399,105.144860554736,9.1177274002547097,57
88,10.926692588074999,314.15926536353498,54.560959691561997,33643.548591143102,2614.4485521274,1372.9026812515101,0,529.67245480716895,14369.7346920081,12718.4333327117,2048.4052054480098,29667.081424857301,29744.671728325,77.590303467608607,1920.9018590757,547.99917782484101,951.36208164219499,396.60776612435899,79.019544060863694,51.654920015432701,1.3344844064028101,1.05574020001119,29137.408970052598,14766.838529770101,0,10.9247779025774,269.47364322760399,269.47364322760399,0,0,0,0.53506780889416605,3.4126827279737202,10.924777902801001,3000.0000000435102,32076.214304470799,0.835748276400055,119.07593289857,9.3162416305858608e-06,1,1,3.6415926415723598,104.839935807651,219.10252376265399,105.144860554736,9.1177274002547097,57
88.099999999999994,10.9266925919773,314.15926536318199,54.560959690517599,33674.443101723104,2615.7705338228302,1372.9026812515101,0,530.14928568278503,14381.6697890206,12733.237739312601,2050.76139993795,29696.653953748701,29774.2442572164,77.590303467608607,1920.9018590757,547.99917782484101,952.45455943256604,396.93717473663702,79.1037847783508,51.715051781526498,1.3363341861548499,1.056940200011,29166.504668068199,14783.9991307733,0,10.924777905049799,269.47364331054098,269.47364331054098,0,0,0,0.53506780900683903,3.41268272659407,10.9247779050747,3000.0000000401301,32076.2143043986,0.83574827699699505,119.075932894011,9.3343915068544397e-06,1,1,3.6415926404603098,104.839935807651,219.10252376265399,105.144860554736,9.1177274002547097,57
88.200000000000003,10.926692594053501,314.15926536284098,54.560959689648797,33705.337612316602,2617.0925155192099,1372.9026812515101,0,530.626116558543,14393.604886038,12748.0421459135,2053.1175944278998,29726.226482649301,29803.816786117,77.590303467608607,1920.9018590757,547.99917782484101,953.54703722318004,397.26658334904602,79.1880254958687,51.775183547634299,1.3381839659068799,1.05814020001082,29195.600366093298,14801.1597317798,0,10.924777907482399,269.47364339215301,269.47364339215301,0,0,0,0.53506780912583096,3.41268272667571,10.924777907348499,3000.00000003687,32076.2143043289,0.8357482773146,119.07593289021899,9.3481794465333206e-06,1,1,3.6415926394365101,104.839935807651,219.10252376265399,105.144860554736,9.1177274002547097,57
88.299999999999997,10.9266925962954,314.15926536249998,54.560959688800402,33736.2321229222,2618.41449721651,1372.9026812515101,0,531.10294743447503,14405.539983062199,12762.8465525144,2055.47378891785,29755.799011559699,29833.389315027402,77.590303467608607,1920.9018590757,547.99917782484101,954.63951501403903,397.595991961582,79.272266213409907,51.835315313757697,1.34003374565892,1.05934020001063,29224.696064127598,14818.320332789899,0,10.924777910002099,269.47364347668901,269.47364347668901,0,0,0,0.53506781036822704,3.41268272878018,10.924777907348499,3000.0000000336199,32076.214304259302,0.83574827765755599,119.075932886516,9.3577364168595506e-06,1,1,3.64159263849968,104.839935807651,219.10252376265399,105.144860554736,9.1177274002547097,57
88.400000000000006,10.9266925987839,314.15926536215898,54.560959687957798,33767.126633535503,2619.73647891472,1372.9026812515101,0,531.57977831064102,14417.4750800907,12777.650959115301,2057.8299834077998,29785.3715404789,29862.961843946599,77.590303467608607,1920.9018590757,547.99917782484101,955.73199280515405,397.92540057425401,79.356506930965693,51.8954470798963,1.34188352541094,1.06054020001044,29253.791762171,14835.480933803699,0,10.9247779126087,269.47364356414897,269.47364356414897,0,0,0,0.53506780954585598,3.4126827300373201,10.9247779118959,3000.0000000303598,32076.214304189602,0.83574827803822505,119.075932882838,9.3652524810750004e-06,1,1,3.64159263764981,104.839935807651,219.10252376265399,105.144860554736,9.1177274002547097,57
88.5,10.9266926014015,314.15926536181797,54.560959687117403,33798.021144159902,2621.0584606138,1372.9026812515101,0,532.05660918696299,14429.410177125599,12792.4553657162,2060.18617789775,29814.944069409001,29892.534372876798,77.590303467608607,1920.9018590757,547.99917782484101,956.82447059653703,398.25480918711298,79.440747648551294,51.955578846047302,1.34373330516254,1.06174020001025,29282.8874602246,14852.6415348214,0,10.9247779153023,269.47364365453302,269.47364365453302,0,0,0,0.53506780871594295,3.4126827286314398,10.9247779164434,3000.0000000271002,32076.21430412,0.83574827843865895,119.07593287917,9.3690796347800608e-06,1,1,3.6415926368869198,104.839935807651,219.10252376265399,105.144860554736,9.1177274002547097,57
88.599999999999994,10.9266926033928,314.15926536152,54.560959686340603,33828.915654796998,2622.3804423137899,1372.9026812515101,0,532.533440063483,14441.345274165,12807.2597723171,2062.5423723877002,29844.5165983486,29922.1069018163,77.590303467608607,1920.9018590757,547.99917782484101,957.91694838818205,398.58421780012401,79.524988366162603,52.015710612208899,1.3455830849141299,1.0629402000100701,29311.983158287399,14869.8021358431,0,10.9247779176408,269.47364373300201,269.47364373300201,0,0,0,0.53506780882264304,3.41268273052675,10.924777918717201,3000.0000000242599,32076.214304059198,0.83574827874327295,119.075932875779,9.3748385552316904e-06,1,1,3.6415926362079198,104.839935807651,219.10252376265399,105.144860554736,9.1177274002547097,57
88.700000000000003,10.9266926055816,314.15926536127898,54.560959685669999,33859.810165440897,2623.7024240145602,1372.9026812515101,0,533.01027094015001,14453.280371209599,12822.064178917901,2064.89856687764,29874.089127294101,29951.6794307618,77.590303467608607,1920.9018590757,547.99917782484101,959.00942618003103,398.913626413229,79.609229083789003,52.075842378382703,1.3474328646657301,1.0641402000098801,29341.078856358799,14886.9627368684,0,10.9247779194676,269.47364379429598,269.47364379429598,0,0,0,0.53506780963457101,3.4126827271760898,10.924777918717201,3000.0000000219602,32076.214304010002,0.83574827907810501,119.07593287285199,9.3920862127561105e-06,1,1,3.6415926355938999,104.839935807651,219.10252376265399,105.144860554736,9.1177274002547097,57
88.799999999999997,10.9266926079183,314.159265361042,54.560959685085301,33890.704676092602,2625.0244057158202,1372.9026812515101,0,533.48710181695003,14465.215468258401,12836.8685855188,2067.2547613675902,29903.661656247299,29981.251959714999,77.590303467608607,1920.9018590757,547.99917782484101,960.10190397205895,399.243035026445,79.693469801425493,52.135974144562503,1.34928264441732,1.0653402000096901,29370.1745544349,14904.1233378959,0,10.9247779213153,269.47364385629402,269.47364385629402,0,0,0,0.53506781058497399,3.41268273088482,10.924777918717201,3000.0000000197001,32076.214303961598,0.83574827943555996,119.07593287029999,9.4075076049193706e-06,1,1,3.6415926350410399,104.839935807651,219.10252376265399,105.144860554736,9.1177274002547097,57
88.900000000000006,10.9266926081315,314.15926536081503,54.560959684671303,33921.599186755397,2626.3463874177701,1372.9026812515101,0,533.963932693929,14477.1505653106,12851.6729921197,2069.6109558575399,29933.234185207701,30010.8244886754,77.590303467608607,1920.9018590757,547.99917782484101,961.19438176427104,399.57244363974303,79.777710519080301,52.196105910752898,1.35113242416892,1.0665402000094999,29399.270252518199,14921.283938925601,0,10.9247779231255,269.47364391703701,269.47364391703701,0,0,0,0.53506780935418796,3.4126827307018202,10.9247779232646,3000.0000000175301,32076.2143039152,0.83574827946816799,119.075932868493,9.41844336921349e-06,1,1,3.6415926345469201,104.839935807651,219.10252376265399,105.144860554736,9.1177274002547097,57
89,10.926692610865899,314.15926536058703,54.560959683950898,33952.493697421698,2627.6683691205199,1372.9026812515101,0,534.44076357096401,14489.0856623662,12866.477398720601,2071.9671503474901,29962.8067141754,30040.397017643201,77.590303467608607,1920.9018590757,547.99917782484101,962.28685955667095,399.901852253198,79.861951236761001,52.256237676956097,1.3529822039205099,1.0677402000093199,29428.365950609001,14938.4445399587,0,10.924777924993601,269.47364397973001,269.47364397973001,0,0,0,0.53506780914589402,3.41268272761832,10.9247779255384,3000.00000001536,32076.214303868801,0.83574827988646105,119.075932865349,9.4292408903129399e-06,1,1,3.64159263411078,104.839935807651,219.10252376265399,105.144860554736,9.1177274002547097,57
89.099999999999994,10.9266926124508,314.15926536036,54.560959683269303,33983.388208097997,2628.9903508239499,1372.9026812515101,0,534.91759444817296,14501.0207594276,12881.2818053215,2074.3233448374399,29992.379243151001,30069.9695466187,77.590303467608607,1920.9018590757,547.99917782484101,963.37933734925502,400.23126086680202,79.946191954448494,52.316369443171197,1.3548319836721101,1.0689402000091299,29457.461648707002,14955.605140994699,0,10.9247779269198,269.47364404437201,269.47364404437201,0,0,0,0.53506781009853999,3.41268272936609,10.9247779255384,3000.0000000131799,32076.214303822399,0.83574828012890301,119.075932862374,9.4365568656939996e-06,1,1,3.6415926337326199,104.839935807651,219.10252376265399,105.144860554736,9.1177274002547097,57
89.200000000000003,10.926692614984701,314.15926536013302,54.560959682561702,34014.282718779999,2630.3123325280799,1372.9026812515101,0,535.39442532553301,14512.955856492899,12896.0862119224,2076.6795393273901,30021.951772133601,30099.542075601301,77.590303467608607,1920.9018590757,547.99917782484101,964.47181514203203,400.56066948051,80.030432672155996,52.376501209392401,1.3566817634237001,1.0701402000089399,29486.557346813101,14972.7657420338,0,10.9247779289039,269.47364411096299,269.47364411096299,0,0,0,0.53506780902121198,3.4126827328993898,10.924777930085799,3000.0000000110099,32076.214303775901,0.83574828051652605,119.075932859285,9.4431270554196106e-06,1,1,3.6415926334124298,104.839935807651,219.10252376265399,105.144860554736,9.1177274002547097,57
89.299999999999997,10.9266926169242,314.15926535990502,54.560959681864801,34045.177229475303,2631.6343142329501,1372.9026812515101,0,535.87125620308905,14524.8909535618,12910.890618523301,2079.0357338173399,30051.5243011233,30129.114604591101,77.590303467608607,1920.9018590757,547.99917782484101,965.56429293501401,400.890078094324,80.114673389883805,52.436632975623297,1.3585315431753,1.07134020000875,29515.653044926101,14989.9263430764,0,10.9247779309461,269.47364417950502,269.47364417950502,0,0,0,0.535067809995735,3.4126827328293601,10.924777930085799,3000.0000000088398,32076.214303729499,0.83574828081322206,119.075932856243,9.4407223514281196e-06,1,1,3.6415926331502302,104.839935807651,219.10252376265399,105.144860554736,9.1177274002547097,57
89.400000000000006,10.926692619182599,314.15926535972699,54.560959681149797,34076.071740176099,2632.9562959385398,1372.9026812515101,0,536.34808708076298,14536.8260506361,12925.6950251242,2081.3919283072801,30081.096830122198,30158.687133589901,77.590303467608607,1920.9018590757,547.99917782484101,966.65677072819699,401.21948670824702,80.198914107637506,52.496764741863402,1.36038132292689,1.07254020000856,29544.748743046301,15007.0869441222,0,10.9247779325395,269.47364423298501,269.47364423298501,0,0,0,0.53506780963100598,3.4126827283276402,10.9247779323596,3000.00000000714,32076.214303693199,0.83574828115869904,119.075932853122,9.4492970674764399e-06,1,1,3.6415926329422499,104.839935807651,219.10252376265399,105.144860554736,9.1177274002547097,57
89.5,10.926692619654199,314.15926535960102,54.560959680927503,34106.9662508861,2634.2782776450399,1372.9026812515101,0,536.82491795845795,14548.7611477138,12940.499431725,2083.7481227972298,30110.669359126099,30188.259662593799,77.590303467608607,1920.9018590757,547.99917782484101,967.74924852150002,401.54889532222597,80.2831548254061,52.556896508110597,1.3622311026782401,1.07374020000838,29573.844441171099,15024.247545169899,0,10.9247779336535,269.47364427037297,269.47364427037297,0,0,0,0.53506780913434604,3.41268272929663,10.924777934633299,3000.0000000059299,32076.214303667301,0.835748281230838,119.07593285215199,9.4652496045455303e-06,1,1,3.64159263276927,104.839935807651,219.10252376265399,105.144860554736,9.1177274002547097,57
89.599999999999994,10.926692621467801,314.15926535948103,54.560959680349299,34137.860761595999,2635.60025935153,1372.9026812515101,0,537.30174883630502,14560.6962447936,12955.303838325901,2086.10431728718,30140.2418881351,30217.8321916028,77.590303467608607,1920.9018590757,547.99917782484101,968.84172631491697,401.87830393628798,80.367395543174695,52.617028274366199,1.36408088242939,1.07494020000819,29602.940139301401,15041.408146219799,0,10.924777934725499,269.473644306354,269.473644306354,0,0,0,0.53506780960986999,3.41268272718332,10.924777934633299,3000.0000000047899,32076.214303642799,0.83574828150826797,119.075932849628,9.4836068456061201e-06,1,1,3.6415926326280701,104.839935807651,219.10252376265399,105.144860554736,9.1177274002547097,57
89.700000000000003,10.9266926217582,314.159265359367,54.560959680186798,34168.755272317903,2636.92224105881,1372.9026812515101,0,537.77857971421997,14572.6313418749,12970.1082449268,2088.4605117771298,30169.814417145801,30247.404720613598,77.590303467608607,1920.9018590757,547.99917782484101,969.93420410843498,402.20771255043002,80.451636260943204,52.677160040627598,1.36593066218054,1.076140200008,29632.035837435698,15058.5687472711,0,10.9247779357657,269.47364434126899,269.47364434126899,0,0,0,0.53506780908816498,3.4126827287263102,10.924777936907001,3000.0000000036998,32076.214303619599,0.83574828155268999,119.075932848919,9.4951028586365299e-06,1,1,3.6415926325161299,104.839935807651,219.10252376265399,105.144860554736,9.1177274002547097,57
89.799999999999997,10.926692623867799,314.15926535925303,54.560959679682099,34199.649783042398,2638.24422276622,1372.9026812515101,0,538.25541059222701,14584.566438958,12984.9126515277,2090.81670626708,30199.386946161099,30276.977249628799,77.590303467608607,1920.9018590757,547.99917782484101,971.02668190205998,402.53712116465402,80.535876978726293,52.737291806894298,1.3677804419316899,1.0773402000078101,29661.131535574299,15075.729348324099,0,10.9247779368349,269.47364437715902,269.47364437715902,0,0,0,0.53506780959107203,3.41268272821709,10.924777936907001,3000.0000000026198,32076.2143035964,0.83574828187540495,119.075932846716,9.5048671937547607e-06,1,1,3.64159263243319,104.839935807651,219.10252376265399,105.144860554736,9.1177274002547097,57
89.900000000000006,10.9266926239467,314.15926535914002,54.5609596794488,34230.5442937669,2639.5662044738001,1372.9026812515101,0,538.73224147034296,14596.501536043699,12999.717058128599,2093.1729007570302,30228.959475181098,30306.549778648801,77.590303467608607,1920.9018590757,547.99917782484101,972.11915969579104,402.86652977897501,80.620117696523295,52.797423573170001,1.36963022168284,1.0785402000076301,29690.227233716301,15092.8899493791,0,10.924777937933101,269.47364441402402,269.47364441402402,0,0,0,0.53506781013520199,3.4126827293458701,10.924777936907001,3000.0000000015302,32076.214303573201,0.83574828188747596,119.075932845697,9.5184150268323703e-06,1,1,3.6415926323792398,104.839935807651,219.10252376265399,105.144860554736,9.1177274002547097,57
89.969999999999999,10.9266926248189,314.15926535905999,54.5609596792779,34252.170451274003,2640.49159166962,1372.9026812515101,0,539.06602308503102,14604.856104004901,13010.080142749201,2094.82223689999,30249.660245495801,30327.2505489635,77.590303467608607,1920.9018590757,547.99917782484101,972.88389415146901,403.09711580899898,80.679086198981196,52.839515809562897,1.37092506750865,1.0793802000074999,29710.594222416301,15104.902370118099,0,10.9247779387191,269.47364444040898,269.47364444040898,0,0,0,0.53506781052882801,3.4126827303802498,10.924777936907001,3000.0000000007699,32076.214303556899,0.83574828202090201,119.07593284495201,9.5297436928376606e-06,1,1,3.64159263235873,104.839935807651,219.10252376265399,105.144860554736,9.1177274002547097,57
89.980000000000004,10.926692624891601,314.15926535904902,54.560959679236603,34255.259902346399,2640.6237898404502,1372.9026812515101,0,539.11370617284501,14606.0496137137,13011.5605834093,2095.0578563489798,30252.6174983981,30330.207801865799,77.590303467608607,1920.9018590757,547.99917782484101,972.99314193085797,403.130056670432,80.687510270760896,52.845528986190402,1.3711100454837699,1.07950020000748,29713.503792230698,15106.618430224,0,10.9247779388326,269.473644444218,269.473644444218,0,0,0,0.53506780950657096,3.41268272867485,10.9247779391808,3000.0000000006598,32076.2143035546,0.835748282032029,119.075932844771,9.5313880592584593e-06,1,1,3.6415926323569598,104.839935807651,219.10252376265399,105.144860554736,9.1177274002547097,57
89.989999999999995,10.926692624845099,314.15926535903702,54.5609596792087,34258.349353418896,2640.7559880112799,1372.9026812515101,0,539.16138926066003,14607.243123422601,13013.0410240694,2095.2934757979801,30255.574751300501,30333.1650547682,77.590303467608607,1920.9018590757,547.99917782484101,973.10238971024705,403.16299753186399,80.695934342540596,52.851542162817999,1.3712950234588801,1.07962020000746,29716.413362045201,15108.3344903298,0,10.924777938946299,269.473644448036,269.473644448036,0,0,0,0.53506780955098299,3.4126827281384,10.9247779391808,3000.0000000005498,32076.2143035523,0.83574828202491203,119.07593284465,9.5330760814249499e-06,1,1,3.6415926323554699,104.839935807651,219.10252376265399,105.144860554736,9.1177274002547097,57
90,10.926692626094599,314.15926535902599,54.560959679091198,34261.4388044921,2640.8881861821201,1372.9026812515101,0,539.20907234848301,14608.4366331317,13014.5214647295,2095.52909524697,30258.532004203302,30336.122307671001,77.590303467608607,1920.9018590757,547.99917782484101,973.21163748963602,403.195938393304,80.704358414322499,52.857555339446002,1.3714800014340001,1.0797402000074401,29719.322931860301,15110.050550435601,0,10.924777938946299,269.473644448036,269.473644448036,0,0,0,0.53506781060256403,3.41268272842869,10.9247779391808,3000.0000000004502,32076.214303550001,0.83574828221604702,119.075932844137,9.5340292318724096e-06,1,1,3.6415926323554699,104.839935807651,219.10252376265399,105.144860554736,9.1177274002547097,57
