time_s,n_rpm,fit_n_rpm,residual_rpm
0.000000000000000000e+00,2.864788975654116257e+03,2.864788975654116257e+03,0.000000000000000000e+00
1.000000000000000056e-01,2.861276942152192532e+03,2.861276942573383621e+03,-4.211910891172010452e-07
2.000000000000000111e-01,2.857769120562817534e+03,2.857769121404189718e+03,-8.413721843680832535e-07
3.000000000000000444e-01,2.854265505834728629e+03,2.854265507095273733e+03,-1.260545104742050171e-06
4.000000000000000222e-01,2.850766092922719963e+03,2.850766094601430723e+03,-1.678710759733803570e-06
5.000000000000000000e-01,2.847270876787635643e+03,2.847270878883507066e+03,-2.095871423080097884e-06
6.000000000000000888e-01,2.843779852396363822e+03,2.843779854908393645e+03,-2.512029823265038431e-06
7.000000000000000666e-01,2.840293014721829422e+03,2.840293017649015383e+03,-2.927185960288625211e-06
8.000000000000000444e-01,2.836810358742984590e+03,2.836810362084328517e+03,-3.341343926877016202e-06
9.000000000000000222e-01,2.833331879444805509e+03,2.833331883199309686e+03,-3.754504177777562290e-06
1.000000000000000000e+00,2.829857571818280576e+03,2.829857575984948653e+03,-4.166668077232316136e-06
1.100000000000000089e+00,2.826387430860405857e+03,2.826387435438244211e+03,-4.577838353725383058e-06
1.200000000000000178e+00,2.822921451574178718e+03,2.822921456562194635e+03,-4.988015916751464829e-06
1.300000000000000044e+00,2.819459628968588277e+03,2.819459634365791317e+03,-5.397203040047315881e-06
1.400000000000000133e+00,2.816001958058608125e+03,2.816001963864009213e+03,-5.805401087854988873e-06
1.500000000000000000e+00,2.812548433865192237e+03,2.812548440077806390e+03,-6.212614152900641784e-06
1.600000000000000089e+00,2.809099051415265876e+03,2.809099058034106292e+03,-6.618840416194871068e-06
1.700000000000000178e+00,2.805653805741717406e+03,2.805653812765800922e+03,-7.024083515716483817e-06
1.800000000000000044e+00,2.802212691883391926e+03,2.802212699311737651e+03,-7.428345725202234462e-06
1.900000000000000133e+00,2.798775704885084906e+03,2.798775712716712860e+03,-7.831627954146824777e-06
2.000000000000000000e+00,2.795342839797534907e+03,2.795342848031468293e+03,-8.233933385781710967e-06
2.100000000000000089e+00,2.791914091677415399e+03,2.791914100312676965e+03,-8.635261565359542146e-06
2.200000000000000178e+00,2.788489455587328848e+03,2.788489464622943160e+03,-9.035614311869721860e-06
2.300000000000000266e+00,2.785068926595798530e+03,2.785068936030793793e+03,-9.434995263291057199e-06
2.400000000000000355e+00,2.781652499777261710e+03,2.781652509610666584e+03,-9.833404874370899051e-06
2.500000000000000000e+00,2.778240170212063731e+03,2.778240180442909605e+03,-1.023084587359335274e-05
2.600000000000000089e+00,2.774831932986449374e+03,2.774831943613768999e+03,-1.062731962520047091e-05
2.700000000000000178e+00,2.771427783192555580e+03,2.771427794215383074e+03,-1.102282749343430623e-05
2.800000000000000266e+00,2.768027715928406451e+03,2.768027727345777294e+03,-1.141737084253691137e-05
2.900000000000000355e+00,2.764631726297905516e+03,2.764631738108859281e+03,-1.181095376523444429e-05
3.000000000000000000e+00,2.761239809410826183e+03,2.761239821614400626e+03,-1.220357444253750145e-05
3.100000000000000089e+00,2.757851960382807647e+03,2.757851972978044159e+03,-1.259523651242488995e-05
3.200000000000000178e+00,2.754468174335347157e+03,2.754468187321289406e+03,-1.298594224863336422e-05
3.300000000000000266e+00,2.751088446395791379e+03,2.751088459771483485e+03,-1.337569210591027513e-05
3.400000000000000355e+00,2.747712771697332300e+03,2.747712785461821568e+03,-1.376448926748707891e-05
3.500000000000000000e+00,2.744341145378997226e+03,2.744341159531331414e+03,-1.415233418811112642e-05
3.600000000000000089e+00,2.740973562585644686e+03,2.740973577124873827e+03,-1.453922914151917212e-05
3.700000000000000178e+00,2.737610018467953978e+03,2.737610033393129015e+03,-1.492517503720591776e-05
3.800000000000000266e+00,2.734250508182420617e+03,2.734250523492596130e+03,-1.531017551315017045e-05
3.900000000000000355e+00,2.730895026891349971e+03,2.730895042585579631e+03,-1.569422965985722840e-05
4.000000000000000000e+00,2.727543569762848165e+03,2.727543585840190190e+03,-1.607734202480060048e-05
4.100000000000000533e+00,2.724196131970816168e+03,2.724196148430328321e+03,-1.645951215323293582e-05
4.200000000000000178e+00,2.720852708694943431e+03,2.720852725535686204e+03,-1.684074277363833971e-05
4.299999999999999822e+00,2.717513295120700150e+03,2.717513312341735400e+03,-1.722103525025886483e-05
4.400000000000000355e+00,2.714177886439328631e+03,2.714177904039720488e+03,-1.760039185683126561e-05
4.500000000000000000e+00,2.710846477847841015e+03,2.710846495826653609e+03,-1.797881259335554205e-05
4.600000000000000533e+00,2.707519064549008817e+03,2.707519082905309460e+03,-1.835630064306315035e-05
4.700000000000000178e+00,2.704195641751354742e+03,2.704195660484212567e+03,-1.873285782494349405e-05
4.800000000000000711e+00,2.700876204669150866e+03,2.700876223777636369e+03,-1.910848550323862582e-05
4.900000000000000355e+00,2.697560748522406357e+03,2.697560768005592308e+03,-1.948318595168530010e-05
5.000000000000000000e+00,2.694249268536865202e+03,2.694249288393823008e+03,-1.985695780604146421e-05
5.100000000000000533e+00,2.690941759943993475e+03,2.690941780173800453e+03,-2.022980697802267969e-05
5.200000000000000178e+00,2.687638217980979334e+03,2.687638238582712347e+03,-2.060173301288159564e-05
5.300000000000000711e+00,2.684338637890721202e+03,2.684338658863459386e+03,-2.097273818435496651e-05
5.400000000000000355e+00,2.681043014921824579e+03,2.681043036264647981e+03,-2.134282340193749405e-05
5.500000000000000000e+00,2.677751344328590676e+03,2.677751366040582070e+03,-2.171199139411328360e-05
5.600000000000000533e+00,2.674463621371013687e+03,2.674463643451255848e+03,-2.208024216088233516e-05
5.700000000000000178e+00,2.671179841314771693e+03,2.671179863762350578e+03,-2.244757888547610492e-05
5.800000000000000711e+00,2.667899999431220749e+03,2.667900022245223226e+03,-2.281400247738929465e-05
5.900000000000000355e+00,2.664624090997388976e+03,2.664624114176904186e+03,-2.317951521035865881e-05
6.000000000000000000e+00,2.661352111295966097e+03,2.661352134840084545e+03,-2.354411844862625003e-05
6.100000000000000533e+00,2.658084055615302077e+03,2.658084079523115633e+03,-2.390781355643412098e-05
6.200000000000000178e+00,2.654819919249394843e+03,2.654819943519998105e+03,-2.427060326226637699e-05
6.300000000000000711e+00,2.651559697497888919e+03,2.651559722130377395e+03,-2.463248847561771981e-05
6.400000000000000355e+00,2.648303385666064514e+03,2.648303410659533256e+03,-2.499346874174079858e-05
6.500000000000000000e+00,2.645050979064830699e+03,2.645051004418380217e+03,-2.535354951760382392e-05
6.600000000000000533e+00,2.641802473010721769e+03,2.641802498723452118e+03,-2.571273034845944494e-05
6.700000000000000178e+00,2.638557862825889060e+03,2.638557888896902114e+03,-2.607101305329706520e-05
6.800000000000000711e+00,2.635317143838092306e+03,2.635317170266493122e+03,-2.642840081534814090e-05
6.900000000000000355e+00,2.632080311380697367e+03,2.632080338165589183e+03,-2.678489181562326849e-05
7.000000000000000000e+00,2.628847360792663039e+03,2.628847387933153641e+03,-2.714049060159595683e-05
7.100000000000000533e+00,2.625618287418540604e+03,2.625618314913739141e+03,-2.749519853750825860e-05
7.200000000000000178e+00,2.622393086608464728e+03,2.622393114457479896e+03,-2.784901516861282289e-05
7.300000000000000711e+00,2.619171753718144828e+03,2.619171781920089416e+03,-2.820194458763580769e-05
7.400000000000000355e+00,2.615954284108860975e+03,2.615954312662848679e+03,-2.855398770407191478e-05
7.500000000000000000e+00,2.612740673147456164e+03,2.612740702052600682e+03,-2.890514451792114414e-05
7.600000000000000533e+00,2.609530916206330403e+03,2.609530945461749980e+03,-2.925541957665700465e-05
7.700000000000000178e+00,2.606325008663433437e+03,2.606325038268244953e+03,-2.960481151603744365e-05
7.800000000000000711e+00,2.603122945902257470e+03,2.603122975855581444e+03,-2.995332397404126823e-05
7.900000000000000355e+00,2.599924723311831713e+03,2.599924753612790028e+03,-3.030095831491053104e-05
8.000000000000000000e+00,2.596730336286715101e+03,2.596730366934430094e+03,-3.064771499339258298e-05
8.099999999999999645e+00,2.593539780226989478e+03,2.593539811220586671e+03,-3.099359719271888025e-05
8.200000000000001066e+00,2.590353050538253683e+03,2.590353081876858596e+03,-3.133860491288942285e-05
8.300000000000000711e+00,2.587170142631616272e+03,2.587170174314358064e+03,-3.168274179188301787e-05
8.400000000000000355e+00,2.583991051923689611e+03,2.583991083949696986e+03,-3.202600737495231442e-05
8.500000000000000000e+00,2.580815773836583048e+03,2.580815806204986984e+03,-3.236840393583406694e-05
8.599999999999999645e+00,2.577644303797894736e+03,2.577644336507827120e+03,-3.270993238402297720e-05
8.700000000000001066e+00,2.574476637240707078e+03,2.574476670291303890e+03,-3.305059681224520318e-05
8.800000000000000711e+00,2.571312769603580819e+03,2.571312802993976675e+03,-3.339039585625869222e-05
8.900000000000000355e+00,2.568152696330545041e+03,2.568152730059877740e+03,-3.372933269929490052e-05
9.000000000000000000e+00,2.564996412871093980e+03,2.564996446938502686e+03,-3.406740870559588075e-05
9.099999999999999645e+00,2.561843914680178841e+03,2.561843949084803626e+03,-3.440462478465633467e-05
9.200000000000001066e+00,2.558695197218202338e+03,2.558695231959184639e+03,-3.474098230071831495e-05
9.300000000000000711e+00,2.555550255951009149e+03,2.555550291027494950e+03,-3.507648580125533044e-05
9.400000000000000355e+00,2.552409086349885001e+03,2.552409121761018014e+03,-3.541113301253062673e-05
9.500000000000000000e+00,2.549271683891543944e+03,2.549271719636471971e+03,-3.574492802727036178e-05
9.600000000000001421e+00,2.546138044058126980e+03,2.546138080135997825e+03,-3.607787084547453560e-05
9.700000000000001066e+00,2.543008162337191152e+03,2.543008198747155348e+03,-3.640996419562725350e-05
9.800000000000000711e+00,2.539882034221707272e+03,2.539882070962915805e+03,-3.674120853247586638e-05
9.900000000000000355e+00,2.536759655210049914e+03,2.536759692281655589e+03,-3.707160567500977777e-05
1.000000000000000000e+01,2.533641020805992412e+03,2.533641058207150763e+03,-3.740115835171309300e-05
1.010000000000000142e+01,2.530526126518700494e+03,2.530526164248567511e+03,-3.772986701733316295e-05
1.020000000000000107e+01,2.527414967862726371e+03,2.527415005920459862e+03,-3.805773349085939117e-05
1.030000000000000071e+01,2.524307540358001461e+03,2.524307578742760143e+03,-3.838475868178647943e-05
1.040000000000000036e+01,2.521203839529828201e+03,2.521203878240773975e+03,-3.871094577334588394e-05
1.050000000000000000e+01,2.518103860908878687e+03,2.518103899945172543e+03,-3.903629385604290292e-05
1.060000000000000142e+01,2.515007600031181937e+03,2.515007639391989414e+03,-3.936080747735104524e-05
1.070000000000000107e+01,2.511915052438121620e+03,2.511915092122607348e+03,-3.968448572777560912e-05
1.080000000000000071e+01,2.508826213676429688e+03,2.508826253683760569e+03,-4.000733088105334900e-05
1.090000000000000036e+01,2.505741079298177283e+03,2.505741119627522949e+03,-4.032934566566837020e-05
1.100000000000000000e+01,2.502659644860769276e+03,2.502659685511298903e+03,-4.065052962687332183e-05
1.110000000000000142e+01,2.499581905926941545e+03,2.499581946897826583e+03,-4.097088503840495832e-05
1.120000000000000107e+01,2.496507858064747779e+03,2.496507899355161953e+03,-4.129041417400003411e-05
1.130000000000000071e+01,2.493437496847560396e+03,2.493437538456676975e+03,-4.160911657891119830e-05
1.140000000000000036e+01,2.490370817854056440e+03,2.490370859781053241e+03,-4.192699680061195977e-05
1.150000000000000000e+01,2.487307816668218948e+03,2.487307858912273787e+03,-4.224405483910231851e-05
1.160000000000000142e+01,2.484248488879325578e+03,2.484248531439617182e+03,-4.256029160387697630e-05
1.170000000000000107e+01,2.481192830081943612e+03,2.481192872957652071e+03,-4.287570845917798579e-05
1.180000000000000071e+01,2.478140835875924040e+03,2.478140879066232173e+03,-4.319030813348945230e-05
1.190000000000000036e+01,2.475092501866394741e+03,2.475092545370485823e+03,-4.350409108155872673e-05
1.200000000000000000e+01,2.472047823663754116e+03,2.472047867480814148e+03,-4.381706003186991438e-05
1.210000000000000142e+01,2.469006796883664720e+03,2.469006841012879704e+03,-4.412921498442301527e-05
1.220000000000000107e+01,2.465969417147047807e+03,2.465969461587605565e+03,-4.444055775820743293e-05
1.230000000000000071e+01,2.462935680080076054e+03,2.462935724831167136e+03,-4.475109108170727268e-05
1.240000000000000036e+01,2.459905581314166739e+03,2.459905626374983513e+03,-4.506081677391193807e-05
1.250000000000000000e+01,2.456879116485978557e+03,2.456879161855712482e+03,-4.536973392532672733e-05
1.260000000000000142e+01,2.453856281237401163e+03,2.453856326915245972e+03,-4.567784480968839489e-05
1.270000000000000107e+01,2.450837071215550168e+03,2.450837117200702778e+03,-4.598515261022839695e-05
1.280000000000000071e+01,2.447821482072763501e+03,2.447821528364420828e+03,-4.629165732694673352e-05
1.290000000000000036e+01,2.444809509466592317e+03,2.444809556063952186e+03,-4.659735986933810636e-05
1.300000000000000000e+01,2.441801149059795989e+03,2.441801195962059410e+03,-4.690226342063397169e-05
1.310000000000000142e+01,2.438796396520333928e+03,2.438796443726702364e+03,-4.720636843558168039e-05
1.320000000000000107e+01,2.435795247521362853e+03,2.435795295031039586e+03,-4.750967673317063600e-05
1.330000000000000071e+01,2.432797697741227239e+03,2.432797745553416462e+03,-4.781218922289554030e-05
1.340000000000000036e+01,2.429803742863454772e+03,2.429803790977362951e+03,-4.811390817849314772e-05
1.350000000000000000e+01,2.426813378576750438e+03,2.426813426991584947e+03,-4.841483450945816003e-05
1.360000000000000142e+01,2.423826600574988333e+03,2.423826649289958823e+03,-4.871497048952733167e-05
1.370000000000000107e+01,2.420843404557208487e+03,2.420843453571524151e+03,-4.901431566395331174e-05
1.380000000000000071e+01,2.417863786227607761e+03,2.417863835540480977e+03,-4.931287321596755646e-05
1.390000000000000036e+01,2.414887741295535307e+03,2.414887790906180271e+03,-4.961064496455946937e-05
1.400000000000000000e+01,2.411915265475485739e+03,2.411915315383116194e+03,-4.990763045498169959e-05
1.410000000000000142e+01,2.408946354487093231e+03,2.408946404690926101e+03,-5.020383287046570331e-05
1.420000000000000107e+01,2.405981004055126050e+03,2.405981054554378716e+03,-5.049925266575883143e-05
1.430000000000000071e+01,2.403019209909477922e+03,2.403019260703370492e+03,-5.079389256934518926e-05
1.440000000000000036e+01,2.400060967785166213e+03,2.400061018872918794e+03,-5.108775258122477680e-05
1.450000000000000000e+01,2.397106273422321010e+03,2.397106324803155530e+03,-5.138083452038699761e-05
1.460000000000000142e+01,2.394155122566182399e+03,2.394155174239321695e+03,-5.167313929632655345e-05
1.470000000000000107e+01,2.391207510967091366e+03,2.391207562931761913e+03,-5.196467054702225141e-05
1.480000000000000071e+01,2.388263434380488434e+03,2.388263486635915342e+03,-5.225542690823203884e-05
1.490000000000000036e+01,2.385322888566900474e+03,2.385322941112313401e+03,-5.254541292742942460e-05
1.500000000000000000e+01,2.382385869291943436e+03,2.382385922126570222e+03,-5.283462678562500514e-05
1.510000000000000142e+01,2.379452372326308250e+03,2.379452425449379916e+03,-5.312307166605023667e-05
1.520000000000000107e+01,2.376522393445758098e+03,2.376522446856507031e+03,-5.341074893294717185e-05
1.530000000000000071e+01,2.373595928431123866e+03,2.373595982128782907e+03,-5.369765904106316157e-05
1.540000000000000036e+01,2.370672973068294596e+03,2.370673027052099769e+03,-5.398380517362966202e-05
1.550000000000000000e+01,2.367753523148214754e+03,2.367753577417401630e+03,-5.426918687589932233e-05
1.560000000000000142e+01,2.364837574466875139e+03,2.364837629020682471e+03,-5.455380733110359870e-05
1.570000000000000107e+01,2.361925122825310154e+03,2.361925177662976694e+03,-5.483766653924249113e-05
1.580000000000000071e+01,2.359016164029588253e+03,2.359016219150354118e+03,-5.512076586455805227e-05
1.590000000000000036e+01,2.356110693890808307e+03,2.356110749293916342e+03,-5.540310803553438745e-05
1.600000000000000000e+01,2.353208708225092778e+03,2.353208763909786285e+03,-5.568469350691884756e-05
1.610000000000000142e+01,2.350310202853582268e+03,2.350310258819105911e+03,-5.596552364295348525e-05
1.619999999999999929e+01,2.347415173602427785e+03,2.347415229848028503e+03,-5.624560071737505496e-05
1.630000000000000071e+01,2.344523616302787559e+03,2.344523672827712744e+03,-5.652492518493090756e-05
1.640000000000000213e+01,2.341635526790817948e+03,2.341635583594316813e+03,-5.680349886461044662e-05
1.650000000000000000e+01,2.338750900907669802e+03,2.338750957988992468e+03,-5.708132266590837389e-05
1.660000000000000142e+01,2.335869734499481183e+03,2.335869791857880045e+03,-5.735839886256144382e-05
1.669999999999999929e+01,2.332992023417372366e+03,2.332992081052100730e+03,-5.763472836406435817e-05
1.680000000000000071e+01,2.330117763517438561e+03,2.330117821427750641e+03,-5.791031207991181873e-05
1.690000000000000213e+01,2.327246950660745370e+03,2.327247008845897199e+03,-5.818515182909322903e-05
1.700000000000000000e+01,2.324379580713321502e+03,2.324379639172570933e+03,-5.845924943059799261e-05
1.710000000000000142e+01,2.321515649546152872e+03,2.321515708278759121e+03,-5.873260624866816215e-05
1.719999999999999929e+01,2.318655153035179410e+03,2.318655212040403057e+03,-5.900522364754579030e-05
1.730000000000000071e+01,2.315798087061285514e+03,2.315798146338387141e+03,-5.927710162723087706e-05
1.740000000000000213e+01,2.312944447510295049e+03,2.312944507058537965e+03,-5.954824291620752774e-05
1.750000000000000000e+01,2.310094230272967252e+03,2.310094290091616131e+03,-5.981864887871779501e-05
1.760000000000000142e+01,2.307247431244988093e+03,2.307247491333308517e+03,-6.008832042425638065e-05
1.769999999999999929e+01,2.304404046326967546e+03,2.304404106684226463e+03,-6.035725891706533730e-05
1.780000000000000071e+01,2.301564071424429130e+03,2.301564132049895761e+03,-6.062546663088141941e-05
1.790000000000000213e+01,2.298727502447809911e+03,2.298727563340753477e+03,-6.089294356570462696e-05
1.800000000000000000e+01,2.295894335312450039e+03,2.295894396472142034e+03,-6.115969199527171440e-05
1.810000000000000142e+01,2.293064565938587293e+03,2.293064627364299668e+03,-6.142571237433003262e-05
1.819999999999999929e+01,2.290238190251354808e+03,2.290238251942362240e+03,-6.169100743136368692e-05
1.830000000000000071e+01,2.287415204180769706e+03,2.287415266136347327e+03,-6.195557762112002820e-05
1.840000000000000213e+01,2.284595603661731730e+03,2.284595665881156947e+03,-6.221942521733581088e-05
1.850000000000000000e+01,2.281779384634016878e+03,2.281779447116566189e+03,-6.248254931051633321e-05
1.860000000000000142e+01,2.278966543042267404e+03,2.278966605787221852e+03,-6.274495444813510403e-05
1.869999999999999929e+01,2.276157074835992717e+03,2.276157137842632437e+03,-6.300663972069742158e-05
1.880000000000000071e+01,2.273350975969557112e+03,2.273351039237164059e+03,-6.326760694719268940e-05
1.890000000000000213e+01,2.270548242402177948e+03,2.270548305930035440e+03,-6.352785749186296016e-05
1.900000000000000000e+01,2.267748870097917916e+03,2.267748933885311089e+03,-6.378739317369763739e-05
1.910000000000000142e+01,2.264952855025682311e+03,2.264952919071896304e+03,-6.404621399269672111e-05
1.920000000000000284e+01,2.262160193159206301e+03,2.262160257463529433e+03,-6.430432313209166750e-05
1.930000000000000071e+01,2.259370880477058108e+03,2.259370945038779155e+03,-6.456172104662982747e-05
1.940000000000000213e+01,2.256584912962626277e+03,2.256584977781034922e+03,-6.481840864580590278e-05
1.950000000000000000e+01,2.253802286604117398e+03,2.253802351678505147e+03,-6.507438774860929698e-05
1.960000000000000142e+01,2.251022997394548383e+03,2.251023062724209012e+03,-6.532966062877676450e-05
1.970000000000000284e+01,2.248247041331743276e+03,2.248247106915970107e+03,-6.558422683156095445e-05
1.980000000000000071e+01,2.245474414418324614e+03,2.245474480256412789e+03,-6.583808817595127039e-05
1.990000000000000213e+01,2.242705112661708881e+03,2.242705178752955362e+03,-6.609124648093711585e-05
2.000000000000000000e+01,2.239939132074100598e+03,2.239939198417804619e+03,-6.634370402025524527e-05
2.010000000000000142e+01,2.237176468672488227e+03,2.237176535267947656e+03,-6.659545942966360599e-05
2.020000000000000284e+01,2.234417118478635530e+03,2.234417185325151422e+03,-6.684651589239365421e-05
2.030000000000000071e+01,2.231661077519077480e+03,2.231661144615952708e+03,-6.709687522743479349e-05
2.040000000000000213e+01,2.228908341825115258e+03,2.228908409171652238e+03,-6.734653698003967293e-05
2.050000000000000000e+01,2.226158907432808519e+03,2.226158975028312398e+03,-6.759550387869239785e-05
2.060000000000000142e+01,2.223412770382971303e+03,2.223412838226748590e+03,-6.784377728763502091e-05
2.070000000000000284e+01,2.220669926721166121e+03,2.220669994812522873e+03,-6.809135675212019123e-05
2.080000000000000071e+01,2.217930372497697135e+03,2.217930440835942591e+03,-6.833824545537936501e-05
2.090000000000000213e+01,2.215194103767606066e+03,2.215194172352049918e+03,-6.858444385215989314e-05
2.100000000000000000e+01,2.212461116590665370e+03,2.212461185420619131e+03,-6.882995376145117916e-05
2.110000000000000142e+01,2.209731407031373237e+03,2.209731476106149330e+03,-6.907477609274792485e-05
2.120000000000000284e+01,2.207004971158947228e+03,2.207005040477859438e+03,-6.931891221029218286e-05
2.130000000000000071e+01,2.204281805047319267e+03,2.204281874609682291e+03,-6.956236302357865497e-05
2.140000000000000213e+01,2.201561904775129733e+03,2.201561974580259630e+03,-6.980512989684939384e-05
2.150000000000000000e+01,2.198845266425721547e+03,2.198845336472937106e+03,-7.004721555858850479e-05
2.160000000000000142e+01,2.196131886087135626e+03,2.196131956375754726e+03,-7.028861909930128604e-05
2.170000000000000284e+01,2.193421759852103150e+03,2.193421830381446853e+03,-7.052934370221919380e-05
2.180000000000000071e+01,2.190714883818041926e+03,2.190714954587431293e+03,-7.076938936734222807e-05
2.190000000000000213e+01,2.188011254087050474e+03,2.188011325095808388e+03,-7.100875791365979239e-05
2.200000000000000000e+01,2.185310866765900755e+03,2.185310938013351461e+03,-7.124745070541393943e-05
2.210000000000000142e+01,2.182613717966035438e+03,2.182613789451504545e+03,-7.148546910684672184e-05
2.220000000000000284e+01,2.179919803803559262e+03,2.179919875526372834e+03,-7.172281357270549051e-05
2.230000000000000071e+01,2.177229120399235853e+03,2.177229192358721775e+03,-7.195948592197964899e-05
2.240000000000000213e+01,2.174541663878479540e+03,2.174541736073967058e+03,-7.219548751891124994e-05
2.250000000000000000e+01,2.171857430371353530e+03,2.171857502802173258e+03,-7.243081972774234600e-05
2.260000000000000142e+01,2.169176416012560821e+03,2.169176488678044734e+03,-7.266548391271498986e-05
2.270000000000000284e+01,2.166498616941440105e+03,2.166498689840920633e+03,-7.289948052857653238e-05
2.280000000000000071e+01,2.163824029301960763e+03,2.163824102434772158e+03,-7.313281139431637712e-05
2.290000000000000213e+01,2.161152649242715142e+03,2.161152722608193017e+03,-7.336547787417657673e-05
2.300000000000000000e+01,2.158484472916916275e+03,2.158484546514398062e+03,-7.359748178714653477e-05
2.310000000000000142e+01,2.155819496482389695e+03,2.155819570311212829e+03,-7.382882313322625123e-05
2.320000000000000284e+01,2.153157716101569349e+03,2.153157790161072171e+03,-7.405950282191042788e-05
2.330000000000000071e+01,2.150499127941489860e+03,2.150499202231013896e+03,-7.428952403643052094e-05
2.340000000000000213e+01,2.147843728173784257e+03,2.147843802692671488e+03,-7.451888723153388128e-05
2.350000000000000000e+01,2.145191512974676698e+03,2.145191587722270015e+03,-7.474759331671521068e-05
2.360000000000000142e+01,2.142542478524977014e+03,2.142542553500620215e+03,-7.497564320146921091e-05
2.370000000000000284e+01,2.139896621010074796e+03,2.139896696213113501e+03,-7.520303870478528552e-05
2.380000000000000071e+01,2.137253936619934848e+03,2.137254012049716039e+03,-7.542978119090548716e-05
2.390000000000000213e+01,2.134614421549091276e+03,2.134614497204962390e+03,-7.565587111457716674e-05
2.400000000000000000e+01,2.131978071996641575e+03,2.131978147877951869e+03,-7.588131029478972778e-05
2.410000000000000142e+01,2.129344884166242537e+03,2.129344960272343087e+03,-7.610610055053257383e-05
2.420000000000000284e+01,2.126714854266102066e+03,2.126714930596344857e+03,-7.633024279130040668e-05
2.430000000000000071e+01,2.124087978508978267e+03,2.124088055062715739e+03,-7.655373747184057720e-05
2.440000000000000213e+01,2.121464253112168535e+03,2.121464329888754037e+03,-7.677658550164778717e-05
2.450000000000000000e+01,2.118843674297508187e+03,2.118843751296298251e+03,-7.699879006395349279e-05
2.460000000000000142e+01,2.116226238291363188e+03,2.116226315511713437e+03,-7.722035024926299229e-05
2.470000000000000284e+01,2.113611941324625150e+03,2.113612018765893936e+03,-7.744126878606039099e-05
2.480000000000000071e+01,2.111000779632706326e+03,2.111000857294252910e+03,-7.766154658384039067e-05
2.490000000000000213e+01,2.108392749455532339e+03,2.108392827336716891e+03,-7.788118455209769309e-05
2.500000000000000000e+01,2.105787847037540814e+03,2.105787925137724415e+03,-7.810018360032700002e-05
2.510000000000000142e+01,2.103186068627670920e+03,2.103186146946216468e+03,-7.831854554751771502e-05
2.520000000000000284e+01,2.100587410479361552e+03,2.100587489015633764e+03,-7.853627221265924163e-05
2.530000000000000071e+01,2.097991868850544506e+03,2.097991947603908102e+03,-7.875336359575157985e-05
2.540000000000000213e+01,2.095399440003639484e+03,2.095399518973460090e+03,-7.896982060628943145e-05
2.550000000000000000e+01,2.092810120205547719e+03,2.092810199391193692e+03,-7.918564597275690176e-05
2.560000000000000142e+01,2.090223905727649708e+03,2.090223985128489403e+03,-7.940083969515399076e-05
2.570000000000000284e+01,2.087640792845795204e+03,2.087640872461197887e+03,-7.961540268297540024e-05
2.580000000000000071e+01,2.085060777840300943e+03,2.085060857669639063e+03,-7.982933811945258640e-05
2.590000000000000213e+01,2.082483856995945644e+03,2.082483937038590739e+03,-8.004264509509084746e-05
2.600000000000000000e+01,2.079910026601962727e+03,2.079910106857288611e+03,-8.025532588362693787e-05
2.610000000000000142e+01,2.077339282952034864e+03,2.077339363419416713e+03,-8.046738184930291027e-05
2.620000000000000284e+01,2.074771622344292609e+03,2.074771703023105601e+03,-8.067881299211876467e-05
2.630000000000000071e+01,2.072207041081303032e+03,2.072207121970925073e+03,-8.088962204055860639e-05
2.640000000000000213e+01,2.069645535470068353e+03,2.069645616569877348e+03,-8.109980899462243542e-05
2.650000000000000000e+01,2.067087101822021395e+03,2.067087183131396159e+03,-8.130937476380495355e-05
2.660000000000000142e+01,2.064531736453016038e+03,2.064531817971338114e+03,-8.151832207659026608e-05
2.670000000000000284e+01,2.061979435683325846e+03,2.061979517409977234e+03,-8.172665138772572391e-05
2.680000000000000071e+01,2.059430195837638166e+03,2.059430277772001773e+03,-8.193436360670602880e-05
2.690000000000000213e+01,2.056884013245046390e+03,2.056884095386506033e+03,-8.214145964302588254e-05
2.700000000000000000e+01,2.054340884239047227e+03,2.054340966586988543e+03,-8.234794131567468867e-05
2.710000000000000142e+01,2.051800805157534796e+03,2.051800887711344785e+03,-8.255380998889449984e-05
2.720000000000000284e+01,2.049263772342794255e+03,2.049263855101860372e+03,-8.275906611743266694e-05
2.730000000000000071e+01,2.046729782141498390e+03,2.046729865105209456e+03,-8.296371106553124264e-05
2.740000000000000213e+01,2.044198830904700799e+03,2.044198914072446541e+03,-8.316774574268492870e-05
2.750000000000000000e+01,2.041670914987831111e+03,2.041670998359003306e+03,-8.337117219525680412e-05
2.760000000000000142e+01,2.039146030750689761e+03,2.039146114324681321e+03,-8.357399156011524610e-05
2.770000000000000284e+01,2.036624174557443666e+03,2.036624258333647731e+03,-8.377620406463393010e-05
2.780000000000000071e+01,2.034105342776618954e+03,2.034105426754430482e+03,-8.397781152780225966e-05
2.790000000000000213e+01,2.031589531781097548e+03,2.031589615959911953e+03,-8.417881440436758567e-05
2.800000000000000000e+01,2.029076737948111031e+03,2.029076822327326227e+03,-8.437921519544033799e-05
2.810000000000000142e+01,2.026566957659236550e+03,2.026567042238249542e+03,-8.457901299152581487e-05
2.820000000000000284e+01,2.024060187300388861e+03,2.024060272078600519e+03,-8.477821165797649883e-05
2.830000000000000071e+01,2.021556423261819191e+03,2.021556508238629021e+03,-8.497680983055033721e-05
2.840000000000000213e+01,2.019055661938106368e+03,2.019055747112916379e+03,-8.517481001035775989e-05
2.850000000000000000e+01,2.016557899728154098e+03,2.016557985100367432e+03,-8.537221333426714409e-05
2.860000000000000142e+01,2.014063133035184137e+03,2.014063218604204621e+03,-8.556902048439951614e-05
2.870000000000000284e+01,2.011571358266731522e+03,2.011571444031964575e+03,-8.576523305237060413e-05
2.880000000000000071e+01,2.009082571834641158e+03,2.009082657795492651e+03,-8.596085149292775895e-05
2.890000000000000213e+01,2.006596770155059176e+03,2.006596856310937028e+03,-8.615587785243405961e-05
2.900000000000000000e+01,2.004113949648431571e+03,2.004114035998743702e+03,-8.635031213088950608e-05
2.910000000000000142e+01,2.001634106739496019e+03,2.001634193283652621e+03,-8.654415660203085281e-05
2.920000000000000284e+01,1.999157237857277551e+03,1.999157324594689953e+03,-8.673741240272647701e-05
2.930000000000000071e+01,1.996683339435086054e+03,1.996683426365165360e+03,-8.693007930560270324e-05
2.940000000000000213e+01,1.994212407910506272e+03,1.994212495032666311e+03,-8.712216003914363682e-05
2.950000000000000000e+01,1.991744439725396887e+03,1.991744527039051036e+03,-8.731365414860192686e-05
2.960000000000000142e+01,1.989279431325883252e+03,1.989279518830447387e+03,-8.750456413508800324e-05
2.970000000000000284e+01,1.986817379162352154e+03,1.986817466857242835e+03,-8.769489068072289228e-05
2.980000000000000071e+01,1.984358279689448864e+03,1.984358367574084014e+03,-8.788463514974864665e-05
2.990000000000000213e+01,1.981902129366069630e+03,1.981902217439866945e+03,-8.807379731479159091e-05
3.000000000000000000e+01,1.979448924655357359e+03,1.979449012917737946e+03,-8.826238058645685669e-05
3.010000000000000142e+01,1.976998662024696387e+03,1.976998750475080669e+03,-8.845038428262341768e-05
3.020000000000000284e+01,1.974551337945709065e+03,1.974551426583519060e+03,-8.863780999490700196e-05
3.030000000000000071e+01,1.972106948894247353e+03,1.972107037718906895e+03,-8.882465954229701310e-05
3.040000000000000213e+01,1.969665491350391676e+03,1.969665580361324373e+03,-8.901093269741977565e-05
3.050000000000000000e+01,1.967226961798441835e+03,1.967227050995073341e+03,-8.919663150663836859e-05
3.060000000000000142e+01,1.964791356726915183e+03,1.964791446108672289e+03,-8.938175710682116915e-05
3.070000000000000284e+01,1.962358672628539580e+03,1.962358762194849987e+03,-8.956631040746287908e-05
3.080000000000000071e+01,1.959928906000250436e+03,1.959928995750542299e+03,-8.975029186331084929e-05
3.090000000000000213e+01,1.957502053343182524e+03,1.957502143276886500e+03,-8.993370397547550965e-05
3.100000000000000000e+01,1.955078111162668165e+03,1.955078201279214909e+03,-9.011654674395686015e-05
3.110000000000000142e+01,1.952657075968229719e+03,1.952657166267051252e+03,-9.029882153299695347e-05
3.120000000000000284e+01,1.950238944273576180e+03,1.950239034754106115e+03,-9.048052993421151768e-05
3.130000000000000071e+01,1.947823712596597943e+03,1.947823803258270118e+03,-9.066167217497422826e-05
3.140000000000000213e+01,1.945411377459360438e+03,1.945411468301610739e+03,-9.084225030164816417e-05
3.150000000000000000e+01,1.943001935388101174e+03,1.943002026410365033e+03,-9.102226385948597454e-05
3.160000000000000142e+01,1.940595382913222011e+03,1.940595474114938497e+03,-9.120171648646646645e-05
3.170000000000000284e+01,1.938191716569288474e+03,1.938191807949895065e+03,-9.138060659097391181e-05
3.180000000000000071e+01,1.935790932895019978e+03,1.935791024453956652e+03,-9.155893667411874048e-05
3.190000000000000213e+01,1.933393028433287327e+03,1.933393120169995200e+03,-9.173670787276932970e-05
3.200000000000000000e+01,1.930997999731108166e+03,1.930998091645029035e+03,-9.191392086904670577e-05
3.210000000000000142e+01,1.928605843339640160e+03,1.928605935430216960e+03,-9.209057679981924593e-05
3.220000000000000284e+01,1.926216555814178037e+03,1.926216648080855293e+03,-9.226667725670267828e-05
3.230000000000000426e+01,1.923830133714147451e+03,1.923830226156370145e+03,-9.244222269444435369e-05
3.239999999999999858e+01,1.921446573603100887e+03,1.921446666220314000e+03,-9.261721311304427218e-05
3.250000000000000000e+01,1.919065872048709480e+03,1.919065964840361858e+03,-9.279165237785491627e-05
3.260000000000000142e+01,1.916688025622764144e+03,1.916688118588303723e+03,-9.296553957938158419e-05
3.270000000000000284e+01,1.914313030901164893e+03,1.914313124040041430e+03,-9.313887653661367949e-05
3.280000000000000426e+01,1.911940884463919019e+03,1.911940977775582724e+03,-9.331166370429855306e-05
3.289999999999999858e+01,1.909571582895136089e+03,1.909571676379038081e+03,-9.348390199193090666e-05
3.300000000000000000e+01,1.907205122783020215e+03,1.907205216438614116e+03,-9.365559390062117018e-05
3.310000000000000142e+01,1.904841500719868918e+03,1.904841594546608121e+03,-9.382673920299566817e-05
3.320000000000000284e+01,1.902480713302066079e+03,1.902480807299405342e+03,-9.399733926329645328e-05
3.330000000000000426e+01,1.900122757130077616e+03,1.900122851297471925e+03,-9.416739430889720097e-05
3.339999999999999858e+01,1.897767628808445579e+03,1.897767723145353102e+03,-9.433690752302936744e-05
3.350000000000000000e+01,1.895415324945785642e+03,1.895415419451663638e+03,-9.450587799619825091e-05
3.360000000000000142e+01,1.893065842154778920e+03,1.893065936829086468e+03,-9.467430754739325494e-05
3.370000000000000284e+01,1.890719177052170380e+03,1.890719271894368376e+03,-9.484219799560378306e-05
3.380000000000000426e+01,1.888375326258762016e+03,1.888375421268310674e+03,-9.500954865870880894e-05
3.389999999999999858e+01,1.886034286399407847e+03,1.886034381575769658e+03,-9.517636181044508703e-05
3.400000000000000000e+01,1.883696054103010056e+03,1.883696149445648189e+03,-9.534263813293364365e-05
3.410000000000000142e+01,1.881360626002513754e+03,1.881360721510892972e+03,-9.550837921779020689e-05
3.420000000000000284e+01,1.879027998734902667e+03,1.879028094408487277e+03,-9.567358461026742589e-05
3.430000000000000426e+01,1.876698168941192307e+03,1.876698264779449573e+03,-9.583825726622308139e-05
3.439999999999999858e+01,1.874371133266428387e+03,1.874371229268825118e+03,-9.600239673090982251e-05
3.450000000000000000e+01,1.872046888359677496e+03,1.872046984525683001e+03,-9.616600550543807913e-05
3.460000000000000142e+01,1.869725430874028461e+03,1.869725527203111142e+03,-9.632908268031314947e-05
3.470000000000000284e+01,1.867406757466580757e+03,1.867406853958212196e+03,-9.649163143876648974e-05
3.480000000000000426e+01,1.865090864798444500e+03,1.865090961452095826e+03,-9.665365132605074905e-05
3.489999999999999858e+01,1.862777749534734312e+03,1.862777846349878246e+03,-9.681514393378165551e-05
3.500000000000000000e+01,1.860467408344563637e+03,1.860467505320673354e+03,-9.697610971670655999e-05
3.510000000000000142e+01,1.858159837901040873e+03,1.858159935037591140e+03,-9.713655026644119062e-05
3.520000000000000284e+01,1.855855034881263464e+03,1.855855132177730638e+03,-9.729646717460127547e-05
3.530000000000000426e+01,1.853552995966315393e+03,1.853553093422175607e+03,-9.745586021381313913e-05
3.539999999999999858e+01,1.851253717841260368e+03,1.851253815455991571e+03,-9.761473120306618512e-05
3.550000000000000000e+01,1.848957197195137041e+03,1.848957294968217639e+03,-9.777308059710776433e-05
3.560000000000000142e+01,1.846663430720954921e+03,1.846663528651865363e+03,-9.793091044230095576e-05
3.570000000000000284e+01,1.844372415115690501e+03,1.844372513203911240e+03,-9.808822073864575941e-05
3.580000000000000426e+01,1.842084147080281127e+03,1.842084245325293978e+03,-9.824501285038422793e-05
3.589999999999999858e+01,1.839798623319619992e+03,1.839798721720908134e+03,-9.840128814175841399e-05
3.600000000000000000e+01,1.837515840542552723e+03,1.837515939099599336e+03,-9.855704661276831757e-05
3.610000000000000142e+01,1.835235795461871248e+03,1.835235894174161331e+03,-9.871229008240334224e-05
3.620000000000000284e+01,1.832958484794310380e+03,1.832958583661330749e+03,-9.886702036965289153e-05
3.630000000000000426e+01,1.830683905260543042e+03,1.830684004281779835e+03,-9.902123679239593912e-05
3.639999999999999858e+01,1.828412053585173908e+03,1.828412152760115077e+03,-9.917494116962188855e-05
3.650000000000000000e+01,1.826142926496735754e+03,1.826143025824870165e+03,-9.932813441082544159e-05
3.660000000000000142e+01,1.823876520727685602e+03,1.823876620208503482e+03,-9.948081788024865091e-05
3.670000000000000284e+01,1.821612833014399030e+03,1.821612932647390835e+03,-9.963299180526519194e-05
3.680000000000000426e+01,1.819351860097164490e+03,1.819351959881822268e+03,-9.978465777749079280e-05
3.689999999999999858e+01,1.817093598720181490e+03,1.817093698655998423e+03,-9.993581693379383069e-05
3.700000000000000000e+01,1.814838045631552632e+03,1.814838145718022815e+03,-1.000864701836690074e-04
3.710000000000000142e+01,1.812585197583281342e+03,1.812585297819899097e+03,-1.002366177544899983e-04
3.720000000000000284e+01,1.810335051331265959e+03,1.810335151717527197e+03,-1.003862612378725316e-04
3.730000000000000426e+01,1.808087603635295636e+03,1.808087704170697862e+03,-1.005354022254323354e-04
3.739999999999999858e+01,1.805842851259045119e+03,1.805842951943086291e+03,-1.006840411719167605e-04
3.750000000000000000e+01,1.803600790970071102e+03,1.803600891802248952e+03,-1.008321778499521315e-04
3.760000000000000142e+01,1.801361419539805638e+03,1.801361520519620626e+03,-1.009798149880225537e-04
3.770000000000000284e+01,1.799124733743553406e+03,1.799124834870506902e+03,-1.011269534956227290e-04
3.780000000000000426e+01,1.796890730360487396e+03,1.796890831634080996e+03,-1.012735936001263326e-04
3.789999999999999858e+01,1.794659406173642083e+03,1.794659507593378066e+03,-1.014197359836543910e-04
3.800000000000000000e+01,1.792430757969909109e+03,1.792430859535292257e+03,-1.015653831473173341e-04
3.810000000000000142e+01,1.790204782540036149e+03,1.790204884250571013e+03,-1.017105348637414863e-04
3.820000000000000284e+01,1.787981476678617582e+03,1.787981578533809170e+03,-1.018551915876741987e-04
3.830000000000000426e+01,1.785760837184092452e+03,1.785760939183448045e+03,-1.019993555928522255e-04
3.840000000000000568e+01,1.783542860858739914e+03,1.783542963001767021e+03,-1.021430271066492423e-04
3.850000000000000000e+01,1.781327544508673327e+03,1.781327646794881275e+03,-1.022862079480546527e-04
3.860000000000000142e+01,1.779114884943836842e+03,1.779114987372734277e+03,-1.024288974349474302e-04
3.870000000000000284e+01,1.776904878978000397e+03,1.776904981549098466e+03,-1.025710980684380047e-04
3.880000000000000426e+01,1.774697523428754948e+03,1.774697626141565479e+03,-1.027128105306474026e-04
3.890000000000000568e+01,1.772492815117507917e+03,1.772492917971543193e+03,-1.028540352763229748e-04
3.900000000000000000e+01,1.770290750869479780e+03,1.770290853864252995e+03,-1.029947732149594231e-04
3.910000000000000142e+01,1.768091327513696569e+03,1.768091430648722735e+03,-1.031350261655461509e-04
3.920000000000000284e+01,1.765894541882988278e+03,1.765894645157783316e+03,-1.032747950375778601e-04
3.930000000000000426e+01,1.763700390813983859e+03,1.763700494228063690e+03,-1.034140798310545506e-04
3.940000000000000568e+01,1.761508871147105538e+03,1.761508974699987448e+03,-1.035528819102182752e-04
3.950000000000000000e+01,1.759319979726564270e+03,1.759320083417766455e+03,-1.036912021845637355e-04
3.960000000000000142e+01,1.757133713400356328e+03,1.757133817229397664e+03,-1.038290413362119580e-04
3.970000000000000284e+01,1.754950069020257160e+03,1.754950172986658572e+03,-1.039664014115260215e-04
3.980000000000000426e+01,1.752769043441818440e+03,1.752769147545101987e+03,-1.041032835473743035e-04
3.990000000000000568e+01,1.750590633524364193e+03,1.750590737764050346e+03,-1.042396861521410756e-04
4.000000000000000000e+01,1.748414836130982394e+03,1.748414940506595485e+03,-1.043756130911788205e-04
4.010000000000000142e+01,1.746241648128524957e+03,1.746241752639588185e+03,-1.045110632276191609e-04
4.020000000000000284e+01,1.744071066387600922e+03,1.744071171033639530e+03,-1.046460386078251759e-04
4.030000000000000426e+01,1.741903087782572129e+03,1.741903192563112498e+03,-1.047805403686652426e-04
4.040000000000000568e+01,1.739737709191549129e+03,1.739737814106117639e+03,-1.049145685101393610e-04
4.050000000000000000e+01,1.737574927496386181e+03,1.737575032544510805e+03,-1.050481246238632593e-04
4.060000000000000142e+01,1.735414739582676930e+03,1.735414844763886322e+03,-1.051812093919579638e-04
4.070000000000000284e+01,1.733257142339751226e+03,1.733257247653575405e+03,-1.053138241786655271e-04
4.080000000000000426e+01,1.731102132660668076e+03,1.731102238106637287e+03,-1.054459692113596248e-04
4.090000000000000568e+01,1.728949707442213139e+03,1.728949813019859221e+03,-1.055776460816559847e-04
4.100000000000000000e+01,1.726799863584894410e+03,1.726799969293748973e+03,-1.057088545621809317e-04
4.110000000000000142e+01,1.724652597992935398e+03,1.724652703832533462e+03,-1.058395980635395972e-04
4.120000000000000284e+01,1.722507907574273531e+03,1.722508013544148525e+03,-1.059698749941162532e-04
4.130000000000000426e+01,1.720365789240554705e+03,1.720365895340242105e+03,-1.060996874002739787e-04
4.140000000000000568e+01,1.718226239907128047e+03,1.718226346136163784e+03,-1.062290357367601246e-04
4.150000000000000000e+01,1.716089256493041830e+03,1.716089362850963653e+03,-1.063579218225640943e-04
4.160000000000000142e+01,1.713954835921039603e+03,1.713954942407385715e+03,-1.064863461124332389e-04
4.170000000000000284e+01,1.711822975117555643e+03,1.711823081731864477e+03,-1.066143088337412337e-04
4.180000000000000426e+01,1.709693671012709956e+03,1.709693777754521079e+03,-1.067418111233564559e-04
4.190000000000000568e+01,1.707566920540303954e+03,1.707567027409158527e+03,-1.068688545728946337e-04
4.200000000000000000e+01,1.705442720637817047e+03,1.705442827633257366e+03,-1.069954403192241443e-04
4.210000000000000142e+01,1.703321068246400273e+03,1.703321175367969090e+03,-1.071215688170923386e-04
4.220000000000000284e+01,1.701201960310875165e+03,1.701202067558114777e+03,-1.072472396117518656e-04
4.230000000000000426e+01,1.699085393779724200e+03,1.699085501152180996e+03,-1.073724567959288834e-04
4.240000000000000568e+01,1.696971365605093297e+03,1.696971473102310483e+03,-1.074972171863919357e-04
4.250000000000000000e+01,1.694859872742779316e+03,1.694859980364304647e+03,-1.076215253306145314e-04
4.260000000000000142e+01,1.692750912152233468e+03,1.692751019897613787e+03,-1.077453803191019688e-04
4.270000000000000284e+01,1.690644480796551761e+03,1.690644588665335277e+03,-1.078687835160963004e-04
4.280000000000000426e+01,1.688540575642472731e+03,1.688540683634208563e+03,-1.079917358310922282e-04
4.290000000000000568e+01,1.686439193660372894e+03,1.686439301774611067e+03,-1.081142381735844538e-04
4.300000000000000000e+01,1.684340331824261284e+03,1.684340440060552737e+03,-1.082362914530676790e-04
4.310000000000000142e+01,1.682243987111776960e+03,1.682244095469673312e+03,-1.083578963516629301e-04
4.320000000000000284e+01,1.680150156504183087e+03,1.680150264983236639e+03,-1.084790535514912335e-04
4.330000000000000426e+01,1.678058836986363076e+03,1.678058945586127038e+03,-1.085997639620472910e-04
4.340000000000000568e+01,1.675970025546816260e+03,1.675970134266845889e+03,-1.087200296296941815e-04
4.350000000000000000e+01,1.673883719177654484e+03,1.673883828017505039e+03,-1.088398505544319050e-04
4.360000000000000142e+01,1.671799914874595515e+03,1.671800023833822706e+03,-1.089592271910078125e-04
4.370000000000000284e+01,1.669718609636960991e+03,1.669718718715122350e+03,-1.090781613584113074e-04
4.380000000000000426e+01,1.667639800467671193e+03,1.667639909664324932e+03,-1.091966537387634162e-04
4.390000000000000568e+01,1.665563484373240271e+03,1.665563593687945286e+03,-1.093147050141851651e-04
4.400000000000000000e+01,1.663489658363773287e+03,1.663489767796088699e+03,-1.094323154120502295e-04
4.410000000000000142e+01,1.661418319452959850e+03,1.661418429002446828e+03,-1.095494869787216885e-04
4.420000000000000284e+01,1.659349464658071156e+03,1.659349574324291780e+03,-1.096662206236942438e-04
4.430000000000000426e+01,1.657283090999957494e+03,1.657283200782473386e+03,-1.097825158922205446e-04
4.440000000000000568e+01,1.655219195503038918e+03,1.655219305401413521e+03,-1.098983746032899944e-04
4.450000000000000000e+01,1.653157775195306385e+03,1.653157885209104052e+03,-1.100137976663972950e-04
4.460000000000000142e+01,1.651098827108314026e+03,1.651098937237099790e+03,-1.101287857636634726e-04
4.470000000000000284e+01,1.649042348277175734e+03,1.649042458520515993e+03,-1.102433402593305800e-04
4.480000000000000426e+01,1.646988335740562889e+03,1.646988446098023587e+03,-1.103574606986512663e-04
4.490000000000000568e+01,1.644936786540695493e+03,1.644936897011845303e+03,-1.104711498101096367e-04
4.500000000000000000e+01,1.642887697723343763e+03,1.642887808307750447e+03,-1.105844066842109896e-04
4.510000000000000142e+01,1.640841066337818802e+03,1.640841177035052397e+03,-1.106972335946920794e-04
4.520000000000000284e+01,1.638796889436970787e+03,1.638797000246602011e+03,-1.108096312236739323e-04
4.530000000000000426e+01,1.636755164077185100e+03,1.636755274998783989e+03,-1.109215988890355220e-04
4.540000000000000568e+01,1.634715887318376645e+03,1.634715998351515964e+03,-1.110331393192609539e-04
4.550000000000000000e+01,1.632679056223987573e+03,1.632679167368239632e+03,-1.111442520596028771e-04
4.560000000000000142e+01,1.630644667860978871e+03,1.630644779115918482e+03,-1.112549396111717215e-04
4.570000000000000284e+01,1.628612719299831952e+03,1.628612830665033471e+03,-1.113652015192201361e-04
4.580000000000000426e+01,1.626583207614540697e+03,1.626583319089579163e+03,-1.114750384658691473e-04
4.590000000000000568e+01,1.624556129882607593e+03,1.624556241467059408e+03,-1.115844518153608078e-04
4.600000000000000000e+01,1.622531483185040315e+03,1.622531594878483475e+03,-1.116934431593108457e-04
4.610000000000000142e+01,1.620509264606347870e+03,1.620509376408359685e+03,-1.118020118155982345e-04
4.620000000000000284e+01,1.618489471234534449e+03,1.618489583144694052e+03,-1.119101596032123780e-04
4.630000000000000426e+01,1.616472100161097160e+03,1.616472212178984591e+03,-1.120178874316479778e-04
4.640000000000000568e+01,1.614457148481022159e+03,1.614457260606217460e+03,-1.121251953009050339e-04
4.650000000000000000e+01,1.612444613292778058e+03,1.612444725524863543e+03,-1.122320854847203009e-04
4.660000000000000142e+01,1.610434491698313877e+03,1.610434604036871406e+03,-1.123385575283464277e-04
4.670000000000000284e+01,1.608426780803054271e+03,1.608426893247666612e+03,-1.124446123412781162e-04
4.680000000000000426e+01,1.606421477715895207e+03,1.606421590266147405e+03,-1.125502521972521208e-04
4.690000000000000568e+01,1.604418579549199649e+03,1.604418692204676063e+03,-1.126554764141474152e-04
4.700000000000000000e+01,1.602418083418794595e+03,1.602418196179080724e+03,-1.127602861288323766e-04
4.710000000000000142e+01,1.600419986443964262e+03,1.600420099308647423e+03,-1.128646831602964085e-04
4.720000000000000284e+01,1.598424285747449630e+03,1.598424398716116457e+03,-1.129686668264184846e-04
4.730000000000000426e+01,1.596430978455440254e+03,1.596431091527679655e+03,-1.130722394009353593e-04
4.740000000000000568e+01,1.594440061697574492e+03,1.594440174872975149e+03,-1.131754006564733572e-04
4.750000000000000000e+01,1.592451532606931096e+03,1.592451645885083281e+03,-1.132781521846482065e-04
4.760000000000000142e+01,1.590465388320028296e+03,1.590465501700522509e+03,-1.133804942128335824e-04
4.770000000000000284e+01,1.588481625976817440e+03,1.588481739459245091e+03,-1.134824276505241869e-04
4.780000000000000426e+01,1.586500242720680490e+03,1.586500356304634579e+03,-1.135839540893357480e-04
4.790000000000000568e+01,1.584521235698425926e+03,1.584521349383499228e+03,-1.136850733018945903e-04
4.800000000000000000e+01,1.582544602060282841e+03,1.582544715846069039e+03,-1.137857861976954155e-04
4.810000000000000142e+01,1.580570338959897981e+03,1.580570452845993032e+03,-1.138860950504749781e-04
4.820000000000000284e+01,1.578598443554332562e+03,1.578598557540332195e+03,-1.139859996328596026e-04
4.830000000000000426e+01,1.576628913004057267e+03,1.576629027089557212e+03,-1.140854999448492890e-04
4.840000000000000568e+01,1.574661744472947248e+03,1.574661858657545281e+03,-1.141845980328071164e-04
4.850000000000000000e+01,1.572696935128279847e+03,1.572697049411573516e+03,-1.142832936693594093e-04
4.860000000000000142e+01,1.570734482140728460e+03,1.570734596522318043e+03,-1.143815895829902729e-04
4.870000000000000284e+01,1.568774382684361171e+03,1.568774497163846263e+03,-1.144794850915786810e-04
4.880000000000000426e+01,1.566816633936634389e+03,1.566816748513614812e+03,-1.145769804224983091e-04
4.890000000000000568e+01,1.564861233078389205e+03,1.564861347752467509e+03,-1.146740783042332623e-04
4.900000000000000000e+01,1.562908177293848667e+03,1.562908292064626494e+03,-1.147707778272888390e-04
4.910000000000000142e+01,1.560957463770611412e+03,1.560957578637692450e+03,-1.148670810380281182e-04
4.920000000000000284e+01,1.559009089699649849e+03,1.559009204662637785e+03,-1.149629879364510998e-04
4.930000000000000426e+01,1.557063052275305154e+03,1.557063167333804358e+03,-1.150584992046788102e-04
4.940000000000000568e+01,1.555119348695283406e+03,1.555119463848899386e+03,-1.151536159795796266e-04
4.950000000000000000e+01,1.553177976160650587e+03,1.553178091408989985e+03,-1.152483393980219262e-04
4.960000000000000142e+01,1.551238931875829849e+03,1.551239047218499991e+03,-1.153426701421267353e-04
4.970000000000000284e+01,1.549302213048597423e+03,1.549302328485206090e+03,-1.154366086666414049e-04
4.980000000000000426e+01,1.547367816890077165e+03,1.547367932420233956e+03,-1.155301567905553384e-04
4.990000000000000568e+01,1.545435740614739416e+03,1.545435856238053020e+03,-1.156233136043738341e-04
5.000000000000000000e+01,1.543505981440393271e+03,1.543506097156473970e+03,-1.157160806997126201e-04
5.010000000000000142e+01,1.541578536588185443e+03,1.541578652396644884e+03,-1.158084594408137491e-04
5.020000000000000284e+01,1.539653403282595036e+03,1.539653519183044864e+03,-1.159004498276772210e-04
5.030000000000000426e+01,1.537730578751429221e+03,1.537730694743482445e+03,-1.159920532245450886e-04
5.040000000000000568e+01,1.535810060225821189e+03,1.535810176309091503e+03,-1.160832703135383781e-04
5.050000000000000000e+01,1.533891844940223336e+03,1.533891961114325568e+03,-1.161741022315254668e-04
5.060000000000000142e+01,1.531975930132405210e+03,1.531976046396953507e+03,-1.162645482963853283e-04
5.070000000000000284e+01,1.530062313043449876e+03,1.530062429398060658e+03,-1.163546107818547171e-04
5.080000000000000426e+01,1.528150990917747549e+03,1.528151107362037465e+03,-1.164442899153073085e-04
5.090000000000000568e+01,1.526241961002994458e+03,1.526242077536581291e+03,-1.165335868336114800e-04
5.100000000000000000e+01,1.524335220550187387e+03,1.524335337172689151e+03,-1.166225017641409067e-04
5.110000000000000142e+01,1.522430766813619357e+03,1.522430883524655655e+03,-1.167110362985113170e-04
5.120000000000000284e+01,1.520528597050877124e+03,1.520528713850067561e+03,-1.167991904367227107e-04
5.130000000000000426e+01,1.518628708522835268e+03,1.518628825409801038e+03,-1.168869657703908160e-04
5.140000000000000568e+01,1.516731098493654372e+03,1.516731215468015989e+03,-1.169743616173946066e-04
5.150000000000000000e+01,1.514835764230775794e+03,1.514835881292156273e+03,-1.170613804788445123e-04
5.160000000000000142e+01,1.512942703004917348e+03,1.512942820152939476e+03,-1.171480221273668576e-04
5.170000000000000284e+01,1.511051912090071255e+03,1.511052029324358728e+03,-1.172342874724563444e-04
5.180000000000000426e+01,1.509163388763497778e+03,1.509163506083675657e+03,-1.173201778783550253e-04
5.190000000000000568e+01,1.507277130305723176e+03,1.507277247711416067e+03,-1.174056928903155494e-04
5.200000000000000000e+01,1.505393134000534928e+03,1.505393251491369483e+03,-1.174908345547009958e-04
5.210000000000000142e+01,1.503511397134978324e+03,1.503511514710581196e+03,-1.175756028715113644e-04
5.220000000000000284e+01,1.501631916999351006e+03,1.501632034659350438e+03,-1.176599994323623832e-04
5.230000000000000426e+01,1.499754690887202059e+03,1.499754808631225842e+03,-1.177440237825067015e-04
5.240000000000000568e+01,1.497879716095325421e+03,1.497879833923003162e+03,-1.178276777409337228e-04
5.250000000000000000e+01,1.496006989923757146e+03,1.496007107834718681e+03,-1.179109615350171225e-04
5.260000000000000142e+01,1.494136509675770640e+03,1.494136627669647169e+03,-1.179938765289989533e-04
5.270000000000000284e+01,1.492268272657874832e+03,1.492268390734297327e+03,-1.180764224955055397e-04
5.280000000000000426e+01,1.490402276179807586e+03,1.490402394338408840e+03,-1.181586012535262853e-04
5.290000000000000568e+01,1.488538517554534110e+03,1.488538635794946913e+03,-1.182404128030611901e-04
5.300000000000000000e+01,1.486676994098241039e+03,1.486677112420099320e+03,-1.183218582809786312e-04
5.310000000000000142e+01,1.484817703130334621e+03,1.484817821533272763e+03,-1.184029381420259597e-04
5.320000000000000284e+01,1.482960641973435486e+03,1.482960760457089009e+03,-1.184836535230715526e-04
5.330000000000000426e+01,1.481105807953375688e+03,1.481105926517380340e+03,-1.185640046514890855e-04
5.340000000000000568e+01,1.479253198399193252e+03,1.479253317043186144e+03,-1.186439928915206110e-04
5.350000000000000000e+01,1.477402810643130351e+03,1.477402929366749504e+03,-1.187236191526608309e-04
5.360000000000000142e+01,1.475554642020628080e+03,1.475554760823511288e+03,-1.188028832075360697e-04
5.370000000000000284e+01,1.473708689870323724e+03,1.473708808752110144e+03,-1.188817864203883801e-04
5.380000000000000426e+01,1.471864951534045304e+03,1.471865070494375232e+03,-1.189603299280861393e-04
5.390000000000000568e+01,1.470023424356809983e+03,1.470023543395323941e+03,-1.190385139580030227e-04
5.400000000000000000e+01,1.468184105686817929e+03,1.468184224803157349e+03,-1.191163394196337322e-04
5.410000000000000142e+01,1.466346992875450042e+03,1.466347112069256809e+03,-1.191938067677256186e-04
5.420000000000000284e+01,1.464512083277263628e+03,1.464512202548180539e+03,-1.192709169117733836e-04
5.430000000000000426e+01,1.462679374249987859e+03,1.462679493597658620e+03,-1.193476707612717291e-04
5.440000000000000568e+01,1.460848863154522633e+03,1.460848982578591631e+03,-1.194240689983416814e-04
5.450000000000000000e+01,1.459020547354930841e+03,1.459020666855042919e+03,-1.195001120777305914e-04
5.460000000000000142e+01,1.457194424218437462e+03,1.457194543794238598e+03,-1.195758011363068363e-04
5.470000000000000284e+01,1.455370491115424784e+03,1.455370610766562322e+03,-1.196511375383124687e-04
5.480000000000000426e+01,1.453548745419429224e+03,1.453548865145549371e+03,-1.197261201468791114e-04
5.490000000000000568e+01,1.451729184507136551e+03,1.451729304307888015e+03,-1.198007514631171944e-04
5.500000000000000000e+01,1.449911805758378478e+03,1.449911925633410419e+03,-1.198750319417740684e-04
5.510000000000000142e+01,1.448096606556129700e+03,1.448096726505090601e+03,-1.199489609007287072e-04
5.520000000000000284e+01,1.446283584286502446e+03,1.446283704309043287e+03,-1.200225408410915406e-04
5.530000000000000426e+01,1.444472736338745108e+03,1.444472856434516189e+03,-1.200957710807415424e-04
5.540000000000000568e+01,1.442664060105236103e+03,1.442664180273889315e+03,-1.201686532112944406e-04
5.550000000000000000e+01,1.440857552981480467e+03,1.440857673222669064e+03,-1.202411885969922878e-04
5.560000000000000142e+01,1.439053212366108710e+03,1.439053332679485720e+03,-1.203133770104614086e-04
5.570000000000000284e+01,1.437251035660870002e+03,1.437251156046088454e+03,-1.203852184517018031e-04
5.580000000000000426e+01,1.435451020270628305e+03,1.435451140727343500e+03,-1.204567151944502257e-04
5.590000000000000568e+01,1.433653163603362827e+03,1.433653284131229839e+03,-1.205278670113330008e-04
5.600000000000000000e+01,1.431857463070158701e+03,1.431857583668833968e+03,-1.205986752665921813e-04
5.610000000000000142e+01,1.430063916085206984e+03,1.430064036754347171e+03,-1.206691401876014424e-04
5.620000000000000284e+01,1.428272520065799654e+03,1.428272640805062110e+03,-1.207392624564818107e-04
5.630000000000000426e+01,1.426483272432326430e+03,1.426483393241369868e+03,-1.208090434374753386e-04
5.640000000000000568e+01,1.424696170608270222e+03,1.424696291486752898e+03,-1.208784826758346753e-04
5.650000000000000000e+01,1.422911212020203948e+03,1.422911332967786393e+03,-1.209475824452965753e-04
5.660000000000000142e+01,1.421128394097787350e+03,1.421128515114129414e+03,-1.210163420637400122e-04
5.670000000000000284e+01,1.419347714273761767e+03,1.419347835358525117e+03,-1.210847633501543896e-04
5.680000000000000426e+01,1.417569169983948314e+03,1.417569291136794163e+03,-1.211528458497923566e-04
5.690000000000000568e+01,1.415792758667242879e+03,1.415792879887833806e+03,-1.212205909268959658e-04
5.700000000000000000e+01,1.414018477765612715e+03,1.414018599053612206e+03,-1.212879994909599191e-04
5.710000000000000142e+01,1.412246324724093256e+03,1.412246446079165253e+03,-1.213550719967315672e-04
5.720000000000000284e+01,1.410476296990783567e+03,1.410476418412592693e+03,-1.214218091263319366e-04
5.730000000000000426e+01,1.408708392016843391e+03,1.408708513505054952e+03,-1.214882115618820535e-04
5.740000000000000568e+01,1.406942607256489282e+03,1.406942728810769950e+03,-1.215542806676239707e-04
5.750000000000000000e+01,1.405178940166991424e+03,1.405179061787006958e+03,-1.216200155340629863e-04
5.760000000000000142e+01,1.403417388208668172e+03,1.403417509894086606e+03,-1.216854184349358547e-04
5.770000000000000284e+01,1.401657948844884686e+03,1.401658070595374738e+03,-1.217504900523636024e-04
5.780000000000000426e+01,1.399900619542047707e+03,1.399900741357278093e+03,-1.218152303863462294e-04
5.790000000000000568e+01,1.398145397769602823e+03,1.398145519649242942e+03,-1.218796401190047618e-04
5.800000000000000000e+01,1.396392281000031062e+03,1.396392402943750994e+03,-1.219437199324602261e-04
5.810000000000000142e+01,1.394641266708843432e+03,1.394641388716314168e+03,-1.220074707362073241e-04
5.820000000000000284e+01,1.392892352374579559e+03,1.392892474445472317e+03,-1.220708927576197311e-04
5.830000000000000426e+01,1.391145535478800866e+03,1.391145657612789137e+03,-1.221339882704342017e-04
5.840000000000000568e+01,1.389400813506092618e+03,1.389400935702848756e+03,-1.221967561377823586e-04
5.850000000000000000e+01,1.387658183944053690e+03,1.387658306203252096e+03,-1.222591984060272807e-04
5.860000000000000142e+01,1.385917644283298387e+03,1.385917766604612780e+03,-1.223213143930479418e-04
5.870000000000000284e+01,1.384179192017448031e+03,1.384179314400554176e+03,-1.223831061452074209e-04
5.880000000000000426e+01,1.382442824643131644e+03,1.382442947087705079e+03,-1.224445734351320425e-04
5.890000000000000568e+01,1.380708539659979579e+03,1.380708662165697206e+03,-1.225057176270638593e-04
5.900000000000000000e+01,1.378976334570621930e+03,1.378976457137160878e+03,-1.225665389483765466e-04
5.910000000000000142e+01,1.377246206880682394e+03,1.377246329507720475e+03,-1.226270380811911309e-04
5.920000000000000284e+01,1.375518154098776904e+03,1.375518276785992839e+03,-1.226872159350023139e-04
5.930000000000000426e+01,1.373792173736509085e+03,1.373792296483582049e+03,-1.227470729645574465e-04
5.940000000000000568e+01,1.372068263308467067e+03,1.372068386115077146e+03,-1.228066100793512305e-04
5.950000000000000000e+01,1.370346420332219850e+03,1.370346543198047357e+03,-1.228658275067573413e-04
5.960000000000000142e+01,1.368626642328312982e+03,1.368626765253039366e+03,-1.229247263836441562e-04
5.970000000000000284e+01,1.366908926820265833e+03,1.366909049803572771e+03,-1.229833069373853505e-04
5.980000000000000426e+01,1.365193271334567271e+03,1.365193394376138031e+03,-1.230415707595966524e-04
5.990000000000000568e+01,1.363479673400673619e+03,1.363479796500191924e+03,-1.230995183050254127e-04
6.000000000000000000e+01,1.361768130551003878e+03,1.361768253708152997e+03,-1.231571491189242806e-04
6.010000000000000142e+01,1.360058640320935410e+03,1.360058763535400203e+03,-1.232144647929089842e-04
6.020000000000000284e+01,1.358351200248802115e+03,1.358351323520268352e+03,-1.232714662364742253e-04
6.030000000000000426e+01,1.356645807875890569e+03,1.356645931204043563e+03,-1.233281529948726529e-04
6.040000000000000568e+01,1.354942460746434335e+03,1.354942584130961905e+03,-1.233845275692146970e-04
6.050000000000000000e+01,1.353241156407614426e+03,1.353241279848203249e+03,-1.234405888226319803e-04
6.060000000000000142e+01,1.351541892409551338e+03,1.351542015905889912e+03,-1.234963385741139064e-04
6.070000000000000284e+01,1.349844666305305509e+03,1.349844789857082560e+03,-1.235517770510341506e-04
6.080000000000000426e+01,1.348149475650870727e+03,1.348149599257775208e+03,-1.236069044807663886e-04
6.090000000000000568e+01,1.346456318005171852e+03,1.346456441666893852e+03,-1.236617220001789974e-04
6.100000000000000000e+01,1.344765190930062090e+03,1.344765314646292381e+03,-1.237162302913930034e-04
6.110000000000000142e+01,1.343076091990317309e+03,1.343076215760747573e+03,-1.237704302639031084e-04
6.120000000000000284e+01,1.341389018753635810e+03,1.341389142577957955e+03,-1.238243221450829878e-04
6.130000000000000426e+01,1.339703968790631052e+03,1.339704092668537669e+03,-1.238779066170536680e-04
6.140000000000000568e+01,1.338020939674830970e+03,1.338021063606015787e+03,-1.239311848166835262e-04
6.150000000000000000e+01,1.336339928982673882e+03,1.336340052966830854e+03,-1.239841569713462377e-04
6.160000000000000142e+01,1.334660934293503260e+03,1.334661058330327023e+03,-1.240368237631628290e-04
6.170000000000000284e+01,1.332983953189567274e+03,1.332984077278752693e+03,-1.240891854195069754e-04
6.180000000000000426e+01,1.331308983256011970e+03,1.331309107397255957e+03,-1.241412439867417561e-04
6.190000000000000568e+01,1.329636022080881048e+03,1.329636146273879376e+03,-1.241929983279987937e-04
6.200000000000000000e+01,1.327965067255110171e+03,1.327965191499560660e+03,-1.242444504896411672e-04
6.210000000000000142e+01,1.326296116372523102e+03,1.326296240668123801e+03,-1.242956006990425522e-04
6.220000000000000284e+01,1.324629167029831933e+03,1.324629291376281117e+03,-1.243464491835766239e-04
6.230000000000000426e+01,1.322964216826627762e+03,1.322964341223624842e+03,-1.243969970801117597e-04
6.240000000000000568e+01,1.321301263365382965e+03,1.321301387812628036e+03,-1.244472450707689859e-04
6.250000000000000000e+01,1.319640304251443922e+03,1.319640428748637532e+03,-1.244971936102956533e-04
6.260000000000000142e+01,1.317981337093029424e+03,1.317981461639871895e+03,-1.245468424713180866e-04
6.270000000000000284e+01,1.316324359501225899e+03,1.316324484097420054e+03,-1.245961941549467156e-04
6.280000000000000426e+01,1.314669369089985821e+03,1.314669493735234028e+03,-1.246452482064341893e-04
6.290000000000000568e+01,1.313016363476122478e+03,1.313016488170128241e+03,-1.246940057626488851e-04
6.300000000000000000e+01,1.311365340279308157e+03,1.311365465021774298e+03,-1.247424661414697766e-04
6.310000000000000142e+01,1.309716297122068681e+03,1.309716421912699616e+03,-1.247906309345125919e-04
6.320000000000000284e+01,1.308069231629781143e+03,1.308069356468283331e+03,-1.248385021881404100e-04
6.330000000000000426e+01,1.306424141430671398e+03,1.306424266316749481e+03,-1.248860780833638273e-04
6.340000000000000568e+01,1.304781024155809746e+03,1.304781149089169958e+03,-1.249333602117985720e-04
6.350000000000000000e+01,1.303139877439106158e+03,1.303140002419455641e+03,-1.249803494829393458e-04
6.360000000000000142e+01,1.301500698917309592e+03,1.301500823944356171e+03,-1.250270465789071750e-04
6.370000000000000284e+01,1.299863486230002536e+03,1.299863611303454491e+03,-1.250734519544494106e-04
6.380000000000000426e+01,1.298228237019598510e+03,1.298228362139164574e+03,-1.251195660643134033e-04
6.390000000000000568e+01,1.296594948931338422e+03,1.296595074096727558e+03,-1.251653891358728288e-04
6.400000000000000000e+01,1.294963619613286937e+03,1.294963744824210153e+03,-1.252109232154907659e-04
6.410000000000000853e+01,1.293334246716329744e+03,1.293334371972496911e+03,-1.252561671662988374e-04
6.420000000000000284e+01,1.291706827894169692e+03,1.291706953195292726e+03,-1.253011230346601224e-04
6.429999999999999716e+01,1.290081360803323605e+03,1.290081486149114653e+03,-1.253457910479482962e-04
6.440000000000000568e+01,1.288457843103117511e+03,1.288457968493289172e+03,-1.253901716609107098e-04
6.450000000000000000e+01,1.286836272455686640e+03,1.286836397889951968e+03,-1.254342653282947140e-04
6.460000000000000853e+01,1.285216646525968144e+03,1.285216772004041559e+03,-1.254780734143423615e-04
6.470000000000000284e+01,1.283598962981701789e+03,1.283599088503297025e+03,-1.255215952369326260e-04
6.479999999999999716e+01,1.281983219493421757e+03,1.281983345058254599e+03,-1.255648328424285864e-04
6.490000000000000568e+01,1.280369413734457567e+03,1.280369539342243115e+03,-1.256077855487092165e-04
6.500000000000000000e+01,1.278757543380928610e+03,1.278757669031384012e+03,-1.256504554021375952e-04
6.510000000000000853e+01,1.277147606111741425e+03,1.277147731804583145e+03,-1.256928417205926962e-04
6.520000000000000284e+01,1.275539599608586059e+03,1.275539725343531700e+03,-1.257349456409428967e-04
6.529999999999999716e+01,1.273933521555932430e+03,1.273933647332700502e+03,-1.257767680726828985e-04
6.540000000000000568e+01,1.272329369641028507e+03,1.272329495459337522e+03,-1.258183090158127015e-04
6.550000000000000000e+01,1.270727141553894626e+03,1.270727267413464460e+03,-1.258595698345743585e-04
6.560000000000000853e+01,1.269126834987322582e+03,1.269126960887873111e+03,-1.259005505289678695e-04
6.570000000000000284e+01,1.267528447636870396e+03,1.267528573578122177e+03,-1.259412517811142607e-04
6.579999999999999716e+01,1.265931977200860274e+03,1.265932103182534547e+03,-1.259816742731345585e-04
6.590000000000000568e+01,1.264337421380374053e+03,1.264337547402192968e+03,-1.260218189145234646e-04
6.600000000000000000e+01,1.262744777879251387e+03,1.262744903940937547e+03,-1.260616861600283301e-04
6.610000000000000853e+01,1.261154044404085198e+03,1.261154170505361435e+03,-1.261012762370228302e-04
6.620000000000000284e+01,1.259565218664218946e+03,1.259565344804809456e+03,-1.261405905097490177e-04
6.629999999999999716e+01,1.257978298371744131e+03,1.257978424551372655e+03,-1.261796285234595416e-04
6.640000000000000568e+01,1.256393281241494151e+03,1.256393407459885566e+03,-1.262183914150227793e-04
6.650000000000000000e+01,1.254810164991044530e+03,1.254810291247924852e+03,-1.262568803213071078e-04
6.660000000000000853e+01,1.253228947340707009e+03,1.253229073635802479e+03,-1.262950954696862027e-04
6.670000000000000284e+01,1.251649626013529314e+03,1.251649752346566402e+03,-1.263330370875337394e-04
6.679999999999999716e+01,1.250072198735287202e+03,1.250072325105993059e+03,-1.263707058569707442e-04
6.690000000000000568e+01,1.248496663234485368e+03,1.248496789642588283e+03,-1.264081029148655944e-04
6.700000000000000000e+01,1.246923017242352671e+03,1.246923143687580705e+03,-1.264452280338446144e-04
6.710000000000000853e+01,1.245351258492838497e+03,1.245351384974921302e+03,-1.264820828055235324e-04
6.720000000000000284e+01,1.243781384722610255e+03,1.243781511241277258e+03,-1.265186670025286730e-04
6.729999999999999716e+01,1.242213393671048834e+03,1.242213520226030823e+03,-1.265549819891020888e-04
6.740000000000000568e+01,1.240647283080247007e+03,1.240647409671274545e+03,-1.265910275378701044e-04
6.750000000000000000e+01,1.239083050695005568e+03,1.239083177321810808e+03,-1.266268052404484479e-04
6.760000000000000853e+01,1.237520694262829238e+03,1.237520820925143880e+03,-1.266623146420897683e-04
6.770000000000000284e+01,1.235960211533925303e+03,1.235960338231481273e+03,-1.266975559701677412e-04
6.779999999999999716e+01,1.234401600261197700e+03,1.234401726993728971e+03,-1.267325312710454455e-04
6.790000000000000568e+01,1.232844858200245426e+03,1.232844984967485971e+03,-1.267672405447228812e-04
6.800000000000000000e+01,1.231289983109360719e+03,1.231290109911044965e+03,-1.268016842459473992e-04
6.810000000000000853e+01,1.229736972749522465e+03,1.229737099585385295e+03,-1.268358628294663504e-04
6.820000000000000284e+01,1.228185824884395970e+03,1.228185951754172947e+03,-1.268697769774007611e-04
6.829999999999999716e+01,1.226636537280327275e+03,1.226636664183755101e+03,-1.269034278266190086e-04
6.840000000000000568e+01,1.225089107706342475e+03,1.225089234643157624e+03,-1.269368151497474173e-04
6.850000000000000000e+01,1.223543533934143170e+03,1.223543660904083254e+03,-1.269699400836543646e-04
6.860000000000000853e+01,1.221999813738101921e+03,1.221999940740904776e+03,-1.270028028557135258e-04
6.870000000000000284e+01,1.220457944895262244e+03,1.220458071930665938e+03,-1.270354036932985764e-04
6.879999999999999716e+01,1.218917925185332024e+03,1.218918052253076667e+03,-1.270677446427725954e-04
6.890000000000000568e+01,1.217379752390683052e+03,1.217379879490507619e+03,-1.270998245672672056e-04
6.900000000000000000e+01,1.215843424296346029e+03,1.215843551427991088e+03,-1.271316450583981350e-04
6.910000000000000853e+01,1.214308938690008290e+03,1.214309065853214634e+03,-1.271632063435390592e-04
6.920000000000000284e+01,1.212776293362010620e+03,1.212776420556519724e+03,-1.271945091048110044e-04
6.929999999999999716e+01,1.211245486105342934e+03,1.211245613330896958e+03,-1.272255540243349969e-04
6.940000000000000568e+01,1.209716514715642688e+03,1.209716641971984245e+03,-1.272563415568583878e-04
6.950000000000000000e+01,1.208189376991191239e+03,1.208189504278062941e+03,-1.272868717023811769e-04
6.960000000000000853e+01,1.206664070732908840e+03,1.206664198050055347e+03,-1.273171465072664432e-04
6.970000000000000284e+01,1.205140593744356011e+03,1.205140721091521073e+03,-1.273471650620194850e-04
6.979999999999999716e+01,1.203618943831724209e+03,1.203619071208652713e+03,-1.273769285035086796e-04
6.990000000000000568e+01,1.202099118803837655e+03,1.202099246210274941e+03,-1.274064372864813777e-04
7.000000000000000000e+01,1.200581116472148551e+03,1.200581243907840417e+03,-1.274356918656849302e-04
7.010000000000000853e+01,1.199064934650732084e+03,1.199065062115426372e+03,-1.274646942874824163e-04
7.020000000000000284e+01,1.197550571156287788e+03,1.197550698649730293e+03,-1.274934425055107567e-04
7.029999999999999716e+01,1.196038023808130674e+03,1.196038151330069695e+03,-1.275219390208803816e-04
7.040000000000000568e+01,1.194527290428192600e+03,1.194527417978376207e+03,-1.275501836062176153e-04
7.050000000000000000e+01,1.193018368841017718e+03,1.193018496419194889e+03,-1.275781771710171597e-04
7.060000000000000853e+01,1.191511256873757929e+03,1.191511384479678100e+03,-1.276059201700263657e-04
7.070000000000000284e+01,1.190005952356172429e+03,1.190006079989585260e+03,-1.276334128306189086e-04
7.079999999999999716e+01,1.188502453120622249e+03,1.188502580781278766e+03,-1.276606565170368413e-04
7.090000000000000568e+01,1.187000757002067985e+03,1.187000884689719214e+03,-1.276876512292801635e-04
7.100000000000000000e+01,1.185500861838067294e+03,1.185500989552464489e+03,-1.277143971947225509e-04
7.110000000000000853e+01,1.184002765468770576e+03,1.184002893209666126e+03,-1.277408955502323806e-04
7.120000000000000284e+01,1.182506465736919154e+03,1.182506593504065677e+03,-1.277671465231833281e-04
7.129999999999999716e+01,1.181011960487840724e+03,1.181012088280991748e+03,-1.277931510230700951e-04
7.140000000000000568e+01,1.179519247569447771e+03,1.179519375388357048e+03,-1.278189092772663571e-04
7.150000000000000000e+01,1.178028324832233466e+03,1.178028452676655434e+03,-1.278444219678931404e-04
7.160000000000000853e+01,1.176539190129268491e+03,1.176539317998958268e+03,-1.278696897770714713e-04
7.170000000000000284e+01,1.175051841316198988e+03,1.175051969210911921e+03,-1.278947129321750253e-04
7.179999999999999716e+01,1.173566276251242243e+03,1.173566404170734359e+03,-1.279194921153248288e-04
7.190000000000000568e+01,1.172082492795184180e+03,1.172082620739212189e+03,-1.279440280086419079e-04
7.200000000000000000e+01,1.170600488811376636e+03,1.170600616779697930e+03,-1.279683212942472892e-04
7.210000000000000853e+01,1.169120262165733266e+03,1.169120390158105010e+03,-1.279923717447672971e-04
7.220000000000000284e+01,1.167641810726727954e+03,1.167641938742908906e+03,-1.280161809518176597e-04
7.229999999999999716e+01,1.166165132365390036e+03,1.166165260405138724e+03,-1.280397486880247016e-04
7.240000000000000568e+01,1.164690224955302483e+03,1.164690353018378119e+03,-1.280630756355094491e-04
7.250000000000000000e+01,1.163217086372598487e+03,1.163217214458761191e+03,-1.280861627037666040e-04
7.260000000000000853e+01,1.161745714495957372e+03,1.161745842604967947e+03,-1.281090105749171926e-04
7.270000000000000284e+01,1.160276107206604820e+03,1.160276235338223614e+03,-1.281316187942138640e-04
7.279999999999999716e+01,1.158808262388305366e+03,1.158808390542294092e+03,-1.281539887258986710e-04
7.290000000000000568e+01,1.157342177927361718e+03,1.157342306103482542e+03,-1.281761208247189643e-04
7.300000000000000000e+01,1.155877851712612710e+03,1.155877979910628255e+03,-1.281980155454220949e-04
7.310000000000000853e+01,1.154415281635428073e+03,1.154415409855101416e+03,-1.282196733427554136e-04
7.320000000000000284e+01,1.152954465589707297e+03,1.152954593830801514e+03,-1.282410942167189205e-04
7.329999999999999716e+01,1.151495401471873947e+03,1.151495529734153934e+03,-1.282622799863020191e-04
7.340000000000000568e+01,1.150038087180875436e+03,1.150038215464106315e+03,-1.282832308788783848e-04
7.350000000000000000e+01,1.148582520618180070e+03,1.148582648922126509e+03,-1.283039464397006668e-04
7.360000000000000853e+01,1.147128699687770677e+03,1.147128828012198483e+03,-1.283244278056372423e-04
7.370000000000000284e+01,1.145676622296145524e+03,1.145676750640821183e+03,-1.283446756588091375e-04
7.379999999999999716e+01,1.144226286352313082e+03,1.144226414717002854e+03,-1.283646897718426771e-04
7.390000000000000568e+01,1.142777689767788388e+03,1.142777818152260579e+03,-1.283844721911009401e-04
7.400000000000000000e+01,1.141330830456592594e+03,1.141330958860615056e+03,-1.284040224618365755e-04
7.410000000000000853e+01,1.139885706335248187e+03,1.139885834758588771e+03,-1.284233405840495834e-04
7.420000000000000284e+01,1.138442315322776267e+03,1.138442443765204416e+03,-1.284424281493556919e-04
7.429999999999999716e+01,1.137000655340693356e+03,1.137000783801978514e+03,-1.284612851577549009e-04
7.440000000000000568e+01,1.135560724313008677e+03,1.135560852792920514e+03,-1.284799118366208859e-04
7.450000000000000000e+01,1.134122520166221648e+03,1.134122648664530971e+03,-1.284983093228220241e-04
7.460000000000000853e+01,1.132686040829317562e+03,1.132686169345795861e+03,-1.285164782984793419e-04
7.470000000000000284e+01,1.131251284233766228e+03,1.131251412768184991e+03,-1.285344187635928392e-04
7.479999999999999716e+01,1.129818248313518325e+03,1.129818376865649270e+03,-1.285521309455361916e-04
7.490000000000000568e+01,1.128386931005001315e+03,1.128387059574616842e+03,-1.285696155264304252e-04
7.500000000000000000e+01,1.126957330247117852e+03,1.126957458833991950e+03,-1.285868740978912683e-04
7.510000000000000853e+01,1.125529443981243048e+03,1.125529572585148571e+03,-1.286039055230503436e-04
7.520000000000000284e+01,1.124103270151220386e+03,1.124103398771932007e+03,-1.286207116208970547e-04
7.529999999999999716e+01,1.122678806703359214e+03,1.122678935340651606e+03,-1.286372923914314015e-04
7.540000000000000568e+01,1.121256051586431795e+03,1.121256180240080312e+03,-1.286536485167744104e-04
7.550000000000000000e+01,1.119835002751670572e+03,1.119835131421451024e+03,-1.286697804516734323e-04
7.560000000000000853e+01,1.118415658152764991e+03,1.118415786838453414e+03,-1.286856884235021425e-04
7.570000000000000284e+01,1.116998015745858993e+03,1.116998144447232335e+03,-1.287013733417552430e-04
7.579999999999999716e+01,1.115582073489546929e+03,1.115582202206382135e+03,-1.287168352064327337e-04
7.590000000000000568e+01,1.114167829344871279e+03,1.114167958076946206e+03,-1.287320749270293163e-04
7.600000000000000000e+01,1.112755281275320840e+03,1.112755410022414480e+03,-1.287470936404133681e-04
7.610000000000000853e+01,1.111344427246825717e+03,1.111344556008716381e+03,-1.287618906644638628e-04
7.620000000000000284e+01,1.109935265227756190e+03,1.109935394004223554e+03,-1.287764673634228529e-04
7.629999999999999716e+01,1.108527793188918849e+03,1.108527921979742359e+03,-1.287908235099166632e-04
7.640000000000000568e+01,1.107122009103553410e+03,1.107122137908513196e+03,-1.288049597860663198e-04
7.650000000000000000e+01,1.105717910947330665e+03,1.105718039766207994e+03,-1.288188773287402000e-04
7.660000000000000853e+01,1.104315496698348625e+03,1.104315625530924763e+03,-1.288325761379383039e-04
7.670000000000000284e+01,1.102914764337131146e+03,1.102914893183187814e+03,-1.288460566684079822e-04
7.680000000000001137e+01,1.101515711846622935e+03,1.101515840705942765e+03,-1.288593198296439368e-04
7.690000000000000568e+01,1.100118337212188635e+03,1.100118466084554484e+03,-1.288723658490198432e-04
7.700000000000000000e+01,1.098722638421608281e+03,1.098722767306803235e+03,-1.288851949539093766e-04
7.710000000000000853e+01,1.097328613465074795e+03,1.097328742362883304e+03,-1.288978085085545899e-04
7.720000000000000284e+01,1.095936260335193310e+03,1.095936389245399141e+03,-1.289102058308344567e-04
7.730000000000001137e+01,1.094545577026973660e+03,1.094545705949361718e+03,-1.289223880576173542e-04
7.740000000000000568e+01,1.093156561537832658e+03,1.093156690472188302e+03,-1.289343556436506333e-04
7.750000000000000000e+01,1.091769211867587046e+03,1.091769340813696772e+03,-1.289461097258026712e-04
7.760000000000000853e+01,1.090383526018453722e+03,1.090383654976103116e+03,-1.289576493945787661e-04
7.770000000000000284e+01,1.088999501995044511e+03,1.088999630964020753e+03,-1.289689762415946461e-04
7.780000000000001137e+01,1.087617137804364347e+03,1.087617266784454841e+03,-1.289800904942239868e-04
7.790000000000000568e+01,1.086236431455808770e+03,1.086236560446801604e+03,-1.289909928345878143e-04
7.800000000000000000e+01,1.084857380961160516e+03,1.084857509962844233e+03,-1.290016837174334796e-04
7.810000000000000853e+01,1.083479984334586561e+03,1.083480113346749249e+03,-1.290121626880136319e-04
7.820000000000000284e+01,1.082104239592635622e+03,1.082104368615066733e+03,-1.290224311105703237e-04
7.830000000000001137e+01,1.080730144754234516e+03,1.080730273786724183e+03,-1.290324896672245814e-04
7.840000000000000568e+01,1.079357697840687251e+03,1.079357826883025609e+03,-1.290423383579764050e-04
7.850000000000000000e+01,1.077986896875669572e+03,1.077987025927647437e+03,-1.290519778649468208e-04
7.860000000000000853e+01,1.076617739885227593e+03,1.076617868946636008e+03,-1.290614084155095043e-04
7.870000000000000284e+01,1.075250224897775752e+03,1.075250353968406671e+03,-1.290706309191591572e-04
7.880000000000001137e+01,1.073884349944091127e+03,1.073884479023736958e+03,-1.290796458306431305e-04
7.890000000000000568e+01,1.072520113057314575e+03,1.072520242145767952e+03,-1.290884533773350995e-04
7.900000000000000000e+01,1.071157512272944587e+03,1.071157641369998828e+03,-1.290970542413560906e-04
7.910000000000000853e+01,1.069796545628835247e+03,1.069796674734284124e+03,-1.291054488774534548e-04
7.920000000000000284e+01,1.068437211165195095e+03,1.068437340278832380e+03,-1.291136372856271919e-04
7.930000000000001137e+01,1.067079506924581665e+03,1.067079636046202040e+03,-1.291216203753720038e-04
7.940000000000000568e+01,1.065723430951900809e+03,1.065723560081299638e+03,-1.291293988288089167e-04
7.950000000000000000e+01,1.064368981294402602e+03,1.064369110431375930e+03,-1.291369733280589571e-04
7.960000000000000853e+01,1.063016156001679974e+03,1.063016285146023392e+03,-1.291443434183747740e-04
7.970000000000000284e+01,1.061664953125663942e+03,1.061665082277174179e+03,-1.291515102366247447e-04
7.980000000000001137e+01,1.060315370720621786e+03,1.060315499879096024e+03,-1.291584742375562200e-04
7.990000000000000568e+01,1.058967406843155004e+03,1.058967536008390653e+03,-1.291652356485428754e-04
8.000000000000000000e+01,1.057621059552195447e+03,1.057621188723990599e+03,-1.291717951517057372e-04
8.010000000000000853e+01,1.056276326909002364e+03,1.056276456087155566e+03,-1.291781532017921563e-04
8.020000000000000284e+01,1.054933206977161262e+03,1.054933336161470834e+03,-1.291843095714284573e-04
8.030000000000001137e+01,1.053591697822578226e+03,1.053591827012844306e+03,-1.291902660796040436e-04
8.040000000000000568e+01,1.052251797513480369e+03,1.052251926709502641e+03,-1.291960222715715645e-04
8.050000000000000000e+01,1.050913504120411517e+03,1.050913633321990346e+03,-1.292015788294520462e-04
8.060000000000000853e+01,1.049576815716227884e+03,1.049576944923164092e+03,-1.292069362079928396e-04
8.070000000000000284e+01,1.048241730376098531e+03,1.048241859588193847e+03,-1.292120953166886466e-04
8.080000000000001137e+01,1.046908246177500359e+03,1.046908375394556060e+03,-1.292170557007921161e-04
8.090000000000000568e+01,1.045576361200215842e+03,1.045576490422034567e+03,-1.292218187245453009e-04
8.100000000000000000e+01,1.044246073526330520e+03,1.044246202752714453e+03,-1.292263839332008502e-04
8.110000000000000853e+01,1.042917381240229133e+03,1.042917510470982279e+03,-1.292307531457481673e-04
8.120000000000000284e+01,1.041590282428595856e+03,1.041590411663521081e+03,-1.292349252253188752e-04
8.130000000000001137e+01,1.040264775180407014e+03,1.040264904419309005e+03,-1.292389019909023773e-04
8.140000000000000568e+01,1.038940857586932680e+03,1.038940986829615895e+03,-1.292426832151249982e-04
8.150000000000000000e+01,1.037618527741731214e+03,1.037618656988000566e+03,-1.292462693527340889e-04
8.160000000000000853e+01,1.036297783740646764e+03,1.036297912990307623e+03,-1.292496608584770001e-04
8.170000000000000284e+01,1.034978623681808585e+03,1.034978752934667000e+03,-1.292528584144747583e-04
8.180000000000001137e+01,1.033661045665625352e+03,1.033661174921487827e+03,-1.292558624754747143e-04
8.190000000000000568e+01,1.032345047794784477e+03,1.032345177053458201e+03,-1.292586737235978944e-04
8.200000000000000000e+01,1.031030628174249614e+03,1.031030757435541545e+03,-1.292612919314706232e-04
8.210000000000000853e+01,1.029717784911255194e+03,1.029717914174973430e+03,-1.292637182359612780e-04
8.220000000000000284e+01,1.028406516115307340e+03,1.028406645381260205e+03,-1.292659528644435341e-04
8.230000000000001137e+01,1.027096819898178637e+03,1.027096949166174227e+03,-1.292679955895437161e-04
8.240000000000000568e+01,1.025788694373906537e+03,1.025788823643754313e+03,-1.292698477755038766e-04
8.250000000000000000e+01,1.024482137658789725e+03,1.024482266930299602e+03,-1.292715098770713666e-04
8.260000000000000853e+01,1.023177147871385955e+03,1.023177277144368304e+03,-1.292729823489935370e-04
8.270000000000000284e+01,1.021873723132510463e+03,1.021873852406775427e+03,-1.292742649638967123e-04
8.280000000000001137e+01,1.020571861565231075e+03,1.020571990840589478e+03,-1.292753584039019188e-04
8.290000000000000568e+01,1.019271561294866956e+03,1.019271690571130421e+03,-1.292762634648170206e-04
8.300000000000000000e+01,1.017972820448985544e+03,1.017972949725965918e+03,-1.292769803740156931e-04
8.310000000000000853e+01,1.016675637157399478e+03,1.016675766434909065e+03,-1.292775095862452872e-04
8.320000000000000284e+01,1.015380009552165006e+03,1.015380138830016676e+03,-1.292778516699399916e-04
8.330000000000001137e+01,1.014085935767577894e+03,1.014086065045584746e+03,-1.292780068524734816e-04
8.340000000000000568e+01,1.012793413940171718e+03,1.012793543218147875e+03,-1.292779761570272967e-04
8.350000000000000000e+01,1.011502442208715138e+03,1.011502571486474153e+03,-1.292777590151672484e-04
8.360000000000000853e+01,1.010213018714207919e+03,1.010213147991564711e+03,-1.292773567911353894e-04
8.370000000000000284e+01,1.008925141599880703e+03,1.008925270876650188e+03,-1.292767694849317195e-04
8.380000000000001137e+01,1.007638809011189778e+03,1.007638938287187671e+03,-1.292759978923641029e-04
8.390000000000000568e+01,1.006354019095816170e+03,1.006354148370858184e+03,-1.292750420134325395e-04
8.400000000000000000e+01,1.005070770003662233e+03,1.005070899277564763e+03,-1.292739025302580558e-04
8.410000000000000853e+01,1.003789059886849031e+03,1.003789189159428588e+03,-1.292725795565274893e-04
8.420000000000000284e+01,1.002508886899713843e+03,1.002509016170788186e+03,-1.292710743427960551e-04
8.430000000000001137e+01,1.001230249198807087e+03,1.001230378468193408e+03,-1.292693863206295646e-04
8.440000000000000568e+01,9.999531449428903898e+02,9.999532742104072440e+02,-1.292675168542700703e-04
8.450000000000000000e+01,9.986775722929335188e+02,9.986777015583992352e+02,-1.292654657163438969e-04
8.460000000000000853e+01,9.974035294121116522e+02,9.974036586753453548e+02,-1.292632337026589084e-04
8.470000000000000284e+01,9.961310144658026502e+02,9.961311437266238045e+02,-1.292608211542756180e-04
8.480000000000001137e+01,9.948600256215846684e+02,9.948601548798129670e+02,-1.292582282985677011e-04
8.490000000000000568e+01,9.935905610492337701e+02,9.935906903046895877e+02,-1.292554558176561841e-04
8.500000000000000000e+01,9.923226189207208563e+02,9.923227481732250226e+02,-1.292525041662884178e-04
8.510000000000000853e+01,9.910561974102085969e+02,9.910563266595821688e+02,-1.292493735718380776e-04
8.520000000000000284e+01,9.897912946940504071e+02,9.897914239401147825e+02,-1.292460643753656768e-04
8.530000000000001137e+01,9.885279089507855588e+02,9.885280381933629315e+02,-1.292425773726790794e-04
8.540000000000000568e+01,9.872660383611384987e+02,9.872661676000519719e+02,-1.292389134732729872e-04
8.550000000000000000e+01,9.860056811080161197e+02,9.860058103430876599e+02,-1.292350715402790229e-04
8.560000000000000853e+01,9.847468353765027587e+02,9.847469646075560377e+02,-1.292310532789997524e-04
8.570000000000000284e+01,9.834894993538607650e+02,9.834896285807194545e+02,-1.292268586894351756e-04
8.580000000000001137e+01,9.822336712295259531e+02,9.822338004520148615e+02,-1.292224889084536699e-04
8.590000000000000568e+01,9.809793491951055557e+02,9.809794784130486960e+02,-1.292179431402473710e-04
8.600000000000000000e+01,9.797265314443760644e+02,9.797266606575985861e+02,-1.292132225216846564e-04
8.610000000000000853e+01,9.784752161732790228e+02,9.784753453816066440e+02,-1.292083276211997145e-04
8.620000000000000284e+01,9.772254015799210265e+02,9.772255307831791242e+02,-1.292032580977320322e-04
8.630000000000001137e+01,9.759770858645679255e+02,9.759772150625832410e+02,-1.291980153155236621e-04
8.640000000000000568e+01,9.747302672296455057e+02,9.747303964222446666e+02,-1.291925991608877666e-04
8.650000000000000000e+01,9.734849438797346011e+02,9.734850730667448033e+02,-1.291870102022585343e-04
8.660000000000000853e+01,9.722411140215691603e+02,9.722412432028180547e+02,-1.291812488943833159e-04
8.670000000000000284e+01,9.709987758640345419e+02,9.709989050393498928e+02,-1.291753153509489493e-04
8.680000000000001137e+01,9.697579276181627392e+02,9.697580567873728796e+02,-1.291692101403896231e-04
8.690000000000000568e+01,9.685185674971324943e+02,9.685186966600668939e+02,-1.291629343995737145e-04
8.700000000000000000e+01,9.672806937162654322e+02,9.672808228727528785e+02,-1.291564874463801971e-04
8.710000000000000853e+01,9.660443044930224232e+02,9.660444336428924998e+02,-1.291498700766169350e-04
8.720000000000000284e+01,9.648093980470030147e+02,9.648095271900862144e+02,-1.291430831997786299e-04
8.730000000000001137e+01,9.635759725999419061e+02,9.635761017360687219e+02,-1.291361268158652820e-04
8.740000000000000568e+01,9.623440263757056528e+02,9.623441555047068050e+02,-1.291290011522505665e-04
8.750000000000000000e+01,9.611135576002924381e+02,9.611136867219994429e+02,-1.291217070047423476e-04
8.760000000000000853e+01,9.598845645018261621e+02,9.598846936160709902e+02,-1.291142448280879762e-04
8.770000000000000284e+01,9.586570453105570095e+02,9.586571744171715181e+02,-1.291066145086006145e-04
8.780000000000001137e+01,9.574309982588566754e+02,9.574311273576736312e+02,-1.290988169557749643e-04
8.790000000000000568e+01,9.562064215812176826e+02,9.562065506720700796e+02,-1.290908523969847010e-04
8.800000000000000000e+01,9.549833135142494029e+02,9.549834425969703489e+02,-1.290827209459166625e-04
8.810000000000000853e+01,9.537616722966756697e+02,9.537618013710991818e+02,-1.290744235120655503e-04
8.820000000000000284e+01,9.525414961693331861e+02,9.525416252352937363e+02,-1.290659605501787155e-04
8.830000000000001137e+01,9.513227833751678872e+02,9.513229124324998338e+02,-1.290573319465693203e-04
8.840000000000000568e+01,9.501055321592331211e+02,9.501056612077717318e+02,-1.290485386107320664e-04
8.850000000000000000e+01,9.488897407686874885e+02,9.488898698082681449e+02,-1.290395806563537917e-04
8.860000000000000853e+01,9.476754074527902958e+02,9.476755364832488340e+02,-1.290304585381818470e-04
8.870000000000000284e+01,9.464625304629020093e+02,9.464626594840747202e+02,-1.290211727109635831e-04
8.880000000000001137e+01,9.452511080524794806e+02,9.452512370642032238e+02,-1.290117237431331887e-04
8.890000000000000568e+01,9.440411384770737868e+02,9.440412674791859899e+02,-1.290021122031248524e-04
8.900000000000000000e+01,9.428326199943292067e+02,9.428327489866665019e+02,-1.289923372951307101e-04
8.910000000000000853e+01,9.416255508639781056e+02,9.416256798463792848e+02,-1.289824011792006786e-04
8.920000000000000284e+01,9.404199293478417303e+02,9.404200583201444488e+02,-1.289723027184663806e-04
8.930000000000001137e+01,9.392157537098240709e+02,9.392158826718670070e+02,-1.289620429361093557e-04
8.940000000000000568e+01,9.380130222159122013e+02,9.380131511675349429e+02,-1.289516227416243055e-04
8.950000000000000000e+01,9.368117331341727549e+02,9.368118620752146626e+02,-1.289410419076375547e-04
8.960000000000000853e+01,9.356118847347491965e+02,9.356120136650498580e+02,-1.289303006615227787e-04
8.970000000000000284e+01,9.344134752898594343e+02,9.344136042092594607e+02,-1.289194000264615170e-04
8.980000000000001137e+01,9.332165030737938878e+02,9.332166319821336629e+02,-1.289083397750800941e-04
8.990000000000000568e+01,9.320209663629120769e+02,9.320210952600331211e+02,-1.288971210442468873e-04
9.000000000000000000e+01,9.308268634356411440e+02,9.308269923213848642e+02,-1.288857437202750589e-04
9.010000000000000853e+01,9.296341925724725570e+02,9.296343214466807012e+02,-1.288742081442251219e-04
9.020000000000000284e+01,9.284429520559602906e+02,9.284430809184754025e+02,-1.288625151119049406e-04
9.030000000000001137e+01,9.272531401707176428e+02,9.272532690213821525e+02,-1.288506645096276770e-04
9.040000000000000568e+01,9.260647552034155296e+02,9.260648840420724355e+02,-1.288386569058275199e-04
9.050000000000000000e+01,9.248777954427786199e+02,9.248779242692720572e+02,-1.288264934373728465e-04
9.060000000000000853e+01,9.236922591795853350e+02,9.236923879937585298e+02,-1.288141731947689550e-04
9.070000000000000284e+01,9.225081447066633018e+02,9.225082735083608441e+02,-1.288016975422578980e-04
9.080000000000001137e+01,9.213254503188871922e+02,9.213255791079533310e+02,-1.287890661387791624e-04
9.090000000000000568e+01,9.201441743131772455e+02,9.201443030894571393e+02,-1.287762798938274500e-04
9.100000000000000000e+01,9.189643149884949480e+02,9.189644437518345512e+02,-1.287633396032106248e-04
9.110000000000000853e+01,9.177858706458436018e+02,9.177859993960879592e+02,-1.287502443574339850e-04
9.120000000000000284e+01,9.166088395882627538e+02,9.166089683252587292e+02,-1.287369959754869342e-04
9.130000000000001137e+01,9.154332201208274000e+02,9.154333488444211753e+02,-1.287235937752484460e-04
9.140000000000000568e+01,9.142590105506458258e+02,9.142591392606843783e+02,-1.287100385525263846e-04
9.150000000000000000e+01,9.130862091868553989e+02,9.130863378831862747e+02,-1.286963308757549385e-04
9.160000000000000853e+01,9.119148143406220015e+02,9.119149430230930875e+02,-1.286824710859946208e-04
9.170000000000000284e+01,9.107448243251373015e+02,9.107449529935965984e+02,-1.286684592969322694e-04
9.180000000000001137e+01,9.095762374556151144e+02,9.095763661099113051e+02,-1.286542961906889104e-04
9.190000000000000568e+01,9.084090520492903806e+02,9.084091806892723753e+02,-1.286399819946382195e-04
9.200000000000000000e+01,9.072432664254157544e+02,9.072433950509326905e+02,-1.286255169361538719e-04
9.210000000000000853e+01,9.060788789052595575e+02,9.060790075161611412e+02,-1.286109015836700564e-04
9.220000000000000284e+01,9.049158878121039606e+02,9.049160164082401252e+02,-1.285961361645604484e-04
9.230000000000001137e+01,9.037542914712413449e+02,9.037544200524624785e+02,-1.285812211335723987e-04
9.240000000000000568e+01,9.025940882099731652e+02,9.025942167761302244e+02,-1.285661570591400960e-04
9.250000000000000000e+01,9.014352763576056304e+02,9.014354049085502538e+02,-1.285509446233845665e-04
9.260000000000000853e+01,9.002778542454502713e+02,9.002779827810334154e+02,-1.285355831441847840e-04
9.270000000000000284e+01,8.991218202068191658e+02,8.991219487268929242e+02,-1.285200737584091257e-04
9.280000000000001137e+01,8.979671725770222110e+02,8.979673010814389045e+02,-1.285044166934312670e-04
9.290000000000000568e+01,8.968139096933676910e+02,8.968140381819799813e+02,-1.284886122903117212e-04
9.300000000000000000e+01,8.956620298951559107e+02,8.956621583678172556e+02,-1.284726613448583521e-04
9.310000000000000853e+01,8.945115315236802189e+02,8.945116599802437349e+02,-1.284565635160106467e-04
9.320000000000000284e+01,8.933624129222229158e+02,8.933625413625422880e+02,-1.284403193722027936e-04
9.330000000000001137e+01,8.922146724360526377e+02,8.922148008599825744e+02,-1.284239299366163323e-04
9.340000000000000568e+01,8.910683084124232209e+02,8.910684368198178618e+02,-1.284073946408170741e-04
9.350000000000000000e+01,8.899233192005700630e+02,8.899234475912847984e+02,-1.283907147353602340e-04
9.360000000000000853e+01,8.887797031517083042e+02,8.887798315255979560e+02,-1.283738896518116235e-04
9.370000000000000284e+01,8.876374586190312357e+02,8.876375869759518764e+02,-1.283569206407264573e-04
9.380000000000001137e+01,8.864965839577058659e+02,8.864967122975135680e+02,-1.283398077021047357e-04
9.390000000000000568e+01,8.853570775248732616e+02,8.853572058474238702e+02,-1.283225506085727829e-04
9.400000000000000000e+01,8.842189376796429769e+02,8.842190659847941561e+02,-1.283051511791200028e-04
9.410000000000000853e+01,8.830821627830941907e+02,8.830822910707024676e+02,-1.282876082768780179e-04
9.420000000000000284e+01,8.819467511982707038e+02,8.819468794681940835e+02,-1.282699233797757188e-04
9.430000000000001137e+01,8.808127012901794615e+02,8.808128295422752672e+02,-1.282520958056920790e-04
9.440000000000000568e+01,8.796800114257886207e+02,8.796801396599154259e+02,-1.282341268051823135e-04
9.450000000000000000e+01,8.785486799740244805e+02,8.785488081900409725e+02,-1.282160164919332601e-04
9.460000000000000853e+01,8.774187053057690946e+02,8.774188335035345290e+02,-1.281977654343791073e-04
9.470000000000000284e+01,8.762900857938598165e+02,8.762902139732329942e+02,-1.281793731777725043e-04
9.480000000000001137e+01,8.751628198130833880e+02,8.751629479739244744e+02,-1.281608410863555036e-04
9.490000000000000568e+01,8.740369057401770760e+02,8.740370338823460088e+02,-1.281421689327544300e-04
9.500000000000000000e+01,8.729123419538241251e+02,8.729124700771816379e+02,-1.281233575127771473e-04
9.510000000000000853e+01,8.717891268346528477e+02,8.717892549390592194e+02,-1.281044063716763048e-04
9.520000000000000284e+01,8.706672587652329867e+02,8.706673868505496330e+02,-1.280853166463202797e-04
9.530000000000001137e+01,8.695467361300743505e+02,8.695468641961629146e+02,-1.280660885640827473e-04
9.540000000000000568e+01,8.684275573156243127e+02,8.684276853623465513e+02,-1.280467222386505455e-04
9.550000000000000000e+01,8.673097207102650827e+02,8.673098487374835486e+02,-1.280272184658315382e-04
9.560000000000000853e+01,8.661932247043115467e+02,8.661933527118886786e+02,-1.280075771319388878e-04
9.570000000000000284e+01,8.650780676900100161e+02,8.650781956778083668e+02,-1.279877983506594319e-04
9.580000000000001137e+01,8.639642480615329987e+02,8.639643760294163712e+02,-1.279678833725483855e-04
9.590000000000000568e+01,8.628517642149812445e+02,8.628518921628132148e+02,-1.279478319702320732e-04
9.600000000000000000e+01,8.617406145483769251e+02,8.617407424760218646e+02,-1.279276449395183590e-04
9.610000000000000853e+01,8.606307974616647698e+02,8.606309253689865955e+02,-1.279073218256598921e-04
9.620000000000000284e+01,8.595223113567080873e+02,8.595224392435716254e+02,-1.278868635381513741e-04
9.630000000000001137e+01,8.584151546372863777e+02,8.584152825035569094e+02,-1.278662705317401560e-04
9.640000000000000568e+01,8.573093257090939687e+02,8.573094535546370025e+02,-1.278455430337999132e-04
9.650000000000000000e+01,8.562048229797371732e+02,8.562049508044179902e+02,-1.278246808169569704e-04
9.660000000000000853e+01,8.551016448587308787e+02,8.551017726624165789e+02,-1.278036857002007309e-04
9.670000000000000284e+01,8.539997897574999115e+02,8.539999175400561171e+02,-1.277825562056023045e-04
9.680000000000001137e+01,8.528992560893716472e+02,8.528993838506655720e+02,-1.277612939247774193e-04
9.690000000000000568e+01,8.518000422695778298e+02,8.518001700094769149e+02,-1.277398990850997507e-04
9.700000000000000000e+01,8.507021467152503647e+02,8.507022744336215965e+02,-1.277183712318219477e-04
9.710000000000000853e+01,8.496055678454191593e+02,8.496056955421308885e+02,-1.276967117291860632e-04
9.720000000000000284e+01,8.485103040810107586e+02,8.485104317559313358e+02,-1.276749205771920970e-04
9.730000000000001137e+01,8.474163538448452755e+02,8.474164814978430513e+02,-1.276529977758400491e-04
9.740000000000000568e+01,8.463237155616337759e+02,8.463238431925777832e+02,-1.276309440072509460e-04
9.750000000000000000e+01,8.452323876579774833e+02,8.452325152667368684e+02,-1.276087593851116253e-04
9.760000000000000853e+01,8.441423685623634583e+02,8.441424961488078225e+02,-1.275864443641694379e-04
9.770000000000000284e+01,8.430536567051641441e+02,8.430537842691637707e+02,-1.275639996265454101e-04
9.780000000000001137e+01,8.419662505186344106e+02,8.419663780600596965e+02,-1.275414252859263797e-04
9.790000000000000568e+01,8.408801484369091668e+02,8.408802759556307365e+02,-1.275187215696860221e-04
9.800000000000000000e+01,8.397953488960015420e+02,8.397954763918899062e+02,-1.274958883641374996e-04
9.810000000000000853e+01,8.387118503337992479e+02,8.387119778067262814e+02,-1.274729270335228648e-04
9.820000000000000284e+01,8.376296511900645783e+02,8.376297786399019287e+02,-1.274498373504684423e-04
9.830000000000001137e+01,8.365487499064307713e+02,8.365488773330504273e+02,-1.274266196560347453e-04
9.840000000000000568e+01,8.354691449263997356e+02,8.354692723296737995e+02,-1.274032740639086114e-04
9.850000000000000000e+01,8.343908346953398905e+02,8.343909620751414877e+02,-1.273798015972715802e-04
9.860000000000000853e+01,8.333138176604843466e+02,8.333139450166861479e+02,-1.273562018013763009e-04
9.870000000000000284e+01,8.322380922709282913e+02,8.322382196034038770e+02,-1.273324755857174750e-04
9.880000000000001137e+01,8.311636569776271699e+02,8.311637842862503476e+02,-1.273086231776687782e-04
9.890000000000000568e+01,8.300905102333939567e+02,8.300906375180389887e+02,-1.272846450319775613e-04
9.900000000000000000e+01,8.290186504928974500e+02,8.290187777534382576e+02,-1.272605408075833111e-04
9.910000000000000853e+01,8.279480762126589752e+02,8.279482034489705029e+02,-1.272363115276675671e-04
9.920000000000000284e+01,8.268787858510513615e+02,8.268789130630090085e+02,-1.272119576469776803e-04
9.930000000000001137e+01,8.258107778682965545e+02,8.258109050557754927e+02,-1.271874789381399751e-04
9.940000000000000568e+01,8.247440507264627740e+02,8.247441778893389710e+02,-1.271628761969623156e-04
9.950000000000000000e+01,8.236786028894631499e+02,8.236787300276121186e+02,-1.271381489686973509e-04
9.960000000000000853e+01,8.226144328230517431e+02,8.226145599363503607e+02,-1.271132986175871338e-04
9.970000000000000284e+01,8.215515389948239999e+02,8.215516660831490299e+02,-1.270883250299448264e-04
9.980000000000001137e+01,8.204899198742126600e+02,8.204900469374412069e+02,-1.270632285468309419e-04
9.990000000000000568e+01,8.194295739324861643e+02,8.194297009704953325e+02,-1.270380091682454804e-04
1.000000000000000000e+02,8.183704996427459264e+02,8.183706266554135027e+02,-1.270126675763094681e-04
